Unnamed: 0,prism:url,dc:identifier,eid,dc:title,dc:creator,prism:publicationName,prism:doi,prism:aggregationType,subtype,subtypeDescription,dc:description,is_invalid,reason,is_invalid_4o,reason_4o,manual_label,model_or_science,msreason,model_or_science_4o,msreason_4o
0,https://api.elsevier.com/content/abstract/scopus_id/85202713320,SCOPUS_ID:85202713320,2-s2.0-85202713320,Accelerating the discovery of type Ⅱ photosensitizer: Experimentally validated machine learning models for predicting the singlet oxygen quantum yield of photosensitive molecule,He L.,Journal of Molecular Structure,10.1016/j.molstruc.2024.139850,Journal,ar,Article,"Photodynamic therapy (PDT) is an emerging cancer treatment that mainly relies on photosensitizer (PS) to generate singlet oxygen for tumor destruction. Developing PSs with high singlet oxygen quantum yields (SO-QYs) requires extensive experimentation, limiting their rapid screening. Herein, to streamline this process, this study introduces several machine learning (ML) models that accurately predicts SO-QY across various experimental conditions. The models’ establishment is based on two feature matrices derived from Morgan fingerprints (MFPs) and descriptors (molecular descriptors and quantum chemical descriptors, MD_QCDs). Comparative and evaluative results indicate that the XGBoost model constructed with MFPs and the AdaBoost model constructed with MD_QCDs exhibit superior predictive performance, with R2 values of 0.8648 and 0.8460, respectively. Furthermore, by utilizing SHapley Additive exPlanations (SHAP) analysis and quantum chemistry, we analyzed that the iodine atoms and larger conjugated systems significantly influenced the SO-QY. Experimental validation, based on this analysis, demonstrates that our models not only possess excellent predictive capabilities but also exhibit strong interpretability. In summary, this work has established several interpretable models with outstanding predictive performance, which can aid in the more rapid screening of PSs, thus promoting their application in PDT.",True,"The abstract describes the use of SHAP analysis to identify that iodine atoms and larger conjugated systems significantly influence the singlet oxygen quantum yield (SO-QY). This indicates that the research is not merely focused on model behavior but is drawing insights about the underlying chemical processes that affect SO-QY. The explanations provided by SHAP help in understanding which molecular features contribute to the phenomenon being studied, thus aiding in scientific discovery.
",True,"Step-by-step analysis:

1. **Title Analysis**:
   - The title suggests the use of machine learning models to predict the singlet oxygen quantum yield (SO-QY) of photosensitive molecules.
   - It mentions ""experimentally validated machine learning models,"" indicating a focus on prediction accuracy.

2. **Abstract Analysis**:
   - The abstract describes the development of ML models to predict SO-QY.
   - It mentions the use of SHAP analysis to understand the influence of specific features (iodine atoms and larger conjugated systems) on SO-QY.
   - The SHAP analysis is used to derive insights about the chemical features that significantly influence SO-QY.
   - The insights derived from SHAP analysis are experimentally validated, suggesting that the explanations are used to understand the underlying chemical processes.

3. **Insight Evaluation**:
   - The SHAP analysis identifies that iodine atoms and larger conjugated systems significantly influence SO-QY.
   - These insights are related to the chemical properties and behavior of the photosensitive molecules, not just the model's behavior.

4. **Conclusion**:
   - The explanations provided by SHAP analysis help understand the underlying chemical processes that affect SO-QY, rather than just explaining the model's behavior.
",,True,"In the provided abstract, the researchers utilize SHAP analysis to identify which features (specifically, iodine atoms and larger conjugated systems) significantly influence the singlet oxygen quantum yield (SO-QY) of photosensitive molecules. This analysis is not merely for understanding the model's predictions but is explicitly tied to experimental validation, suggesting that the insights gained from the model explanations are being used to inform and guide further experimental work. The researchers claim that their findings can accelerate the discovery of effective photosensitizers for photodynamic therapy, indicating a direct application of the model explanations to understand and potentially discover new scientific phenomena related to photosensitizers.

Given that the explanations are being used to derive insights about the underlying chemical processes and to validate experimental results, this indicates a use of the model explanations for scientific discovery rather than just for model interpretability.
",True,"Step-by-step analysis:

1. **Title Analysis**: The title suggests that the focus is on accelerating the discovery of photosensitizers using machine learning models. It mentions experimentally validated models for predicting singlet oxygen quantum yield (SO-QY).

2. **Abstract Analysis**:
   - **Objective**: The primary goal is to streamline the process of developing photosensitizers with high SO-QYs using machine learning models.
   - **Model Development**: The study introduces several ML models based on feature matrices derived from Morgan fingerprints (MFPs) and molecular descriptors (MD_QCDs).
   - **Performance Metrics**: The models' predictive performance is highlighted with R2 values, indicating their accuracy.
   - **SHAP Analysis**: The researchers use SHapley Additive exPlanations (SHAP) to analyze the influence of specific features (iodine atoms and larger conjugated systems) on SO-QY.
   - **Experimental Validation**: The abstract mentions that the models' predictions were experimentally validated, demonstrating both predictive capabilities and interpretability.
   - **Conclusion**: The work aims to aid in the rapid screening of photosensitizers for photodynamic therapy.

3. **Model Explanations**:
   - The SHAP analysis is used to identify which features (iodine atoms and larger conjugated systems) significantly influence the SO-QY.
   - This analysis is then experimentally validated, suggesting that the researchers are using the model explanations to make new claims about the influence of these features on SO-QY.

4. **Determination**:
   - The researchers are not just using the model explanations to understand the model but are also making new claims about the natural process (influence of iodine atoms and larger conjugated systems on SO-QY) and validating these claims experimentally.

Conclusion: The researchers are using model explanations to make new scientific claims about the natural process, which they then validate experimentally.
"
15,https://api.elsevier.com/content/abstract/scopus_id/85192880434,SCOPUS_ID:85192880434,2-s2.0-85192880434,Identifying regions of importance in wall-bounded turbulence through explainable deep learning,Cremades A.,Nature Communications,10.1038/s41467-024-47954-6,Journal,ar,Article,"Despite its great scientific and technological importance, wall-bounded turbulence is an unresolved problem in classical physics that requires new perspectives to be tackled. One of the key strategies has been to study interactions among the energy-containing coherent structures in the flow. Such interactions are explored in this study using an explainable deep-learning method. The instantaneous velocity field obtained from a turbulent channel flow simulation is used to predict the velocity field in time through a U-net architecture. Based on the predicted flow, we assess the importance of each structure for this prediction using the game-theoretic algorithm of SHapley Additive exPlanations (SHAP). This work provides results in agreement with previous observations in the literature and extends them by revealing that the most important structures in the flow are not necessarily the ones with the highest contribution to the Reynolds shear stress. We also apply the method to an experimental database, where we can identify structures based on their importance score. This framework has the potential to shed light on numerous fundamental phenomena of wall-bounded turbulence, including novel strategies for flow control.",True,"1. The research uses explainable deep learning to assess the importance of coherent structures in wall-bounded turbulence.
2. The insights drawn from the SHAP analysis reveal that the most important structures for predicting the velocity field are not necessarily those contributing the most to Reynolds shear stress.
3. This indicates that the explanations provided by the model help to understand the underlying processes of turbulence, rather than just the model behavior.
",True,"1. The study uses an explainable deep-learning method to analyze wall-bounded turbulence.
2. The U-net architecture predicts the velocity field in time.
3. SHAP is used to assess the importance of each structure for the prediction.
4. The results align with previous observations and extend them by identifying important structures not necessarily contributing the most to Reynolds shear stress.
5. The method is applied to an experimental database to identify structures based on their importance score.
6. The framework aims to shed light on fundamental phenomena of wall-bounded turbulence.

The explanations provided by SHAP help understand the underlying processes of wall-bounded turbulence, not just the model behavior.
",,True,"In the provided abstract, the researchers utilize an explainable deep-learning method to analyze wall-bounded turbulence, a complex phenomenon in classical physics. They employ SHAP to assess the importance of various structures in the flow, which allows them to make claims about the relationships between these structures and their contributions to the Reynolds shear stress. The researchers explicitly state that their findings extend previous observations in the literature and reveal new insights about the importance of certain structures, indicating that they are using the model explanations to gain a deeper understanding of the underlying physical processes.

The use of SHAP in this context is not merely for model interpretability or deployment; rather, it serves as a tool to uncover and validate scientific phenomena related to turbulence. The researchers are making new claims about the nature of wall-bounded turbulence based on the insights gained from the model, which suggests that they are engaging in scientific discovery.

Therefore, the explanations provided by the model are being used to further scientific understanding rather than just to aid in model deployment.
",True,"Step 1: **Understanding the Abstract**  
The abstract discusses the use of explainable deep learning to study wall-bounded turbulence, a complex problem in classical physics. The researchers use a U-net architecture to predict the velocity field in a turbulent channel flow and employ SHAP to assess the importance of different structures in the flow.

Step 2: **Identifying the Purpose of Model Explanations**  
The researchers use SHAP to determine the importance of various structures in the flow for the model's predictions. They compare these findings with previous observations and extend them by identifying that the most important structures for prediction are not necessarily those with the highest contribution to Reynolds shear stress.

Step 3: **Evaluating the Claims**  
The abstract states that the results are in agreement with previous literature and extend these observations. The researchers claim that their framework can shed light on fundamental phenomena of wall-bounded turbulence and suggest novel strategies for flow control.

Step 4: **Determining the Use of Explanations**  
The researchers are using SHAP not just to understand the model but to make new claims about the importance of different structures in wall-bounded turbulence. They suggest that their findings have implications for understanding fundamental phenomena and for developing new flow control strategies.

Conclusion: The researchers are using model explanations to make new scientific claims about the natural process of wall-bounded turbulence. They are not merely using the explanations to aid in deploying their ML system or making predictions.
"
35,https://api.elsevier.com/content/abstract/scopus_id/85202348912,SCOPUS_ID:85202348912,2-s2.0-85202348912,What controls hydrology? An assessment across the contiguous United States through an interpretable machine learning approach,Li K.,Journal of Hydrology,10.1016/j.jhydrol.2024.131835,Journal,ar,Article,"Machine learning (ML) is increasingly perceived as a futuristic, superior data-driven approach to scientific discovery. It has already demonstrated remarkable performance in forecasting and prediction, yet its role in enhancing our understanding of hydrological processes remains underexplored. Traditional hydrological interpretations have relied heavily on model-dependent interpretation methods, focusing on the predictive accuracy of ML model predictions. Since hydrological models are built on a collection of assumptions and simplifications, model-dependent approaches might suffer from limited model realism, adequacy, accuracy, and equifinality issues. To address this gap, this study provides an ML approach that works in a model-independent context, working directly on hydroclimatic data collected through monitoring systems. We apply our model-independent interpretation approach to a carefully designed set of hydrologic data collected across the contiguous United States to address the following questions: (1) What are the primary controls of runoff-generation mechanisms, and how can such controls be attributed to catchment properties? (2) How and under what circumstances can the history of climate variables, such as precipitation, be a surrogate for present-time state variables, such as soil moisture and snowpack? We show that the ML approach aids in distinguishing catchments characterized by strong overland flow, interflow, or baseflow components and those primarily driven by rainfall, snowmelt, or a mix thereof. We further show that typical surrogate variables used in hydrology may come short in representing the dynamics of catchments that exhibit a complex interplay of rain and snow.",True,"The abstract describes a study that uses an interpretable machine learning approach to analyze hydrological processes across the contiguous United States. The focus is on understanding the primary controls of runoff-generation mechanisms and the relationship between historical climate variables and present-time state variables. The study aims to distinguish between different types of catchment behaviors and their driving factors, which suggests that the insights drawn are related to the underlying hydrological processes rather than just the behavior of the machine learning model itself. 

The explanations provided by the ML approach are aimed at understanding the dynamics of hydrological systems, such as the interplay of rain and snow, rather than merely explaining the model's predictions. Therefore, the insights contribute to a deeper understanding of the underlying phenomena.
",True,"Step-by-step analysis:

1. **Objective**: The study aims to understand hydrological processes, specifically the primary controls of runoff-generation mechanisms and the circumstances under which climate variables can act as surrogates for state variables.

2. **Approach**: The study uses a model-independent ML approach, working directly on hydroclimatic data rather than relying on traditional hydrological models.

3. **Insights**: 
   - The study identifies primary controls of runoff-generation mechanisms and attributes them to catchment properties.
   - It distinguishes between catchments characterized by different flow components (overland flow, interflow, baseflow) and those driven by different sources (rainfall, snowmelt, or a mix).
   - It evaluates the effectiveness of surrogate variables in representing the dynamics of complex catchments.

4. **Explanation of ML Model**: The abstract does not focus on explaining the behavior of the ML model itself but rather on using the ML model to derive insights about hydrological processes.

5. **Understanding Underlying Processes**: The explanations provided help in understanding the underlying hydrological processes, such as the controls of runoff-generation and the dynamics of catchments.

Conclusion: The explanations help understand the underlying processes.
",,True,"The abstract discusses the use of an interpretable machine learning approach to understand hydrological processes across the contiguous United States. The researchers aim to identify the primary controls of runoff-generation mechanisms and how climate variables relate to current state variables. They emphasize that their approach is model-independent and focuses on hydroclimatic data, which suggests an intention to derive insights about natural processes rather than merely improving model predictions.

The researchers explicitly state that they are addressing questions related to the controls of hydrology and the dynamics of catchments, indicating that they are using the model explanations to make new claims about hydrological processes. This suggests that the explanations are being used to enhance understanding of scientific phenomena rather than just to aid in deploying the ML system.

Given this analysis, the explanations are being used for scientific discovery.
",True,"Step-by-step analysis:

1. **Title Analysis**: The title suggests an assessment of hydrology across the United States using an interpretable machine learning approach. This indicates a focus on understanding hydrological processes.

2. **Abstract Analysis**:
   - **Introduction**: The abstract begins by discussing the role of ML in scientific discovery and its performance in forecasting and prediction. It mentions that the understanding of hydrological processes through ML is underexplored.
   - **Problem Statement**: The researchers highlight the limitations of traditional hydrological models, which rely on assumptions and simplifications, potentially leading to issues with realism, adequacy, accuracy, and equifinality.
   - **Objective**: The study aims to provide an ML approach that works in a model-independent context, directly on hydroclimatic data, to understand hydrological processes.
   - **Research Questions**: The researchers aim to address specific questions about the primary controls of runoff-generation mechanisms and the circumstances under which climate variables can be surrogates for state variables.
   - **Findings**: The study shows that the ML approach helps distinguish different types of catchments and the dynamics of rain and snow interplay.

3. **Interpretation of Findings**:
   - The researchers use the ML approach to identify primary controls of runoff-generation mechanisms and the dynamics of catchments.
   - They make claims about the limitations of surrogate variables in representing catchment dynamics.

4. **Conclusion**: The researchers are using the model explanations to make new claims about hydrological processes, such as the primary controls of runoff-generation mechanisms and the interplay of rain and snow in catchments.

Based on the abstract, the researchers are explicitly using model explanations to make new claims about natural processes and scientific phenomena.
"
36,https://api.elsevier.com/content/abstract/scopus_id/85201775647,SCOPUS_ID:85201775647,2-s2.0-85201775647,Enhancing arsenate removal through interpretable machine learning guiding the modular design of metal–organic frameworks,Lin Z.,Chemical Engineering Journal,10.1016/j.cej.2024.155058,Journal,ar,Article,"The modular design of metal–organic frameworks (MOFs) for enhancing arsenate (As(V)) adsorption remains a challenge. We have developed twelve interpretable machine learning prediction models by integrating six decision tree-based algorithms with two molecular fingerprints, Morgan and MACCS. The optimal XGBoost-Morgan model, with its high determination coefficient of 0.97 and low root mean square error of 11.78, not only demonstrates excellent prediction and generalization capabilities in As(V) adsorption capacity, but also validates the feasibility of modeling concepts by feature engineering adopted in this work. Our comprehensive model interpretation initiates with the molecular fragment composition of the organic linkers, the secondary building units, and the topological nets, that constitute MOFs, and structure parameters. It culminates in the proposal of a reticular chemistry design scheme specifically tailored for the adsorption of As(V) by MOFs. Furthermore, it delineates the optimal environmental conditions conducive to effective As(V) adsorption. We anticipate that our MOF design strategy will be extensively applicable to the target removal of pollutants.",True,"The research abstract describes the development of interpretable machine learning models to predict arsenate adsorption capacity in metal-organic frameworks (MOFs). It mentions that the model interpretation begins with the molecular fragment composition and culminates in a design scheme for MOFs tailored for arsenate adsorption. The focus on molecular fragments and structural parameters suggests that the insights drawn from the model are aimed at understanding the underlying chemical processes involved in arsenate removal, rather than merely explaining the model's behavior.

Thus, the explanations provided do help in understanding the underlying processes related to arsenate adsorption.
",True,"Step-by-step analysis:

1. **Model Development**: The research involves developing interpretable machine learning models to predict arsenate adsorption capacity in metal–organic frameworks (MOFs).
2. **Model Performance**: The optimal model (XGBoost-Morgan) shows high prediction accuracy.
3. **Model Interpretation**: The interpretation focuses on the molecular fragment composition of organic linkers, secondary building units, topological nets, and structure parameters of MOFs.
4. **Design Scheme**: The interpretation leads to a reticular chemistry design scheme for MOFs tailored for arsenate adsorption.
5. **Environmental Conditions**: The study also identifies optimal environmental conditions for effective arsenate adsorption.

Conclusion: The explanations derived from the model interpretation provide insights into the molecular and structural factors influencing arsenate adsorption, which helps in understanding the underlying process of adsorption rather than just explaining the model's behavior.
",,True,"In the provided abstract, the researchers describe the development of interpretable machine learning models to enhance arsenate removal through the design of metal-organic frameworks (MOFs). They emphasize the use of model interpretations to understand the molecular fragment composition and structural parameters of the MOFs, which are critical for optimizing arsenate adsorption. The explanations derived from the models are not merely for understanding the model's predictions; they are actively used to inform the design of new MOFs and to propose a reticular chemistry design scheme tailored for arsenate adsorption.

The researchers are making new claims about the underlying chemical processes and how specific structural features of MOFs can influence their effectiveness in removing arsenate. This indicates that the model explanations are being used to gain insights into the scientific phenomena of arsenate adsorption rather than just for model validation or deployment.

Given this analysis, the explanations are being used for scientific discovery.
",True,"Let's break down the abstract step by step:

1. **Objective**: The researchers aim to enhance arsenate (As(V)) adsorption using metal–organic frameworks (MOFs).
2. **Methodology**: They developed twelve interpretable machine learning models using six decision tree-based algorithms and two molecular fingerprints (Morgan and MACCS).
3. **Model Performance**: The optimal model (XGBoost-Morgan) shows high prediction accuracy and generalization capabilities.
4. **Model Interpretation**: The researchers interpret the model by examining the molecular fragment composition of organic linkers, secondary building units, topological nets, and structure parameters.
5. **Application of Interpretation**: They use these interpretations to propose a reticular chemistry design scheme tailored for As(V) adsorption by MOFs and to delineate optimal environmental conditions for effective adsorption.

**Analysis**:
- The researchers are not just using the model explanations to understand the model's predictions. They are explicitly using the insights gained from the model interpretations to propose new design schemes and optimal conditions for As(V) adsorption.
- This indicates that they are making new scientific claims based on the model explanations, specifically in the design and environmental conditions for MOFs.

Given this detailed analysis, it is clear that the researchers are using model explanations to make new scientific discoveries about the design and functionality of MOFs for arsenate removal.
"
44,https://api.elsevier.com/content/abstract/scopus_id/85198531068,SCOPUS_ID:85198531068,2-s2.0-85198531068,Probing nitro(so) and chloro byproducts and their precursors in natural organic matter during UV/NH<inf>2</inf>Cl treatment by FT-ICR MS with machine learning insights,Li J.,Water Research,10.1016/j.watres.2024.122097,Journal,ar,Article,"The UV/monochloramine (UV/NH2Cl) process, while efficiently eliminating micropollutants, produces toxic byproducts. This study utilized Fourier transform ion cyclotron resonance mass spectrometry (FT-ICR MS) to investigate molecular-level changes in natural organic matter (NOM) and to disclose formation pathways of nitro(so) and chloro byproducts in the UV/NH2Cl process. The UV/NH2Cl process significantly increased the saturation and oxidation levels and altered the elemental composition of NOM. Using 15N labeling and a screening workflow, nitro(so) byproducts with nitrogen originating from inorganic sources (i.e., reactive nitrogen species (RNS) and/or NH2Cl) were found to exhibit total intensities comparable to those from NOM. RNS, rather than NH2Cl, played a significant role in incorporating nitrogen into NOM. Through linkage analysis, nitro(so) addition emerged as an important reaction type among the 25 reaction types applied. By using phenol as a representative model compound, the nitro byproducts were confirmed to be mainly generated through the oxidation of nitroso byproducts instead of nitration. Machine learning and SHAP analysis further identified the major molecular indices distinguishing nitro(so) and chloro precursors from non-precursors. This study enhances our fundamental understanding of the mechanisms driving the generation of nitro(so) and chloro byproducts from their precursors in complex NOM during the UV/NH2Cl process.",True,"The abstract describes a study that uses machine learning and SHAP analysis to identify major molecular indices that distinguish nitro(so) and chloro precursors from non-precursors. While the use of SHAP suggests that there is an explanation of model behavior, the focus of the research is on understanding the underlying chemical processes involved in the formation of byproducts from natural organic matter during the UV/NH2Cl treatment. The insights drawn from the machine learning analysis contribute to a deeper understanding of the mechanisms driving these chemical reactions, rather than merely explaining the model itself.

True
",True,"Step-by-step analysis:

1. **Research Focus**: The study investigates molecular-level changes in natural organic matter (NOM) and the formation pathways of nitro(so) and chloro byproducts during the UV/NH2Cl process.
2. **Use of Machine Learning**: The abstract mentions the use of machine learning and SHAP analysis.
3. **Purpose of SHAP Analysis**: The SHAP analysis is used to identify major molecular indices that distinguish nitro(so) and chloro precursors from non-precursors.
4. **Insights from SHAP Analysis**: The insights from SHAP analysis are used to enhance the understanding of the mechanisms driving the generation of nitro(so) and chloro byproducts.

Conclusion: The SHAP analysis is used to explain the underlying processes of byproduct formation, not just the model behavior.
",,True,"In the provided abstract, the researchers utilize machine learning and SHAP analysis to identify major molecular indices that distinguish nitro(so) and chloro precursors from non-precursors. While they mention using machine learning insights, the focus of the study is on understanding the mechanisms driving the generation of byproducts from their precursors in natural organic matter (NOM) during the UV/NH2Cl process. The explanations derived from the model are used to enhance their understanding of the underlying chemical processes, rather than merely to improve model predictions or deployment.

The researchers explicitly connect the findings from the SHAP analysis to the formation pathways and molecular-level changes in NOM, indicating that the insights gained are contributing to scientific discovery about the natural processes involved in the UV/NH2Cl treatment.

Given this context, the explanations are being used to make new claims about the underlying scientific phenomena rather than just for model interpretation.
",True,"Step 1: The abstract describes the use of Fourier transform ion cyclotron resonance mass spectrometry (FT-ICR MS) to investigate molecular-level changes in natural organic matter (NOM) during the UV/NH2Cl process.

Step 2: The study identifies the formation pathways of nitro(so) and chloro byproducts, noting significant changes in the saturation, oxidation levels, and elemental composition of NOM.

Step 3: The researchers use 15N labeling and a screening workflow to determine the origins of nitrogen in nitro(so) byproducts, finding that reactive nitrogen species (RNS) play a significant role.

Step 4: The study employs linkage analysis to identify nitro(so) addition as an important reaction type among 25 reaction types.

Step 5: Machine learning and SHAP analysis are used to identify major molecular indices distinguishing nitro(so) and chloro precursors from non-precursors.

Step 6: The abstract concludes that the study enhances the fundamental understanding of the mechanisms driving the generation of nitro(so) and chloro byproducts from their precursors in complex NOM during the UV/NH2Cl process.

Analysis: The researchers are using machine learning and SHAP analysis to identify molecular indices that distinguish different types of precursors. This information is then used to make new claims about the mechanisms driving the generation of byproducts. The explanations provided by the model are directly contributing to the scientific understanding of the natural processes involved.
"
64,https://api.elsevier.com/content/abstract/scopus_id/85194383710,SCOPUS_ID:85194383710,2-s2.0-85194383710,Machine learning prediction on wetland succession and the impact of artificial structures from a decade of field data,Tseng K.Y.,Science of the Total Environment,10.1016/j.scitotenv.2024.173426,Journal,ar,Article,"The artificial structures can influence wetland topology and sediment properties, thereby shaping plant distribution and composition. Macrobenthos composition was correlated with plant cover. Previous studies on the impact of artificial structures on plant distribution are scarce in incorporating time-series data or extended field surveys. In this study, a machine-learning-based species distribution model with decade-long observation was analyzed to investigate the correlation between the shift in the distribution of B. planiculmis, artificial structure-induced elevation changes and the expansion of other plants, as well as their connection to soil properties and crab composition dynamics under plants in Gaomei Wetland. Long short-term memory model (LSTM) with Shapley additive explanations (SHAP) was employed for predicting the distribution of B. planiculmis and explaining feature importance. The results indicated that wetland topology was influenced by both artificial structures and plants. Areas initially colonized by B. planiculmis were replaced by other species. Soil properties showed significant differences among plant patches; however, principal component analysis (PCA) of sediment properties and niche similarity analysis showed that the niche of plants was overlapped. Crab composition was different under different plants. The presence probability of B. planiculmis near woody paths decreased according to LSTM and field survey data. SHAP analysis suggested that the distribution of other plants, historical distribution of B. planiculmis and sediment properties significantly contributed to the presence probability of B. planiculmis. A sharp decrease in SHAP values with increasing NDVI at suitable elevations, overlap in PCA of sediment properties and niche similarity indicated potential competition among plants. This decade-long time-series field survey revealed the joint effects of artificial structure and vegetation on the topology and soil properties dynamics. These changes influenced the plant distribution through potential plant competition. LSTM with SHAP provided valuable insights in the underlying the mechanisms of artificial structure effects on the plant zonation process.",True,"The research abstract describes the use of a machine learning model (LSTM) combined with SHAP to analyze the distribution of a specific plant species (B. planiculmis) in relation to artificial structures and other ecological factors. While SHAP is typically used to explain model predictions, in this context, it is employed to identify significant factors influencing plant distribution, such as soil properties and competition among species. The insights drawn from SHAP analysis, such as the relationship between plant competition and environmental factors, contribute to understanding the underlying ecological processes rather than merely explaining the model's behavior.
",True,"Step-by-step analysis:

1. **Objective**: The study aims to investigate the correlation between the shift in the distribution of B. planiculmis, artificial structure-induced elevation changes, and the expansion of other plants, as well as their connection to soil properties and crab composition dynamics.

2. **Methodology**: 
   - Uses a Long Short-Term Memory (LSTM) model for predicting the distribution of B. planiculmis.
   - Employs Shapley Additive Explanations (SHAP) to explain feature importance.

3. **Insights from SHAP**:
   - SHAP analysis suggested that the distribution of other plants, historical distribution of B. planiculmis, and sediment properties significantly contributed to the presence probability of B. planiculmis.
   - A sharp decrease in SHAP values with increasing NDVI at suitable elevations, overlap in PCA of sediment properties, and niche similarity indicated potential competition among plants.

4. **Understanding Underlying Processes**:
   - The study uses SHAP to identify significant features affecting the distribution of B. planiculmis.
   - The insights from SHAP (e.g., the role of other plants, historical distribution, and sediment properties) help understand the underlying ecological processes, such as plant competition and the impact of artificial structures on wetland topology and soil properties.

Conclusion: The explanations provided by SHAP in this study help understand the underlying ecological processes rather than just the model behavior.
",,True,"The researchers in this study utilize SHAP to explain the feature importance related to the distribution of B. planiculmis and its interactions with artificial structures and other environmental factors. They analyze how various factors, such as soil properties and plant competition, influence the presence probability of B. planiculmis. The use of SHAP analysis to identify significant contributors to plant distribution suggests that the researchers are not merely using the model explanations for operational purposes but are also drawing insights about ecological dynamics and interactions.

The abstract indicates that the researchers are making claims about the underlying mechanisms of plant zonation processes influenced by artificial structures, which implies a deeper understanding of the natural processes at play. They discuss the implications of their findings in terms of ecological competition and the effects of artificial structures on wetland topology, indicating that they are using the model explanations to inform scientific understanding rather than just for model validation or deployment.

Given this analysis, the researchers are indeed using the explanations to contribute to scientific discovery regarding wetland ecology and plant interactions.
",True,"Let's break down the abstract step by step:

1. **Research Context**: The study focuses on the impact of artificial structures on wetland topology, sediment properties, and plant distribution over a decade.

2. **Machine Learning Model**: The researchers used a Long Short-Term Memory (LSTM) model to predict the distribution of B. planiculmis and employed Shapley additive explanations (SHAP) to explain feature importance.

3. **Findings**:
   - The LSTM model predicted the distribution of B. planiculmis.
   - SHAP analysis indicated that the distribution of other plants, historical distribution of B. planiculmis, and sediment properties significantly contributed to the presence probability of B. planiculmis.
   - The study found a sharp decrease in SHAP values with increasing NDVI at suitable elevations, suggesting potential competition among plants.

4. **Interpretation**:
   - The researchers used SHAP to identify important features influencing the model's predictions.
   - They correlated these features with field survey data to draw conclusions about the influence of artificial structures and vegetation on wetland topology and soil properties.

5. **Claims**:
   - The researchers claim that the joint effects of artificial structures and vegetation influence plant distribution through potential competition.
   - They state that LSTM with SHAP provided valuable insights into the underlying mechanisms of artificial structure effects on the plant zonation process.

**Analysis**:
- The researchers are using SHAP to interpret the model's predictions and identify important features.
- They are correlating these features with field data to make claims about natural processes (e.g., plant competition, influence of artificial structures).
- The use of SHAP is not just to understand the model but to draw new scientific conclusions about the wetland ecosystem.

Given the explicit use of SHAP explanations to make new claims about the underlying natural processes, it is clear that the researchers are using model explanations for scientific discovery.
"
66,https://api.elsevier.com/content/abstract/scopus_id/85195087825,SCOPUS_ID:85195087825,2-s2.0-85195087825,"Construction of an antidepressant priority list based on functional, environmental, and health risks using an interpretable mixup-transformer deep learning model",Sun P.,Journal of Hazardous Materials,10.1016/j.jhazmat.2024.134651,Journal,ar,Article,"As emerging pollutants, antidepressants (AD) must be urgently investigated for risk identification and assessment. This study constructed a comprehensive-effect risk-priority screening system (ADRank) for ADs by characterizing AD functionality, occurrence, persistence, bioaccumulation and toxicity based on the integrated assignment method. A classification model for ADs was constructed using an improved mixup-transformer deep learning method, and its classification accuracy was compared with those of other models. The accuracy of the proposed model improved by up to 23.25 % compared with the random forest model, and the reliability was 80 % more than that of the TOPSIS method. A priority screening candidate list was proposed to screen 33 high-priority ADs. Finally, SHapley Additive explanation (SHAP) visualization, molecular dynamics, and amino acid analysis were performed to analyze the correlation between AD structure and toxic receptor binding characteristics and reveal the differences in AD risk priority. ADs with more intramolecular hydrogen bonds, higher hydrophobicity, and electronegativity had a more significant risk. Van der Waals and electrostatic interactions were the primary influencing factors, and significant differences in the types and proportions of the main amino acids in the interaction between ADs and receptors were observed. The results of the study provide constructive schemes and insights for AD priority screening and risk management.",True,"The research abstract describes the use of SHAP for analyzing the correlation between antidepressant (AD) structure and their toxic receptor binding characteristics. The insights drawn from SHAP visualization focus on how specific structural features of ADs (like intramolecular hydrogen bonds, hydrophobicity, and electronegativity) relate to their risk profiles. This indicates that the explanations provided by SHAP are being used to understand the underlying biological processes and interactions rather than merely explaining the behavior of the machine learning model itself.

True
",True,"Step-by-step analysis:

1. **Objective**: The study aims to construct a risk-priority screening system for antidepressants (ADs) based on various factors like functionality, occurrence, persistence, bioaccumulation, and toxicity.

2. **Model**: An improved mixup-transformer deep learning method is used to classify ADs, and its performance is compared with other models.

3. **SHAP Analysis**: SHapley Additive explanation (SHAP) visualization is used to analyze the correlation between AD structure and toxic receptor binding characteristics.

4. **Insights**: The study identifies that ADs with more intramolecular hydrogen bonds, higher hydrophobicity, and electronegativity have a more significant risk. It also highlights that Van der Waals and electrostatic interactions are primary influencing factors and notes differences in amino acid interactions.

5. **Understanding Underlying Processes**: The SHAP analysis helps reveal the relationship between AD molecular structure and their toxicological impact, providing insights into the underlying biochemical interactions and risk factors.

Conclusion: The explanations derived from the SHAP analysis help understand the underlying processes related to AD risk, not just the model behavior.
",,True,"In the provided abstract, the researchers utilize SHAP (SHapley Additive exPlanations) visualization alongside molecular dynamics and amino acid analysis to explore the relationship between the structure of antidepressants (ADs) and their toxic receptor binding characteristics. They claim to reveal differences in AD risk priority based on structural features such as intramolecular hydrogen bonds, hydrophobicity, and electronegativity. 

The use of SHAP in this context appears to go beyond merely understanding the model's predictions; it is employed to draw insights about the underlying biological interactions and risks associated with different ADs. The researchers make specific claims about the factors influencing AD risk, which suggests that they are using the model explanations to inform scientific understanding of the interactions between ADs and their receptors.

Given that the explanations are being used to derive new insights into the natural processes related to ADs and their risks, this indicates a use of model explanations for scientific discovery rather than just for model interpretation.
",True,"Step 1: Identify the purpose of the study.
- The study aims to construct a risk-priority screening system (ADRank) for antidepressants (ADs) based on various factors such as functionality, occurrence, persistence, bioaccumulation, and toxicity.

Step 2: Determine the role of the machine learning model.
- The researchers used an improved mixup-transformer deep learning method to classify ADs and compared its accuracy with other models.

Step 3: Examine the use of SHAP explanations.
- SHAP visualization was used to analyze the correlation between AD structure and toxic receptor binding characteristics.
- The study mentions that ADs with more intramolecular hydrogen bonds, higher hydrophobicity, and electronegativity had a more significant risk.
- Van der Waals and electrostatic interactions were identified as primary influencing factors.
- Differences in the types and proportions of amino acids in the interaction between ADs and receptors were observed.

Step 4: Determine if the explanations are used for scientific discovery.
- The researchers used SHAP explanations to reveal specific chemical and molecular interactions that contribute to the risk of ADs.
- They made new claims about the relationship between AD structure and toxic receptor binding characteristics, as well as the primary influencing factors and amino acid interactions.

Conclusion:
- The researchers explicitly used model explanations to make new claims about the natural processes and scientific phenomena related to AD risk. They went beyond merely understanding the model and used the insights to draw conclusions about the underlying data and interactions.
"
69,https://api.elsevier.com/content/abstract/scopus_id/85201412831,SCOPUS_ID:85201412831,2-s2.0-85201412831,Fertilization regulates global thresholds in soil bacteria,Chen C.,Global Change Biology,10.1111/gcb.17466,Journal,ar,Article,"Global patterns in soil microbiomes are driven by non-linear environmental thresholds. Fertilization is known to shape the soil microbiome of terrestrial ecosystems worldwide. Yet, whether fertilization influences global thresholds in soil microbiomes remains virtually unknown. Here, utilizing optimized machine learning models with Shapley additive explanations on a dataset of 10,907 soil samples from 24 countries, we discovered that the microbial community response to fertilization is highly dependent on environmental contexts. Furthermore, the interactions among nitrogen (N) addition, pH, and mean annual temperature contribute to non-linear patterns in soil bacterial diversity. Specifically, we observed positive responses within a soil pH range of 5.2–6.6, with the influence of higher temperature (>15°C) on bacterial diversity being positive within this pH range but reversed in more acidic or alkaline soils. Additionally, we revealed the threshold effect of soil organic carbon and total nitrogen, demonstrating how temperature and N addition amount interacted with microbial communities within specific edaphic concentration ranges. Our findings underscore how complex environmental interactions control soil bacterial diversity under fertilization.",True,"The abstract describes a study that uses SHAP to analyze the effects of fertilization on soil bacterial communities. The focus is on understanding how environmental factors like pH, temperature, and nitrogen addition interact to influence microbial diversity. The use of SHAP here is aimed at uncovering the relationships and interactions among these factors, rather than merely explaining the behavior of the machine learning model itself. The insights drawn from the SHAP analysis contribute to understanding the underlying ecological processes that govern soil bacterial diversity in response to fertilization.

True
",True,"Step-by-step analysis:

1. **Objective**: The research aims to understand how fertilization influences global thresholds in soil microbiomes.
2. **Methodology**: Utilizes optimized machine learning models with Shapley additive explanations (SHAP) on a large dataset of soil samples.
3. **Insights**:
   - The microbial community response to fertilization is highly dependent on environmental contexts.
   - Interactions among nitrogen addition, pH, and mean annual temperature contribute to non-linear patterns in soil bacterial diversity.
   - Specific observations include positive responses within a soil pH range of 5.2–6.6 and temperature effects on bacterial diversity.
   - Threshold effects of soil organic carbon and total nitrogen are revealed, showing interactions with microbial communities within specific concentration ranges.

4. **Explanation of ML Model**: SHAP is used to interpret the model, revealing how different environmental factors interact and influence soil bacterial diversity.

5. **Understanding Underlying Processes**: The explanations provided by SHAP help to understand the underlying environmental interactions and thresholds that control soil bacterial diversity under fertilization, rather than just explaining the model's behavior.

Conclusion: The research uses explainable ML to study and understand the underlying phenomena.
",,True,"In the provided abstract, the researchers utilize Shapley additive explanations (SHAP) to analyze the impact of fertilization on soil bacterial diversity. They emphasize that their findings reveal complex interactions among various environmental factors, such as nitrogen addition, pH, and temperature, which influence microbial community responses. The explanations derived from the machine learning models are used to uncover specific patterns and thresholds in the data, suggesting that the researchers are not merely using the model for predictions but are also making claims about the underlying biological processes and environmental interactions.

The researchers explicitly state how these interactions contribute to non-linear patterns in soil bacterial diversity and highlight the threshold effects of soil organic carbon and total nitrogen. This indicates that the explanations are being used to gain insights into the natural processes governing soil microbiomes, rather than just to understand the model's predictions.

Given this analysis, it is clear that the researchers are using the model explanations to make new claims about scientific phenomena related to soil bacteria and environmental interactions.
",True,"Step-by-step analysis:

1. **Title and Abstract Overview**: The title and abstract suggest that the study is focused on understanding how fertilization affects soil bacteria on a global scale. The researchers use machine learning models with Shapley additive explanations (SHAP) to analyze a large dataset of soil samples.

2. **Use of SHAP**: The abstract mentions the use of SHAP to interpret the machine learning models. SHAP is a tool for understanding the contribution of each feature to the model's predictions.

3. **Findings**: The researchers report specific findings about the interactions among nitrogen addition, pH, and temperature, and how these factors contribute to non-linear patterns in soil bacterial diversity. They also discuss threshold effects of soil organic carbon and total nitrogen.

4. **Claims**: The abstract states that the researchers ""discovered"" and ""revealed"" specific environmental interactions and threshold effects. These terms suggest that the researchers are making new claims about natural processes based on their analysis.

5. **Context of SHAP Use**: The explanations provided by SHAP are used to interpret the model's predictions, but the researchers are using these interpretations to make broader claims about the underlying environmental processes affecting soil bacterial diversity.

6. **Conclusion**: The researchers are not just using SHAP to understand the model; they are using the model explanations to make new scientific claims about the interactions and thresholds in soil bacterial diversity under fertilization.

Given the explicit use of model explanations to make new claims about natural processes, it is clear that the researchers are using these explanations for scientific discovery.
"
74,https://api.elsevier.com/content/abstract/scopus_id/85196756850,SCOPUS_ID:85196756850,2-s2.0-85196756850,Unraveling the role of Raman modes in evaluating the degree of reduction in graphene oxide via explainable artificial intelligence,Yoo J.,Nano Today,10.1016/j.nantod.2024.102366,Journal,ar,Article,"This paper evaluated the degree of reduction in graphene oxide, leveraging deep learning and machine learning models on over 15,000 Raman scattering spectra along with validation using density functional theory calculations. We addressed the limitations of previous studies, such as the consideration of an insufficient number of spectra as well as the lack of a comprehensive analysis of the contribution of individual Raman modes, by introducing machine learning and deep learning. Moreover, our models succeeded in predicting the carbon-to-oxygen ratio and classifying the reduction temperatures using the Raman scattering spectra as input. Employing the partial dependence plot and the feature importance, we interpreted the models and obtained consistent results on the significance of D* mode in graphene oxide. The intensity of the D* mode stands out by not only displaying the highest feature importance value for the reduction temperatures but also by correlating proportionally with the widest range of carbon-to-oxygen ratios among the various Raman modes in graphene oxide. Finally, we validated our findings through quantum mechanical calculations and confirmed the significance of the D* mode. Our study presents a comprehensive insight into the role of Raman modes in the degree of reduction as well as a precise methodology for evaluating the carbon-to-oxygen ratio of graphene oxide, a step towards its further industrial applications.",True,"The research abstract describes the use of machine learning and deep learning to evaluate the degree of reduction in graphene oxide based on Raman scattering spectra. It mentions the use of partial dependence plots and feature importance to interpret the models, specifically highlighting the significance of the D* mode in relation to the carbon-to-oxygen ratio and reduction temperatures. The findings are validated through quantum mechanical calculations, which suggests that the insights drawn from the model interpretations contribute to understanding the underlying processes related to the Raman modes and their role in the reduction of graphene oxide.

Since the explanations provided help in understanding the underlying phenomena (the role of Raman modes in the reduction process), rather than just the behavior of the machine learning model itself, the answer is:
",True,"Step-by-step analysis:

1. **Research Focus**: The study aims to evaluate the degree of reduction in graphene oxide using Raman scattering spectra.
2. **Use of ML Models**: The research employs deep learning and machine learning models to predict the carbon-to-oxygen ratio and classify reduction temperatures.
3. **Interpretation Methods**: The study uses partial dependence plots and feature importance to interpret the models.
4. **Insights from Interpretation**: The interpretation reveals that the D* mode in Raman spectra is significant for understanding the reduction process, as it correlates with the carbon-to-oxygen ratio and reduction temperatures.
5. **Validation**: The findings are validated through quantum mechanical calculations, confirming the significance of the D* mode.

Conclusion: The explanations derived from the ML model help understand the underlying process of the degree of reduction in graphene oxide, not just the model behavior.
",,True,"In the provided abstract, the researchers utilize explainable artificial intelligence (XAI) techniques, such as partial dependence plots and feature importance, to interpret their machine learning models. They specifically highlight the significance of the D* mode in graphene oxide, which is derived from their model's output. The researchers correlate this finding with physical properties, such as the carbon-to-oxygen ratio and reduction temperatures, and validate their results through quantum mechanical calculations.

The key aspect here is that the researchers are not merely using the model explanations to improve the deployment of their ML system or to make predictions. Instead, they are leveraging these explanations to draw conclusions about the underlying physical processes related to the Raman modes in graphene oxide. They explicitly state that their findings provide a comprehensive insight into the role of these modes, indicating that they are making new claims about the scientific phenomena being studied.

Given this context, the explanations are being used to further scientific understanding rather than just model interpretation.
",True,"Step 1: The title suggests that the study aims to understand the role of Raman modes in evaluating the degree of reduction in graphene oxide using explainable AI.

Step 2: The abstract mentions the use of deep learning and machine learning models to analyze Raman scattering spectra and predict the carbon-to-oxygen ratio and classify reduction temperatures.

Step 3: The researchers used partial dependence plots and feature importance to interpret the models, specifically highlighting the significance of the D* mode in graphene oxide.

Step 4: The abstract states that the intensity of the D* mode correlates with the carbon-to-oxygen ratio and reduction temperatures, and these findings were validated through quantum mechanical calculations.

Step 5: The researchers claim to provide comprehensive insight into the role of Raman modes in the degree of reduction and a precise methodology for evaluating the carbon-to-oxygen ratio, suggesting that they are making new scientific claims based on their findings.

Conclusion: The researchers are using model explanations to make new claims about the natural processes and scientific phenomena related to the reduction of graphene oxide. They validate these claims with quantum mechanical calculations, indicating a strong reliance on the model explanations for scientific discovery.
"
85,https://api.elsevier.com/content/abstract/scopus_id/85198360108,SCOPUS_ID:85198360108,2-s2.0-85198360108,Accurately Predicting Spatiotemporal Variations of Near-Surface Nitrous Acid (HONO) Based on a Deep Learning Approach,Li X.,Environmental Science and Technology,10.1021/acs.est.4c02221,Journal,ar,Article,"Gaseous nitrous acid (HONO) is identified as a critical precursor of hydroxyl radicals (OH), influencing atmospheric oxidation capacity and the formation of secondary pollutants. However, large uncertainties persist regarding its formation and elimination mechanisms, impeding accurate simulation of HONO levels using chemical models. In this study, a deep neural network (DNN) model was established based on routine air quality data (O3, NO2, CO, and PM2.5) and meteorological parameters (temperature, relative humidity, solar zenith angle, and season) collected from four typical megacity clusters in China. The model exhibited robust performance on both the train sets [slope = 1.0, r2 = 0.94, root mean squared error (RMSE) = 0.29 ppbv] and two independent test sets (slope = 1.0, r2 = 0.79, and RMSE = 0.39 ppbv), demonstrated excellent capability in reproducing the spatiotemporal variations of HONO, and outperformed an observation-constrained box model incorporated with newly proposed HONO formation mechanisms. Nitrogen dioxide (NO2) was identified as the most impactful features for HONO prediction using the SHapely Additive exPlanation (SHAP) approach, highlighting the importance of NO2 conversion in HONO formation. The DNN model was further employed to predict the future change of HONO levels in different NOx abatement scenarios, which is expected to decrease 27-44% in summer as the result of 30-50% NOx reduction. These results suggest a dual effect brought by abatement of NOx emissions, leading to not only reduction of O3 and nitrate precursors but also decrease in HONO levels and hence primary radical production rates (PROx). In summary, this study demonstrates the feasibility of using deep learning approach to predict HONO concentrations, offering a promising supplement to traditional chemical models. Additionally, stringent NOx abatement would be beneficial for collaborative alleviation of O3 and secondary PM2.5.",True,"The abstract describes a study that uses a deep learning model to predict the concentrations of nitrous acid (HONO) based on various air quality and meteorological parameters. The use of SHAP to identify nitrogen dioxide (NO2) as the most impactful feature for HONO prediction suggests that the authors are drawing insights about the relationship between NO2 and HONO formation. This indicates an understanding of the underlying processes involved in HONO formation rather than merely explaining the model's behavior. 

Thus, the explanations provided by the SHAP analysis help to understand the underlying process of HONO formation influenced by NO2.
",True,"1. **Model Description**: The study uses a deep neural network (DNN) model to predict spatiotemporal variations of near-surface nitrous acid (HONO) based on air quality and meteorological data.

2. **Performance Metrics**: The model shows strong performance metrics (slope, r2, RMSE) on both training and test sets, indicating its accuracy in reproducing HONO variations.

3. **Use of SHAP**: The SHapely Additive exPlanation (SHAP) approach is used to identify the most impactful features for HONO prediction. Specifically, nitrogen dioxide (NO2) is highlighted as the most significant feature, suggesting its importance in HONO formation.

4. **Insights on Underlying Processes**: The identification of NO2 as a critical factor in HONO formation provides insight into the chemical processes involved. This understanding goes beyond merely explaining the model's behavior and offers a scientific explanation of the underlying atmospheric chemistry.

5. **Future Predictions**: The model is also used to predict future changes in HONO levels under different NOx abatement scenarios, providing further insights into the dual effects of NOx reduction on both O3 and secondary PM2.5 levels.

**Conclusion**: The study uses SHAP not just to explain the model but to gain insights into the underlying chemical processes affecting HONO formation.
",,True,"In the provided abstract, the researchers utilize SHAP to identify nitrogen dioxide (NO2) as the most impactful feature for predicting nitrous acid (HONO) levels. This suggests that they are using the model explanations to understand the relationship between NO2 and HONO formation, which is a natural process. The identification of NO2's significance in the model could lead to insights about the underlying chemical mechanisms of HONO formation, which is a scientific phenomenon.

Furthermore, the researchers discuss the implications of their findings on future HONO levels under different NOx abatement scenarios, indicating that they are not only focused on model performance but also on understanding the environmental processes involved. This suggests a potential for scientific discovery, as they are making claims about the effects of NOx emissions on HONO levels and radical production rates.

Given these points, the explanations provided by the model are being used to draw conclusions about natural processes and contribute to scientific understanding, rather than solely for model deployment or prediction.
",True,"Let's break down the abstract step by step:

1. **Objective**: The study aims to predict spatiotemporal variations of near-surface nitrous acid (HONO) using a deep learning approach.
2. **Data and Model**: The researchers used routine air quality data and meteorological parameters to train a deep neural network (DNN) model.
3. **Model Performance**: The model showed robust performance in both training and test sets, outperforming a traditional chemical model.
4. **Feature Importance**: Using SHAP, the researchers identified nitrogen dioxide (NO2) as the most impactful feature for HONO prediction.
5. **Future Predictions**: The model was used to predict future changes in HONO levels under different NOx abatement scenarios.
6. **Implications**: The results suggest that NOx abatement would reduce HONO levels and primary radical production rates, which has implications for reducing O3 and secondary PM2.5.

**Analysis**:
- The researchers used SHAP to identify NO2 as the most impactful feature for HONO prediction. This is a model explanation that helps understand which features the model relies on most heavily.
- They then used this information to make claims about the importance of NO2 conversion in HONO formation.
- The study also makes predictions about future HONO levels under different NOx abatement scenarios, which are based on the model's predictions.

**Conclusion**:
The researchers are using the SHAP explanations to make new claims about the importance of NO2 in HONO formation and the effects of NOx abatement on HONO levels. This goes beyond merely understanding the model and extends into making scientific claims about natural processes.
"
95,https://api.elsevier.com/content/abstract/scopus_id/85188419826,SCOPUS_ID:85188419826,2-s2.0-85188419826,Explainable artificial intelligence in the design of selective carbonic anhydrase I-II inhibitors via molecular fingerprinting,Kırboğa K.K.,Journal of Computational Chemistry,10.1002/jcc.27335,Journal,ar,Article,"Inhibiting the enzymes carbonic anhydrase I (CA I) and carbonic anhydrase II (CA II) presents a potential avenue for addressing nervous system ailments such as glaucoma and Alzheimer's disease. Our study explored harnessing explainable artificial intelligence (XAI) to unveil the molecular traits inherent in CA I and CA II inhibitors. The PubChem molecular fingerprints of these inhibitors, sourced from the ChEMBL database, were subjected to detailed XAI analysis. The study encompassed training 10 regression models using IC50 values, and their efficacy was gauged using metrics including R2, RMSE, and time taken. The Decision Tree Regressor algorithm emerged as the optimal performer (R2: 0.93, RMSE: 0.43, time-taken: 0.07). Furthermore, the PFI method unveiled key molecular features for CA I inhibitors, notably PubChemFP432 (C(=O)N) and PubChemFP6978 (C(=O)O). The SHAP analysis highlighted the significance of attributes like PubChemFP539 (C(=O)NCC), PubChemFP601 (C(=O)OCC), and PubChemFP432 (C(=O)N) in CA I inhibitiotable n. Likewise, features for CA II inhibitors encompassed PubChemFP528(C(=O)OCCN), PubChemFP791 (C(=O)OCCC), PubChemFP696 (C(=O)OCCCC), PubChemFP335 (C(=O)NCCN), PubChemFP580 (C(=O)NCCCN), and PubChemFP180 (C(=O)NCCC), identified through SHAP analysis. The sulfonamide group (S), aromatic ring (A), and hydrogen bonding group (H) exert a substantial impact on CA I and CA II enzyme activities and IC50 values through the XAI approach. These insights into the CA I and CA II inhibitors are poised to guide future drug discovery efforts, serving as a beacon for innovative therapeutic interventions.",True,"The research abstract describes the use of explainable artificial intelligence (XAI) to analyze molecular traits of carbonic anhydrase I and II inhibitors. The study employs SHAP analysis to identify significant molecular features that influence enzyme activities and IC50 values. The insights drawn from the SHAP analysis focus on specific molecular fingerprints and their contributions to the inhibition process, which helps in understanding the underlying biochemical interactions and mechanisms involved in enzyme inhibition rather than merely explaining the model's behavior.

True
",True,"1. The study uses XAI to analyze molecular traits of CA I and CA II inhibitors.
2. The analysis involves identifying key molecular features using SHAP and PFI methods.
3. The identified features (e.g., PubChemFP432, PubChemFP539) are linked to the inhibition of CA I and CA II.
4. The study highlights the impact of specific molecular groups (sulfonamide, aromatic ring, hydrogen bonding) on enzyme activities and IC50 values.
5. These insights are intended to guide future drug discovery efforts.

The explanations provided by the XAI methods help understand the underlying molecular processes affecting enzyme inhibition, not just the model behavior.
",,True,"The researchers in this study utilize explainable artificial intelligence (XAI) to analyze molecular traits of carbonic anhydrase I and II inhibitors. They employ SHAP analysis to identify significant molecular features that influence the activity of these inhibitors, which suggests that they are not merely using the model explanations for understanding the model's predictions but are also drawing insights about the underlying biological processes related to these inhibitors.

The abstract indicates that the findings from the XAI analysis, particularly the identification of key molecular features, are intended to guide future drug discovery efforts. This implies that the researchers are making claims about the biological significance of these features in relation to the enzymes and their inhibitors, which goes beyond just understanding the model itself.

Thus, the explanations provided by the XAI methods are being used to derive insights into the natural processes of enzyme inhibition and potential therapeutic interventions, indicating a use in scientific discovery.
",True,"Step-by-step analysis:

1. **Title Analysis**: The title suggests the use of XAI in designing inhibitors, which could imply a focus on understanding molecular traits for drug design.

2. **Abstract Analysis**:
   - **Objective**: The study aims to inhibit CA I and CA II enzymes to address ailments like glaucoma and Alzheimer's disease.
   - **Data and Methods**: Molecular fingerprints from the ChEMBL database were analyzed using XAI. Multiple regression models were trained, and their performance was evaluated.
   - **Model Performance**: The Decision Tree Regressor was identified as the best-performing model.
   - **Feature Importance**: PFI and SHAP analyses were used to identify key molecular features for CA I and CA II inhibitors.
   - **Insights**: The study identifies specific molecular features and groups (e.g., sulfonamide group, aromatic ring, hydrogen bonding group) that impact enzyme activities and IC50 values.

3. **Claims and Usage**:
   - The researchers use XAI to identify molecular features that are important for the activity of CA I and CA II inhibitors.
   - They claim that these insights can guide future drug discovery efforts and therapeutic interventions.

4. **Conclusion**:
   - The researchers are using model explanations (PFI and SHAP) to identify and highlight specific molecular features that are important for enzyme inhibition.
   - They are making new claims about the significance of these features in the context of drug discovery and therapeutic interventions.

Given the detailed identification of molecular features and the explicit claim that these insights will guide future drug discovery, it appears that the researchers are using model explanations to make new scientific claims about the molecular traits relevant to CA I and CA II inhibition.
"
105,https://api.elsevier.com/content/abstract/scopus_id/85193962096,SCOPUS_ID:85193962096,2-s2.0-85193962096,Understanding Human Cognition Through Computational Modeling,Hsiao J.H.w.,Topics in Cognitive Science,10.1111/tops.12737,Journal,ar,Article,"One important goal of cognitive science is to understand the mind in terms of its representational and computational capacities, where computational modeling plays an essential role in providing theoretical explanations and predictions of human behavior and mental phenomena. In my research, I have been using computational modeling, together with behavioral experiments and cognitive neuroscience methods, to investigate the information processing mechanisms underlying learning and visual cognition in terms of perceptual representation and attention strategy. In perceptual representation, I have used neural network models to understand how the split architecture in the human visual system influences visual cognition, and to examine perceptual representation development as the results of expertise. In attention strategy, I have developed the Eye Movement analysis with Hidden Markov Models method for quantifying eye movement pattern and consistency using both spatial and temporal information, which has led to novel findings across disciplines not discoverable using traditional methods. By integrating it with deep neural networks (DNN), I have developed DNN+HMM to account for eye movement strategy learning in human visual cognition. The understanding of the human mind through computational modeling also facilitates research on artificial intelligence's (AI) comparability with human cognition, which can in turn help explainable AI systems infer humans’ belief on AI's operations and provide human-centered explanations to enhance human−AI interaction and mutual understanding. Together, these demonstrate the essential role of computational modeling methods in providing theoretical accounts of the human mind as well as its interaction with its environment and AI systems.",True,"The abstract discusses the use of computational modeling, including neural networks and Hidden Markov Models, to investigate cognitive processes such as visual cognition and attention strategies. While it mentions the integration of deep neural networks with other methods, the focus appears to be on understanding human cognition rather than explaining the behavior of the models themselves. The insights drawn from these models aim to elucidate underlying cognitive processes rather than merely providing explanations of the models.
",True,"Step-by-step analysis:

1. **Title Analysis**: The title ""Understanding Human Cognition Through Computational Modeling"" suggests a focus on cognitive science and computational models.

2. **Abstract Analysis**:
   - The abstract mentions the use of computational modeling to understand human cognition, specifically learning and visual cognition.
   - It discusses the use of neural network models to understand perceptual representation and attention strategy.
   - The Eye Movement analysis with Hidden Markov Models (HMM) method is highlighted for quantifying eye movement patterns.
   - The integration of DNN with HMM (DNN+HMM) is mentioned to account for eye movement strategy learning.
   - The abstract also touches on the comparability of AI with human cognition and the role of explainable AI in enhancing human-AI interaction.

3. **Insight Identification**:
   - The research uses neural network models to understand how the human visual system influences cognition and how perceptual representation develops with expertise.
   - The Eye Movement analysis with HMM provides insights into eye movement patterns and consistency.
   - The DNN+HMM integration helps in understanding eye movement strategy learning in human visual cognition.

4. **Explanation of ML Model vs. Underlying Process**:
   - The neural network models and HMM are used to draw insights into human cognition processes, not just to explain the models themselves.
   - The research aims to understand underlying cognitive processes such as perceptual representation and attention strategy.

Conclusion: The explanations provided in the research help understand the underlying cognitive processes, not just the models.
",,True,"The abstract discusses the use of computational modeling, including neural networks and Hidden Markov Models, to investigate cognitive processes such as learning and visual cognition. The researchers aim to understand the underlying mechanisms of human cognition, which suggests that they are not merely using model explanations for deployment or prediction purposes. Instead, they are leveraging these models to gain insights into perceptual representation and attention strategies, which are fundamental aspects of cognitive science.

The mention of integrating deep neural networks with traditional methods to uncover novel findings indicates that the researchers are using model explanations to make new claims about human cognition. They are not just focused on the performance of the models but are also interested in how these models can elucidate cognitive processes and contribute to theoretical understanding.

Given this context, it is clear that the researchers are using model explanations to advance scientific discovery regarding human cognition rather than solely for practical applications of their machine learning systems.
",True,"Step 1: Identify the main focus of the research.
- The research aims to understand human cognition through computational modeling, behavioral experiments, and cognitive neuroscience methods.

Step 2: Determine the role of computational models in the research.
- The models are used to investigate information processing mechanisms underlying learning and visual cognition, specifically in perceptual representation and attention strategy.

Step 3: Examine the specific use of neural network models and other computational methods.
- Neural network models are used to understand the split architecture in the human visual system and perceptual representation development.
- The Eye Movement analysis with Hidden Markov Models (HMM) method quantifies eye movement patterns and has led to novel findings.
- The integration of DNN with HMM (DNN+HMM) is used to account for eye movement strategy learning in human visual cognition.

Step 4: Assess whether the explanations from these models are used to make new scientific claims.
- The abstract mentions that these methods have led to novel findings across disciplines not discoverable using traditional methods.
- The research aims to provide theoretical accounts of the human mind and its interaction with AI systems.

Step 5: Determine if the explanations are used to understand natural processes or scientific phenomena.
- The explanations from the models are explicitly used to make new claims about human cognition, perceptual representation, and attention strategy.
- The research integrates computational models to provide theoretical explanations of human behavior and mental phenomena.

Conclusion: The researchers are using model explanations to understand natural processes and scientific phenomena, making new scientific claims based on their findings.
"
114,https://api.elsevier.com/content/abstract/scopus_id/85192059508,SCOPUS_ID:85192059508,2-s2.0-85192059508,Leveraging physics-based and explainable machine learning approaches to quantify the relative contributions of rain and air pollutants to wet deposition,Ryu Y.H.,Science of the Total Environment,10.1016/j.scitotenv.2024.172980,Journal,ar,Article,"A quantitative understanding of the roles of rainfall and pollutant concentrations in wet deposition is important because they critically influence terrestrial and aquatic ecosystems. However, their relative contributions to wet deposition, which vary across regions, have not yet been identified. We propose two methods that quantitatively separate the contributions of rain and pollutant concentrations to wet deposition: one is based on simplified equations describing the wet scavenging of pollutants and the other is based on random forest models employing SHapley Additive exPlanations. Three-dimensional long-term air quality simulations from 2003 to 2019 are used as inputs for both the physics-based and machine learning models. Remarkably, the results drawn from the explainable machine learning model are consistent with those from the physics-based approach: overall, rain is a more important limiting factor than pollutant concentrations and the relative contribution of rain is larger than that of pollutants by up to a factor of 3–4 in polluted regions. In polluted regions, pollutant concentrations can remain relatively high even in the presence of precipitation owing to continuous and intense emissions; therefore, wet deposition is limited by rainfall. The contribution of rainfall is larger by 1.5–2.5 than that of pollutant concentrations in regions even with low emissions and this considerably large role of rain suggests that regional or transboundary pollutant transport plays a key role in modulating wet deposition. However, in very remote regions, once the rainfall amount exceeds a certain value, rainfall no longer contributes to increasing wet deposition because atmospheric pollutants are readily removed by rain. So, the contributions of the two factors are comparable in pristine regions. Our results can serve as a basis for explaining interannual variations in wet deposition and for future projections of wet deposition under emission control plans and climate change scenarios across regions.",True,"The research abstract describes a study that uses both physics-based and explainable machine learning approaches to quantify the contributions of rain and air pollutants to wet deposition. The use of SHAP (SHapley Additive exPlanations) in the machine learning model is aimed at understanding the relative contributions of these two factors rather than merely explaining the model's behavior. The findings indicate that rain plays a more significant role than pollutants in wet deposition, and the insights drawn from the explainable machine learning model align with those from the physics-based approach. This suggests that the explanations provided by the machine learning model contribute to understanding the underlying processes affecting wet deposition.

True
",True,"1. The abstract mentions the use of SHapley Additive exPlanations (SHAP) with random forest models.
2. The purpose of using SHAP is to separate the contributions of rain and pollutant concentrations to wet deposition.
3. The results from the SHAP-based model are consistent with those from a physics-based approach.
4. The findings indicate that rain is a more important factor than pollutant concentrations in determining wet deposition.
5. The study provides insights into how rainfall and pollutant concentrations interact and affect wet deposition across different regions.
",,True,"In the provided abstract, the researchers utilize both physics-based methods and explainable machine learning (specifically random forest models with SHAP) to quantify the contributions of rain and air pollutants to wet deposition. The key aspect here is that while they employ explainable machine learning to interpret the model's predictions, the primary goal appears to be understanding the natural processes involved in wet deposition rather than merely improving model deployment or prediction accuracy.

The researchers make claims about the relative contributions of rain and pollutants based on the results from both the explainable machine learning model and the physics-based approach. They highlight that the findings from the machine learning model are consistent with those from the physics-based model, which suggests that the explanations derived from the machine learning model are being used to support and validate scientific claims about environmental processes.

Furthermore, the abstract discusses implications for understanding interannual variations in wet deposition and future projections under different scenarios, indicating that the researchers are using the insights gained from the model explanations to contribute to scientific knowledge.

Given this analysis, it is clear that the researchers are using the model explanations to make new claims about natural processes, rather than solely for model interpretation or deployment.
",True,"Step-by-step analysis:

1. **Title Analysis**: The title mentions leveraging physics-based and explainable machine learning approaches to quantify contributions to wet deposition. This suggests a dual approach, combining traditional scientific methods with machine learning.

2. **Abstract Analysis**:
   - **Objective**: The objective is to understand the roles of rainfall and pollutant concentrations in wet deposition, which is a natural process.
   - **Methods**: Two methods are proposed: one based on simplified physical equations and the other on random forest models with SHapley Additive exPlanations (SHAP).
   - **Data**: Long-term air quality simulations from 2003 to 2019 are used.
   - **Findings**: The results from the explainable machine learning model are consistent with those from the physics-based approach. The findings indicate that rain is a more important limiting factor than pollutant concentrations in wet deposition.
   - **Implications**: The results are used to explain interannual variations in wet deposition and to make future projections under different scenarios.

3. **Use of Model Explanations**:
   - The researchers use SHAP values to interpret the contributions of rain and pollutant concentrations in their random forest model.
   - They compare these model-derived contributions with those derived from physical equations.
   - The consistency between the two methods is highlighted, suggesting that the SHAP-based model explanations are used to validate and support the physical understanding of wet deposition processes.

4. **New Claims**:
   - The researchers make new claims about the relative importance of rain and pollutant concentrations in different regions.
   - These claims are based on the consistency between the machine learning model explanations and the physics-based approach.

Conclusion:
The researchers are using the model explanations not just to understand the model but to make new scientific claims about the natural process of wet deposition. They are drawing conclusions about the relative contributions of rain and pollutants, which are scientific phenomena.
"
118,https://api.elsevier.com/content/abstract/scopus_id/85193756881,SCOPUS_ID:85193756881,2-s2.0-85193756881,Multi-factor Impact Analysis of Grassland Phenology Changes on the Qinghai-Xizang Plateau Based on Interpretable Machine Learning,Liu H.W.,Huanjing Kexue/Environmental Science,10.13227/j.hjkx.202306185,Journal,ar,Article,The vegetation phenology of the Qinghai-Xizang Plateau is changing significantly in the context of climate change. However，there are many hydrothermal factors affecting the phenology，and few studies have focused on the effects of multiple factors on the phenology of the Qinghai-Xizang Plateau，resulting in a lack of understanding of the mechanisms underlying phenological changes on the Qinghai-Xizang Plateau. In this study，we used remote sensing data interpretation to analyze the spatial and temporal variability of grassland phenology on the Qinghai-Xizang Plateau from 2002 to 2021，focusing on precipitation，temperature，altitude，soil，and other aspects to reveal the dominant factors of phenological variability using an interpretable machine learning method（SHAP）and to quantify the interactive effects of multiple factors on phenology. The results showed that：① The growing season start（SOS）of grasslands on the Qinghai-Xizang Plateau mostly ranged from 110 to 150 d，with 56.32% of grasslands showing an early SOS trend；the growing season end （EOS）mostly ranged from 290-320 d，with 67.65% of grasslands showing a delayed EOS trend；and the growing season length（LOS）mostly ranged from 120 to 210 d，with 65.50% of the grasslands showing a trend towards longer growing season lengths. ② SOS in grasslands on the Qinghai-Xizang Plateau was mainly influenced by moisture conditions，in which soil moisture between 10 and 25 kg·m-2 in the 0-10 cm soil layer in March promoted the advancement of SOS and peaked at approximately 20 kg·m-2. EOS was mainly influenced by temperature，with higher temperatures in September and October having a stronger effect on EOS latency promotion and peaking at over 8℃ and -0.5℃，respectively. The main influencing factors of LOS were more consistent with SOS，in which soil moisture between 15 and 25 kg·m-2 in the 0-10 cm soil layer in March promoted the prolongation of LOS and peaked at approximately 18 kg·m-2. ③ There was an obvious interactive effect of water and heat and other factors on phenology；after soil moisture reached 20 kg·m-2 in the 0-10 cm soil layer in March，SOS was more advanced in low-precipitation and low-altitude areas. Better moisture conditions were more conducive to EOS delay at temperatures above 0℃ in October，and soil moisture in high precipitation areas promoted LOS prolongation more when soil moisture was between 12 and 22 kg·m-2 in 0-10 cm in March. The results also demonstrated that interpretable machine learning methods could provide a new approach to the analysis of the multifactorial effects of phenological change.,True,"The research abstract describes the use of interpretable machine learning (specifically SHAP) to analyze the effects of multiple hydrothermal factors on grassland phenology in the Qinghai-Xizang Plateau. The study aims to reveal the dominant factors influencing phenological variability and quantify the interactive effects of these factors. The insights drawn from the SHAP analysis provide information about how specific factors like soil moisture and temperature influence the start, end, and length of the growing season. This indicates that the explanations derived from the machine learning model are used to understand the underlying ecological processes rather than just the model behavior.
",True,"1. **Step-by-Step Analysis:**
   - **Objective:** The study aims to understand the mechanisms underlying phenological changes on the Qinghai-Xizang Plateau.
   - **Method:** Uses SHAP (an interpretable machine learning method) to analyze the impact of multiple factors (precipitation, temperature, altitude, soil moisture) on grassland phenology.
   - **Findings:**
     - **SOS (Start of Season):** Influenced mainly by soil moisture in March.
     - **EOS (End of Season):** Influenced mainly by temperature in September and October.
     - **LOS (Length of Season):** Influenced by soil moisture, similar to SOS.
     - **Interactive Effects:** Water and heat factors interact, influencing phenology in complex ways.

2. **Insights from SHAP:**
   - SHAP is used to identify and quantify the impact of various factors on phenology.
   - The study reveals specific thresholds and conditions (e.g., soil moisture levels, temperature ranges) that affect phenological changes.

3. **Understanding Underlying Processes:**
   - The explanations provided by SHAP help in understanding how soil moisture, temperature, and their interactions influence the timing and duration of the growing season.
   - The study goes beyond explaining the model's behavior and provides insights into the ecological processes driving phenological changes.

**Conclusion:**
- The explanations help understand the underlying processes of phenological changes on the Qinghai-Xizang Plateau.

**Final Answer:**",,True,"The researchers in this study are using interpretable machine learning methods, specifically SHAP, to analyze the impact of various hydrothermal factors on grassland phenology changes in the Qinghai-Xizang Plateau. They aim to reveal the dominant factors influencing phenological variability and quantify the interactive effects of multiple factors. The results indicate specific relationships between soil moisture, temperature, and phenological events such as the start and end of the growing season.

While the use of SHAP provides insights into the model's predictions, the researchers are explicitly using these explanations to make claims about the underlying natural processes affecting grassland phenology. They discuss how different factors interact and influence phenological changes, which suggests that they are not merely using the model for predictions but are also seeking to understand the scientific phenomena at play.

Given that the explanations are being used to derive new insights into the mechanisms of phenological changes, this indicates a focus on scientific discovery rather than just model interpretation.
",True,"Step-by-step analysis:

1. **Title Analysis**: The title mentions ""Multi-factor Impact Analysis of Grassland Phenology Changes"" and ""Interpretable Machine Learning,"" suggesting a focus on understanding the factors affecting phenology using machine learning.

2. **Abstract Analysis**:
   - **Context and Objective**: The abstract states that the study aims to understand the mechanisms underlying phenological changes on the Qinghai-Xizang Plateau by analyzing multiple factors such as precipitation, temperature, altitude, and soil.
   - **Methodology**: The researchers used remote sensing data and SHAP (an interpretable machine learning method) to reveal dominant factors and quantify interactive effects.
   - **Findings**: The results indicate specific factors influencing the start (SOS), end (EOS), and length (LOS) of the growing season. For example, soil moisture and temperature are identified as key factors.
   - **Interactive Effects**: The study also discusses the interactive effects of water and heat on phenology, providing detailed insights into how these factors interplay.

3. **Use of Model Explanations**:
   - The researchers use SHAP to identify and quantify the impact of various factors on phenology.
   - They make specific claims about the influence of soil moisture, temperature, and their interactions on SOS, EOS, and LOS.
   - The abstract concludes that interpretable machine learning methods offer a new approach to analyzing multifactorial effects on phenological change.

4. **Conclusion**:
   - The researchers are not merely using SHAP to understand the model's behavior but are making explicit claims about the natural processes affecting grassland phenology.
   - They are using the model explanations to derive new scientific insights and understand the underlying mechanisms of phenological changes.

Based on the detailed claims about natural processes and the explicit use of model explanations to understand these processes, it is clear that the researchers are using the explanations for scientific discovery.
"
130,https://api.elsevier.com/content/abstract/scopus_id/85194501522,SCOPUS_ID:85194501522,2-s2.0-85194501522,Bayesian network models identify cooperative GPCR:G protein interactions that contribute to G protein coupling,Mukhaleva E.,Journal of Biological Chemistry,10.1016/j.jbc.2024.107362,Journal,ar,Article,"Cooperative interactions in protein-protein interfaces demonstrate the interdependency or the linked network-like behavior and their effect on the coupling of proteins. Cooperative interactions also could cause ripple or allosteric effects at a distance in protein-protein interfaces. Although they are critically important in protein-protein interfaces, it is challenging to determine which amino acid pair interactions are cooperative. In this work, we have used Bayesian network modeling, an interpretable machine learning method, combined with molecular dynamics trajectories to identify the residue pairs that show high cooperativity and their allosteric effect in the interface of G protein–coupled receptor (GPCR) complexes with Gα subunits. Our results reveal six GPCR:Gα contacts that are common to the different Gα subtypes and show strong cooperativity in the formation of interface. Both the C terminus helix5 and the core of the G protein are codependent entities and play an important role in GPCR coupling. We show that a promiscuous GPCR coupling to different Gα subtypes, makes all the GPCR:Gα contacts that are specific to each Gα subtype (Gαs, Gαi, and Gαq). This work underscores the potential of data-driven Bayesian network modeling in elucidating the intricate dependencies and selectivity determinants in GPCR:G protein complexes, offering valuable insights into the dynamic nature of these essential cellular signaling components.",True,"1. The research uses Bayesian network modeling, which is an interpretable machine learning method, to identify cooperative interactions in protein-protein interfaces.
2. The focus is on understanding the interdependencies and allosteric effects in GPCR:G protein interactions, rather than merely explaining model behavior.
3. The insights drawn from the model pertain to the identification of specific residue pairs that show high cooperativity and their role in GPCR coupling, which contributes to understanding the underlying biological processes.
4. The explanations provided by the model help elucidate the intricate dependencies and selectivity determinants in GPCR:G protein complexes, thus aiding in the understanding of the underlying phenomena.
",True,"Step-by-step analysis:

1. **Objective**: The research aims to identify cooperative interactions in protein-protein interfaces, specifically in GPCR:G protein complexes.
2. **Method**: Bayesian network modeling, an interpretable machine learning method, is used in combination with molecular dynamics trajectories.
3. **Insights**: The study identifies specific residue pairs that show high cooperativity and their allosteric effects in the interface of GPCR:G protein complexes.
4. **Findings**: The research reveals six GPCR:Gα contacts common to different Gα subtypes and highlights the role of the C terminus helix5 and the core of the G protein in GPCR coupling.
5. **Conclusion**: The study underscores the potential of Bayesian network modeling in elucidating dependencies and selectivity determinants in GPCR:G protein complexes.

**Determination**:
- The insights drawn are about the underlying biological processes (cooperative interactions and allosteric effects in protein-protein interfaces) rather than just explaining the model behavior.
",,True,"In the provided abstract, the researchers utilize Bayesian network modeling to identify cooperative interactions between GPCRs and G proteins. They emphasize the identification of specific residue pairs that exhibit high cooperativity and their allosteric effects, which are critical for understanding the underlying biological processes. The use of an interpretable machine learning method suggests that they are not merely focused on the model's predictions but are also interested in the insights gained about the natural processes involved in protein-protein interactions.

The researchers explicitly state that their results reveal important contacts and dependencies in GPCR:G protein complexes, which indicates that they are making new claims about the biological phenomena based on the model's explanations. This suggests that the explanations derived from the model are being used to enhance understanding of the scientific phenomena rather than just to aid in deploying the ML system.

Given this analysis, the researchers are using the model explanations to contribute to scientific discovery.
",True,"Step-by-step analysis:

1. **Title Analysis**: The title suggests that the study is focused on identifying interactions between GPCR and G proteins using Bayesian network models. This indicates a potential use of machine learning to understand biological interactions.

2. **Abstract Analysis**:
   - **Introduction**: The abstract begins by discussing the importance of cooperative interactions in protein-protein interfaces and the challenges in identifying these interactions.
   - **Methodology**: The researchers used Bayesian network modeling, an interpretable machine learning method, combined with molecular dynamics trajectories. This suggests that the model is used to analyze and interpret data related to protein interactions.
   - **Findings**: The results reveal specific GPCR:Gα contacts that show strong cooperativity and their role in GPCR coupling. This indicates that the model has helped identify specific biological interactions and dependencies.
   - **Implications**: The work underscores the potential of Bayesian network modeling in elucidating dependencies and selectivity determinants in GPCR:G protein complexes, offering insights into cellular signaling components.

3. **Model Explanations**: The researchers used Bayesian network modeling to identify specific residue pairs and their cooperative interactions. This goes beyond merely understanding the model; it involves making new claims about the biological processes and interactions.

4. **New Claims**: The researchers explicitly state that their findings reveal new insights into the dynamic nature of GPCR:G protein complexes, which are essential for cellular signaling. This indicates that the model explanations are being used to make scientific discoveries.

Conclusion: The researchers are using model explanations to understand natural processes and scientific phenomena, making new claims about the biological interactions and dependencies in GPCR:G protein complexes.
"
135,https://api.elsevier.com/content/abstract/scopus_id/85191322054,SCOPUS_ID:85191322054,2-s2.0-85191322054,Interpretable machine learning of SPAC system via a mechanism-assisted gaussian process group: Representation of the system mechanism by data,Wang L.,Computers and Electronics in Agriculture,10.1016/j.compag.2024.108979,Journal,ar,Article,"Traditional models of the soil-plant-atmosphere continuum (SPAC) system are physics-based and their practical application has been hindered by issues of high parameterization, prior structural bias, and costly running. In this paper, we developed a machine learning modelling method based on the Gaussian process (GP) to avoid these difficulties of traditional modelling. At the same time, shortcomings of conventional machine learning in terms of interpretability and mechanism representation were addressed. The innovative method consisted of structuring a local GP group framework and improving kernel functions used in each local GP. The resultant model was endowed with advanced capacities, including representing interplays between subprocesses within the complex SPAC system, representing nonstationary subprocess dynamics caused by crop growth stage shifts, as well as automatically interpreting key low-order input interactions and dominant input variables for each subprocess. The performance of our model was examined on synthetic SPAC system datasets that covered three different soil conditions. Results demonstrated that its interpretations regarding subprocess mechanisms were robust across different soil conditions and consistent with domain knowledge. Compared to a conventional global GP model and two deep learning models (DNN and LSTM), our model performed significantly better not only in regular prediction experiments but also in generalization experiments that required models to be transferred across different conditions. Our study suggested that it is promising to enable a machine learning model interpretable by improving its feature representation function. For machine learning modelling of complex systems like the SPAC, it may be more important to enhance the model's mechanism representation capability than simply using deeper networks.",True,"The abstract describes a machine learning approach that aims to represent the underlying mechanisms of the SPAC system rather than just focusing on prediction. It emphasizes the model's ability to interpret key interactions and dominant variables related to subprocesses, which suggests that the explanations provided by the model are aimed at understanding the underlying processes of the SPAC system. The results are stated to be consistent with domain knowledge, indicating that the insights drawn from the model contribute to understanding the actual phenomena rather than merely explaining the model's behavior.
",True,"Step-by-step analysis:

1. **Title Analysis**: The title suggests the use of interpretable machine learning to represent the system mechanism by data, which hints at understanding underlying processes.

2. **Abstract Analysis**:
   - **Traditional Models**: Mentions the limitations of traditional physics-based models.
   - **Machine Learning Method**: Describes the development of a Gaussian process (GP) based machine learning model to overcome traditional model difficulties.
   - **Interpretability and Mechanism Representation**: States that the method addresses shortcomings in interpretability and mechanism representation.
   - **Local GP Group Framework**: Introduces a structured local GP group framework and improved kernel functions.
   - **Capabilities**: Highlights the model's ability to represent interplays between subprocesses, nonstationary subprocess dynamics, and interpret key input interactions and dominant variables.
   - **Performance and Robustness**: Demonstrates robust interpretations of subprocess mechanisms consistent with domain knowledge across different soil conditions.
   - **Comparison**: Shows better performance in prediction and generalization compared to other models.
   - **Conclusion**: Emphasizes the importance of enhancing the model's mechanism representation capability.

3. **Insight Analysis**:
   - The model interprets key low-order input interactions and dominant input variables for each subprocess.
   - The interpretations are robust and consistent with domain knowledge, suggesting insights into the underlying subprocess mechanisms.

4. **Determination**:
   - The explanations provided by the model help understand the underlying processes within the SPAC system, not just the model behavior.
",,True,"The researchers in the abstract are using machine learning to model the SPAC system, which is a complex natural process. They emphasize the importance of interpretability and mechanism representation in their model, suggesting that their approach allows for a better understanding of the interactions and dynamics within the SPAC system. They claim that their model's interpretations regarding subprocess mechanisms are robust and consistent with domain knowledge, indicating that they are not just using the model for predictions but are also making claims about the underlying processes of the SPAC system.

The explanations provided by their model are being used to validate and enhance the understanding of the natural processes involved in the SPAC system, rather than solely for the purpose of improving model performance or deployment. This suggests that the researchers are indeed using the model explanations to contribute to scientific discovery.

Therefore, I conclude that the explanations are being used for scientific discovery.
",True,"Step-by-step analysis:

1. **Title Analysis**: The title mentions ""interpretable machine learning"" and ""representation of the system mechanism by data,"" which suggests a focus on understanding the system mechanism through the model.

2. **Abstract Analysis**:
   - **Problem Statement**: The abstract starts by discussing the limitations of traditional physics-based models for the soil-plant-atmosphere continuum (SPAC) system.
   - **Proposed Solution**: The researchers developed a machine learning model based on Gaussian processes (GP) to overcome these limitations.
   - **Interpretability and Mechanism Representation**: The abstract emphasizes that the new method addresses the shortcomings of conventional machine learning in terms of interpretability and mechanism representation.
   - **Model Capabilities**: The model is described as having advanced capacities to represent interplays between subprocesses, nonstationary subprocess dynamics, and automatically interpret key input interactions and dominant variables.
   - **Evaluation**: The model's performance was tested on synthetic datasets and compared to other models, showing better performance in both prediction and generalization experiments.
   - **Consistency with Domain Knowledge**: The interpretations regarding subprocess mechanisms were robust and consistent with domain knowledge.
   - **Conclusion**: The study suggests that improving a model's mechanism representation capability is crucial for modeling complex systems like the SPAC.

3. **Key Points**:
   - The researchers developed a model that can interpret subprocess mechanisms within the SPAC system.
   - The interpretations were consistent with domain knowledge, suggesting that the model's explanations align with known scientific phenomena.
   - The focus is on enhancing the model's mechanism representation capability rather than just making predictions.

4. **Determination**:
   - The researchers are using model explanations to understand the subprocess mechanisms within the SPAC system.
   - They are making claims about the robustness and consistency of these interpretations with domain knowledge, which implies they are using the model to gain insights into the natural processes of the SPAC system.

Given the emphasis on understanding subprocess mechanisms and the consistency with domain knowledge, it is clear that the researchers are using the model explanations to make new claims about the scientific phenomena within the SPAC system.
"
137,https://api.elsevier.com/content/abstract/scopus_id/85190408016,SCOPUS_ID:85190408016,2-s2.0-85190408016,Extreme sparsification of physics-augmented neural networks for interpretable model discovery in mechanics,Fuhg J.N.,Computer Methods in Applied Mechanics and Engineering,10.1016/j.cma.2024.116973,Journal,ar,Article,"Data-driven constitutive modeling with neural networks has received increased interest in recent years due to its ability to easily incorporate physical and mechanistic constraints and to overcome the challenging and time-consuming task of formulating phenomenological constitutive laws that can accurately capture the observed material response. However, even though neural network-based constitutive laws have been shown to generalize proficiently, the generated representations are not easily interpretable due to their high number of trainable parameters. Sparse regression approaches exist that allow for obtaining interpretable expressions, but the user is tasked with creating a library of model forms which by construction limits their expressiveness to the functional forms provided in the libraries. In this work, we propose to train regularized physics-augmented neural network-based constitutive models utilizing a smoothed version of L0-regularization. This aims to maintain the trustworthiness inherited by the physical constraints, but also enables interpretability which has not been possible thus far on any type of machine learning-based constitutive model where model forms were not assumed a priori but were actually discovered. During the training process, the network simultaneously fits the training data and penalizes the number of active parameters, while also ensuring constitutive constraints such as thermodynamic consistency. We show that the method can reliably obtain interpretable and trustworthy constitutive models for compressible and incompressible hyperelasticity, yield functions, and hardening models for elastoplasticity, using synthetic and experimental data. This work aims to set a new paradigm for interpretable machine learning models in the broad area of solid mechanics where low and limited data is available along with prior knowledge of physical constraints that the learned maps need to obey. This paradigm can potentially be extended to a broader spectrum of scientific exploration.",True,"The research abstract discusses the development of a method for creating interpretable constitutive models using physics-augmented neural networks. It emphasizes the ability to discover model forms without pre-assuming them, which suggests that the approach is focused on understanding the underlying physical processes rather than merely explaining the behavior of the machine learning model itself. The use of regularization to maintain interpretability while adhering to physical constraints indicates that the insights drawn from the model are aimed at understanding material responses in mechanics.

Thus, the explanations provided by this research do help in understanding the underlying processes of material behavior.
",True,"Step-by-step analysis:

1. **Objective**: The research aims to create interpretable constitutive models in mechanics using neural networks with L0-regularization.
2. **Method**: The method involves training physics-augmented neural networks with a smoothed version of L0-regularization to ensure interpretability and adherence to physical constraints.
3. **Interpretability**: The goal is to discover model forms that are interpretable and trustworthy without assuming them a priori.
4. **Insights**: The research claims to obtain interpretable constitutive models for various mechanical phenomena (compressible and incompressible hyperelasticity, yield functions, and hardening models for elastoplasticity).
5. **Explanation of ML Model**: The focus is on making the neural network's output interpretable by reducing the number of active parameters and ensuring physical constraints.
6. **Understanding Underlying Processes**: The interpretable models aim to provide insights into the material response and mechanical behavior, which are underlying processes in solid mechanics.

Conclusion: The explanations provided by the ML model help understand the underlying processes in mechanics, not just the model itself.
",,True,"The researchers in the abstract are focused on developing a method for creating interpretable constitutive models using physics-augmented neural networks. They emphasize the importance of maintaining trustworthiness through physical constraints while also achieving interpretability. The goal is to discover new model forms rather than relying on predefined libraries, which suggests an intention to uncover underlying physical laws or relationships in the data.

The mention of obtaining interpretable and trustworthy constitutive models indicates that the researchers are not merely using model explanations for deployment or prediction purposes. Instead, they are leveraging these explanations to gain insights into the mechanics of materials, which aligns with scientific discovery. The work aims to set a new paradigm in solid mechanics, suggesting that the findings could lead to new claims about the underlying physical processes.

Given this context, the explanations provided by the model are being used to understand and potentially discover new scientific phenomena related to material behavior.
",True,"Step 1: Identify the main goal of the research.
- The main goal is to create interpretable and trustworthy constitutive models using physics-augmented neural networks with a focus on sparsification.

Step 2: Determine the role of interpretability in the research.
- The researchers aim to achieve interpretability by using a smoothed version of L0-regularization to reduce the number of active parameters in the neural network.

Step 3: Assess whether the interpretability is used to understand the model or the underlying natural processes.
- The abstract mentions that the method can obtain interpretable and trustworthy constitutive models for various mechanical phenomena (e.g., hyperelasticity, yield functions, hardening models).
- The interpretability is achieved by ensuring the models adhere to physical constraints such as thermodynamic consistency.

Step 4: Evaluate if the researchers are making new scientific claims based on the model explanations.
- The abstract states that the method ""enables interpretability which has not been possible thus far on any type of machine learning-based constitutive model where model forms were not assumed a priori but were actually discovered.""
- The researchers claim that this work sets a new paradigm for interpretable machine learning models in solid mechanics and potentially extends to broader scientific exploration.

Step 5: Determine if the explanations are used for scientific discovery or model deployment.
- The researchers are using the explanations to discover new constitutive models that adhere to physical constraints, which implies they are making new scientific claims about the underlying natural processes.

Conclusion: The researchers are using model explanations to make new claims about scientific phenomena, specifically in the field of solid mechanics.
"
139,https://api.elsevier.com/content/abstract/scopus_id/85190067297,SCOPUS_ID:85190067297,2-s2.0-85190067297,Insights into the transformation of natural organic matter during UV/peroxydisulfate treatment by FT-ICR MS and machine learning: Non-negligible formation of organosulfates,Li J.,Water Research,10.1016/j.watres.2024.121564,Journal,ar,Article,"Natural organic matter (NOM) is a major sink of radicals in advanced oxidation processes (AOPs) and understanding the transformation of NOM is important in water treatment. By using Fourier transform ion cyclotron resonance mass spectrometry (FT-ICR MS) in conjunction with machine learning, we comprehensively investigated the reactivity and transformation of NOM, and the formation of organosulfates during the UV/peroxydisulfate (PDS) process. After 60 min UV/PDS treatment, the CHO formula number and dissolved organic carbon concentration significantly decreased by 83.4 % and 74.8 %, respectively. Concurrently, the CHOS formula number increased substantially from 0.7 % to 20.5 %. Machine learning identifies DBE and AImod as the critical characteristics determining the reactivity of NOM during UV/PDS treatment. Furthermore, linkage analysis suggests that decarboxylation and dealkylation reactions are dominant transformation pathways, while the additions of SO3 and SO4 are also non-negligible. According to SHAP analysis, the m/z, number of oxygens, DBE and O/C of NOM were positively correlated with the formation of organosulfates in UV/PDS process. 92 organosulfates were screened out by precursor ion scan of HPLC-MS/MS and verified by UPLC-Q-TOF-MS, among which, 7 organosufates were quantified by authentic standards with the highest concentrations ranging from 2.1 to 203.0 ng L‒1. In addition, the cytotoxicity of NOM to Chinese Hamster Ovary (CHO) cells increased by 13.8 % after 30 min UV/PDS treatment, likely responsible for the formation of organosulfates. This is the first study to employ FT-ICR MS combined with machine learning to identify the dominant NOM properties affecting its reactivity and confirmed the formation of organosulfates from sulfate radical oxidation of NOM.",True,"The abstract describes a study that uses machine learning, specifically SHAP analysis, to identify critical characteristics of natural organic matter (NOM) that influence its reactivity during UV/peroxydisulfate treatment. The insights drawn from the SHAP analysis, such as the positive correlation between certain molecular features (m/z, number of oxygens, DBE, and O/C) and the formation of organosulfates, provide an understanding of the underlying chemical processes involved in the transformation of NOM. The study goes beyond merely explaining model behavior; it connects the identified features to the chemical reactions and pathways occurring during the treatment process.

True
",True,"Step-by-step analysis:

1. **Research Focus**: The study investigates the transformation of natural organic matter (NOM) during UV/peroxydisulfate (PDS) treatment.
2. **Techniques Used**: Fourier transform ion cyclotron resonance mass spectrometry (FT-ICR MS) and machine learning.
3. **Key Findings**:
   - Significant decrease in CHO formula number and dissolved organic carbon concentration.
   - Increase in CHOS formula number.
   - Identification of critical characteristics (DBE and AImod) determining NOM reactivity.
   - Linkage analysis suggesting dominant transformation pathways (decarboxylation, dealkylation, SO3 and SO4 additions).
   - SHAP analysis showing correlations between NOM properties (m/z, number of oxygens, DBE, O/C) and organosulfate formation.
4. **Insights from SHAP Analysis**: The SHAP analysis provides insights into how specific NOM properties are correlated with the formation of organosulfates, which helps in understanding the underlying chemical processes during UV/PDS treatment.

Conclusion: The explanations derived from the machine learning model (specifically SHAP analysis) help understand the underlying chemical processes and transformations of NOM, not just the model behavior.
",,True,"The researchers in this study utilize machine learning to analyze the transformation of natural organic matter (NOM) during a specific treatment process. They employ SHAP analysis to identify which characteristics of NOM (such as m/z, number of oxygens, DBE, and O/C) are positively correlated with the formation of organosulfates. This indicates that the explanations provided by the model are being used to understand the underlying chemical processes and transformations occurring in NOM during the UV/peroxydisulfate treatment.

The researchers make new claims about the dominant transformation pathways (decarboxylation and dealkylation) and the significant increase in organosulfate formation, which are directly tied to the insights gained from the model explanations. This suggests that the explanations are not merely for model interpretability but are actively contributing to scientific understanding and discovery regarding the behavior of NOM in water treatment processes.

Given this analysis, the explanations are being used to derive new scientific insights rather than just to aid in model deployment or predictions.
",True,"Step-by-step analysis:

1. **Title and Abstract Overview**: The study investigates the transformation of natural organic matter (NOM) during UV/peroxydisulfate (PDS) treatment using FT-ICR MS and machine learning. The focus is on understanding the reactivity and transformation of NOM and the formation of organosulfates.

2. **Machine Learning Role**: The abstract mentions that machine learning was used to identify critical characteristics (DBE and AImod) determining the reactivity of NOM during the UV/PDS treatment. Additionally, SHAP analysis was used to correlate specific features (m/z, number of oxygens, DBE, and O/C) with the formation of organosulfates.

3. **Scientific Claims**: The researchers make several scientific claims based on their findings:
   - Identification of dominant transformation pathways (decarboxylation and dealkylation).
   - Correlation of NOM properties with the formation of organosulfates.
   - Increased cytotoxicity of NOM to Chinese Hamster Ovary (CHO) cells after treatment, likely due to organosulfate formation.

4. **Use of Model Explanations**: The SHAP analysis is used to correlate specific features of NOM with the formation of organosulfates, which is a scientific claim about the natural process. The researchers are not just using the model to aid in deploying their ML system or making predictions; they are using the model explanations to understand and make new claims about the transformation processes of NOM and the formation of organosulfates.

5. **Conclusion**: The researchers are explicitly using the model explanations to make new scientific claims about the natural processes involved in the transformation of NOM and the formation of organosulfates.
"
149,https://api.elsevier.com/content/abstract/scopus_id/85193240024,SCOPUS_ID:85193240024,2-s2.0-85193240024,Machine Learning-Assisted Study of REN<inf>x</inf>C<inf>6-x</inf>-Doped Graphene as Potential Electrocatalysts for Oxygen Electrode Reactions,Fu Q.,Langmuir,10.1021/acs.langmuir.4c00803,Journal,ar,Article,"In the application of renewable energy, the oxidation-reduction reaction (ORR) and oxygen evolution reaction (OER) are two crucial reactions. Single-atom catalysts (SACs) based on metal-doped graphene have been widely employed due to their high activity and high atom utilization efficiency. However, the catalytic activity is significantly influenced by different metals and local coordination, making it challenging to efficiently screen through either experimental or density functional theory (DFT) calculations. To address this issue, this study employed a combination of DFT calculations and machine learning (DFT-ML) to investigate rare earth-modified carbon-based (RENxC6-x) electrocatalysts. Based on computational data from 75 catalysts, we trained two ML models to capture the underlying patterns of physical properties and overpotential. Subsequently, the candidate catalysts were screened, leading to the discovery of four ORR catalysts, nine OER catalysts, and five bifunctional electrocatalysts, all of which were thoroughly validated for their stability. Lastly, by integrating the ML models with the SHAP analysis framework, we revealed the influence of atomic radius, Pauling electronegativity, and other features on the catalytic activity. Additionally, we analyzed the physicochemical properties of potential catalysts through DFT calculations. The revolutionary DFT-ML approach provides a crucial driving force for the design and synthesis of potential catalysts in subsequent studies.",True,"The research abstract describes the use of machine learning in conjunction with DFT calculations to study electrocatalysts. The integration of SHAP analysis is specifically mentioned as a means to reveal the influence of various features (like atomic radius and Pauling electronegativity) on catalytic activity. This indicates that the explanations provided by SHAP are being used to understand how these physical properties affect the underlying catalytic processes, rather than merely explaining the behavior of the machine learning model itself.

Thus, the explanations do help understand the underlying processes.
",True,"1. The abstract mentions the use of SHAP analysis to reveal the influence of atomic radius, Pauling electronegativity, and other features on catalytic activity.
2. These insights are derived from explaining the ML model's behavior.
3. The insights pertain to the underlying physical and chemical properties that affect catalytic activity, not just the model's behavior.
",,True,"In the provided abstract, the researchers utilize machine learning models to analyze the catalytic activity of various electrocatalysts. They mention using SHAP analysis to reveal the influence of specific features, such as atomic radius and Pauling electronegativity, on catalytic activity. This suggests that they are not merely using the model explanations to understand the model's predictions but are also leveraging these insights to draw conclusions about the underlying physical properties that affect catalytic performance.

The integration of SHAP analysis indicates an attempt to connect the model's outputs to real-world scientific phenomena, specifically the factors influencing electrocatalytic activity. By identifying and validating the influence of these features, the researchers are making claims about the natural processes involved in catalysis, which goes beyond just model interpretation.

Therefore, the explanations provided by the model are being used to support scientific discovery regarding the properties of electrocatalysts.
",True,"Step-by-step analysis:

1. **Title and Abstract Overview**: The study focuses on using machine learning (ML) and density functional theory (DFT) to investigate rare earth-modified carbon-based electrocatalysts for oxygen electrode reactions.

2. **Purpose of ML Models**: The ML models are trained to capture patterns in physical properties and overpotential based on computational data from 75 catalysts.

3. **Screening and Validation**: The ML models are used to screen candidate catalysts, leading to the discovery of several potential catalysts, which are then validated for stability.

4. **Use of SHAP Analysis**: The researchers use SHAP analysis to reveal the influence of features such as atomic radius and Pauling electronegativity on catalytic activity.

5. **Integration with DFT Calculations**: The study integrates ML models with DFT calculations to analyze the physicochemical properties of potential catalysts.

6. **Claims and Discoveries**: The abstract mentions that the SHAP analysis reveals the influence of certain features on catalytic activity, which suggests that the researchers are using model explanations to understand the underlying physical phenomena.

7. **Final Determination**: The researchers are explicitly using the SHAP analysis to make claims about the influence of specific features on catalytic activity, which goes beyond merely understanding the model and extends to understanding the natural processes involved.
"
151,https://api.elsevier.com/content/abstract/scopus_id/85192226712,SCOPUS_ID:85192226712,2-s2.0-85192226712,Machine-Learning-Assisted Descriptors Identification for Indoor Formaldehyde Oxidation Catalysts,Cao X.,Environmental Science and Technology,10.1021/acs.est.4c01691,Journal,ar,Article,"The development of highly efficient catalysts for formaldehyde (HCHO) oxidation is of significant interest for the improvement of indoor air quality. Up to 400 works relating to the catalytic oxidation of HCHO have been published to date; however, their analysis for collective inference through conventional literature search is still a challenging task. A machine learning (ML) framework was presented to predict catalyst performance from experimental descriptors based on an HCHO oxidation catalysts database. MnOx, CeO2, Co3O4, TiO2, FeOx, ZrO2, Al2O3, SiO2, and carbon-based catalysts with different promoters were compiled from the literature. Notably, 20 descriptors including reaction catalyst composition, reaction conditions, and catalyst physical properties were collected for data mining (2263 data points). Furthermore, the eXtreme Gradient Boosting algorithm was employed, which successfully predicted the conversion efficiency of HCHO with an R-square value of 0.81. Shapley additive analysis suggested Pt/MnO2 and Ag/Ce-Co3O4 exhibited excellent catalytic performance of HCHO oxidation based on the analysis of the entire database. Validated by experimental tests and theoretical simulations, the key descriptor identified by ML, i.e., the first promoter, was further described as metal-support interactions. This study highlights ML as a useful tool for database establishment and the catalyst rational design strategy based on the importance of analysis between experimental descriptors and the performance of complex catalytic systems.",True,"1. The research uses machine learning to analyze a database of catalysts for formaldehyde oxidation, focusing on predicting catalyst performance based on various descriptors.
2. The use of SHAP (Shapley additive analysis) is mentioned, which helps identify which catalysts (e.g., Pt/MnO2 and Ag/Ce-Co3O4) perform well based on the descriptors.
3. The key descriptor identified is related to metal-support interactions, which provides insight into the underlying catalytic processes.

The explanations derived from the machine learning model do help in understanding the underlying processes involved in catalyst performance, particularly through the identification of important descriptors and their implications.

True
",True,"1. The abstract describes the use of a machine learning framework to predict catalyst performance from experimental descriptors.
2. The eXtreme Gradient Boosting algorithm is used to predict the conversion efficiency of HCHO.
3. Shapley additive analysis (SHAP) is employed to identify key descriptors influencing the model's predictions.
4. The key descriptor identified by SHAP, the first promoter, is further described as metal-support interactions.
5. This insight is validated by experimental tests and theoretical simulations, suggesting that the identified descriptor (metal-support interactions) is crucial for understanding the catalytic performance.

The explanations provided by SHAP help understand the underlying process of catalyst performance, not just the model behavior.
",,True,"In the provided abstract, the researchers utilize machine learning to predict the performance of catalysts for formaldehyde oxidation. They employ the eXtreme Gradient Boosting algorithm and use Shapley additive analysis to identify key descriptors that influence catalytic performance. The mention of ""key descriptor identified by ML"" and the focus on ""metal-support interactions"" suggests that the researchers are not merely using the model explanations to understand the model itself, but are also making claims about the underlying scientific phenomena related to catalyst performance.

The explanations provided by the model (through SHAP) are being used to draw conclusions about which factors are important in the catalytic process, indicating a deeper understanding of the natural processes involved. This suggests that the researchers are leveraging the model explanations to contribute to scientific discovery, rather than just for model validation or deployment.
",True,"Let's break down the abstract step by step:

1. **Objective**: The study aims to develop efficient catalysts for formaldehyde (HCHO) oxidation to improve indoor air quality.
2. **Data Collection**: The researchers compiled a database of catalysts from the literature, including 20 descriptors such as catalyst composition, reaction conditions, and physical properties.
3. **ML Framework**: They used the eXtreme Gradient Boosting algorithm to predict catalyst performance, achieving an R-square value of 0.81.
4. **Model Explanation**: Shapley additive analysis (SHAP) was used to identify which catalysts exhibited excellent performance.
5. **Validation**: The key descriptor identified by the ML model (the first promoter) was validated through experimental tests and theoretical simulations, and it was further described as metal-support interactions.

**Analysis**:
- The researchers used SHAP to identify important descriptors that contribute to the model's predictions.
- They validated the key descriptor identified by the model through experimental tests and theoretical simulations.
- The study claims that the key descriptor (first promoter) is related to metal-support interactions, which is a scientific phenomenon.

**Conclusion**:
The researchers are using model explanations (SHAP) to make new scientific claims about the importance of the first promoter and its relation to metal-support interactions. This goes beyond merely understanding the model and extends to understanding the underlying scientific phenomena.
"
175,https://api.elsevier.com/content/abstract/scopus_id/85185320302,SCOPUS_ID:85185320302,2-s2.0-85185320302,SLIDE: Significant Latent Factor Interaction Discovery and Exploration across biological domains,Rahimikollu J.,Nature Methods,10.1038/s41592-024-02175-z,Journal,ar,Article,"Modern multiomic technologies can generate deep multiscale profiles. However, differences in data modalities, multicollinearity of the data, and large numbers of irrelevant features make analyses and integration of high-dimensional omic datasets challenging. Here we present Significant Latent Factor Interaction Discovery and Exploration (SLIDE), a first-in-class interpretable machine learning technique for identifying significant interacting latent factors underlying outcomes of interest from high-dimensional omic datasets. SLIDE makes no assumptions regarding data-generating mechanisms, comes with theoretical guarantees regarding identifiability of the latent factors/corresponding inference, and has rigorous false discovery rate control. Using SLIDE on single-cell and spatial omic datasets, we uncovered significant interacting latent factors underlying a range of molecular, cellular and organismal phenotypes. SLIDE outperforms/performs at least as well as a wide range of state-of-the-art approaches, including other latent factor approaches. More importantly, it provides biological inference beyond prediction that other methods do not afford. Thus, SLIDE is a versatile engine for biological discovery from modern multiomic datasets.",True,"The abstract describes the SLIDE technique as an interpretable machine learning method that identifies significant interacting latent factors from high-dimensional omic datasets. It emphasizes that SLIDE provides biological inference beyond mere prediction, suggesting that it helps uncover underlying biological processes rather than just explaining model behavior. The focus on identifying significant latent factors and their interactions indicates that the method is aimed at understanding the underlying phenomena in biological systems.
",True,"Step-by-step analysis of the abstract:

1. **Objective**: The research aims to identify significant interacting latent factors underlying outcomes of interest from high-dimensional omic datasets.
2. **Method**: SLIDE is described as an interpretable machine learning technique.
3. **Insights**: The abstract mentions that SLIDE uncovers significant interacting latent factors underlying various phenotypes.
4. **Explanation of ML Model**: The focus is on identifying latent factors and their interactions, not on explaining the behavior of the ML model itself.
5. **Understanding Underlying Processes**: The latent factors and their interactions provide biological inference, which helps in understanding the underlying molecular, cellular, and organismal processes.

Conclusion: The explanations provided by SLIDE help understand the underlying biological processes.
",,True,"The abstract describes the development of SLIDE, an interpretable machine learning technique aimed at identifying significant interacting latent factors in high-dimensional omic datasets. The researchers emphasize that SLIDE provides biological inference beyond mere prediction, suggesting that the explanations derived from the model are being used to uncover new insights into biological processes. They claim to have discovered significant interacting latent factors that underlie various molecular, cellular, and organismal phenotypes, which indicates that the explanations are not just for understanding the model but are also contributing to scientific discovery.

The mention of ""biological inference beyond prediction"" strongly implies that the researchers are using the model's explanations to make new claims about biological phenomena, rather than solely for the purpose of model deployment or prediction accuracy.
",True,"Step 1: **Title Analysis**
- The title mentions ""Significant Latent Factor Interaction Discovery and Exploration across biological domains,"" which suggests a focus on discovering and exploring interactions within biological data.

Step 2: **Abstract Analysis**
- The abstract describes SLIDE as an ""interpretable machine learning technique for identifying significant interacting latent factors underlying outcomes of interest from high-dimensional omic datasets.""
- It emphasizes that SLIDE ""makes no assumptions regarding data-generating mechanisms"" and has ""theoretical guarantees regarding identifiability of the latent factors/corresponding inference"" and ""rigorous false discovery rate control.""
- The abstract claims that using SLIDE on single-cell and spatial omic datasets, they ""uncovered significant interacting latent factors underlying a range of molecular, cellular and organismal phenotypes.""
- It also states that SLIDE ""provides biological inference beyond prediction that other methods do not afford,"" suggesting that the method is used for biological discovery.

Step 3: **Determining the Use of Model Explanations**
- The researchers claim that SLIDE uncovers significant interacting latent factors and provides biological inference, which implies that they are using the model explanations to make new claims about biological phenomena.
- The phrase ""biological inference beyond prediction"" indicates that the researchers are not just using the model for deployment or prediction but are making scientific discoveries based on the model's explanations.

Conclusion:
- The researchers are explicitly using the model explanations to make new claims about biological processes and phenomena, indicating that they are using the explanations for scientific discovery.
"
185,https://api.elsevier.com/content/abstract/scopus_id/85190838000,SCOPUS_ID:85190838000,2-s2.0-85190838000,Polymer design via SHAP and Bayesian machine learning optimizes pDNA and CRISPR ribonucleoprotein delivery,Dalal R.J.,Chemical Science,10.1039/d3sc06920f,Journal,ar,Article,"We present the facile synthesis of a clickable polymer library with systematic variations in length, binary composition, pKa, and hydrophobicity (clog P) to optimize intracellular pDNA and CRISPR-Cas9 ribonucleoprotein (RNP) performance. We couple physicochemical characterization and machine learning to interpret quantitative structure-property relationships within the combinatorial design space. For the first time, we reveal unexpected disparate design parameters for nucleic acid carriers; via explainable machine learning on 432 formulations, we discover that lower polymer pKa and higher percentages of benzimidazole ethanethiol enhance pDNA delivery, yet polymer length and captamine cation identity improve RNP delivery. Closed-loop Bayesian optimization of 552 formulation ratios further enhances in vitro performance. The top three polymers yield a higher signal and stable transgene expression over 20 days in vivo, and a 1.7-fold enhancement over controls. Our facile coupling of synthesis, characterization, and machine analysis provides powerful tools to quantitate performance parameters accelerating next-generation vehicles for nucleic acid medicines.",True,"The abstract describes the use of SHAP and Bayesian machine learning to analyze the effects of various polymer design parameters on the delivery of pDNA and CRISPR RNPs. It mentions that the application of explainable machine learning reveals unexpected relationships between design parameters and delivery performance. The insights drawn from the SHAP analysis help identify which specific polymer characteristics enhance delivery, indicating an understanding of the underlying processes involved in nucleic acid carrier performance rather than merely explaining the model's behavior.
",True,"Step-by-step analysis:

1. **Title Analysis**: The title mentions SHAP and Bayesian machine learning in the context of optimizing pDNA and CRISPR ribonucleoprotein delivery, suggesting the use of explainable ML techniques.

2. **Abstract Analysis**:
   - **Synthesis and Characterization**: The study involves the synthesis of a polymer library with variations in specific properties.
   - **Machine Learning for Interpretation**: The abstract states that machine learning is used to interpret quantitative structure-property relationships.
   - **Discovery of Design Parameters**: It mentions the discovery of specific design parameters (e.g., lower polymer pKa and higher percentages of benzimidazole ethanethiol for pDNA delivery) through explainable machine learning.
   - **Bayesian Optimization**: Bayesian optimization is used to further enhance performance, but this is more about optimization rather than understanding underlying processes.

3. **Insights from Explainable ML**:
   - The study reveals specific chemical properties that enhance pDNA and RNP delivery.
   - These insights are derived from explainable ML techniques applied to the data.

4. **Understanding Underlying Processes**:
   - The insights about polymer pKa, benzimidazole ethanethiol percentage, polymer length, and captamine cation identity are related to the underlying chemical and biological processes affecting delivery performance.
   - These insights go beyond just explaining the model's behavior; they provide understanding of the factors influencing the delivery mechanisms.

Conclusion: The explanations derived from the ML model help understand the underlying processes of polymer design and nucleic acid delivery.
",,True,"In the provided abstract, the researchers utilize SHAP (SHapley Additive exPlanations) to interpret the relationships between the design parameters of polymers and their performance in delivering nucleic acids. They mention discovering ""unexpected disparate design parameters"" that influence the delivery of pDNA and RNP, which suggests that the explanations derived from the model are being used to gain insights into the underlying biological processes and the effects of different polymer characteristics on delivery efficiency.

The researchers are not merely using the model explanations to improve predictions or aid in deploying their machine learning system; they are making new claims about the relationships between specific polymer properties and their performance in biological applications. This indicates that the explanations are contributing to scientific discovery by revealing new insights into the design of nucleic acid carriers.

Therefore, the explanations are being used for scientific discovery rather than just for model understanding.
",True,"Step 1: **Title Analysis**
- The title mentions ""SHAP and Bayesian machine learning"" in the context of optimizing pDNA and CRISPR ribonucleoprotein delivery. This suggests the use of explainable AI (XAI) techniques.

Step 2: **Abstract Analysis**
- The abstract describes the synthesis of a polymer library with variations in several properties to optimize delivery performance.
- It mentions coupling physicochemical characterization with machine learning to interpret quantitative structure-property relationships.
- The phrase ""For the first time, we reveal unexpected disparate design parameters for nucleic acid carriers"" suggests that the researchers are making new claims about the design parameters.
- The use of ""explainable machine learning on 432 formulations"" indicates that SHAP or similar techniques were used to derive these insights.
- Specific findings are mentioned: lower polymer pKa and higher percentages of benzimidazole ethanethiol enhance pDNA delivery, while polymer length and captamine cation identity improve RNP delivery.
- The abstract concludes with the application of Bayesian optimization to further enhance performance, indicating a closed-loop system for optimization.

Step 3: **Determination**
- The researchers explicitly state that they ""reveal unexpected disparate design parameters"" using explainable machine learning. This indicates that they are using model explanations to make new scientific claims about the design parameters affecting nucleic acid delivery.
- The findings about polymer pKa, benzimidazole ethanethiol, polymer length, and captamine cation identity are presented as new insights derived from the model explanations.

Conclusion:
- The researchers are using model explanations to understand natural processes or scientific phenomena, specifically the design parameters for nucleic acid carriers.
"
190,https://api.elsevier.com/content/abstract/scopus_id/85184842038,SCOPUS_ID:85184842038,2-s2.0-85184842038,Unveiling the performance impact of module level features on parallel-connected lithium-ion cells via explainable machine learning techniques on a full factorial design of experiments,Piombo G.,Journal of Energy Storage,10.1016/j.est.2024.110783,Journal,ar,Article,"Parallel string performance imbalances are unavoidable due to manufacturing-related cell-to-cell inhomogeneities (e.g. capacity, internal resistance), suboptimal pack and cooling system design. Understanding the most important features at a single cell and module level influencing the heterogeneity propagation inside the modules/packs is therefore crucial to limiting the phenomenon. In this article, a methodology combining well-established non-invasive single-cell characterisation tests with data-driven modelling tools is proposed. Two batches of twenty new, commercial NMC and NCA cells are first characterised to identify out-of-manufacture internal resistance and capacity distributions. Then, a 54 test condition full-factorial Design of Experiment campaign on four cells ladder-parallel connected modules is performed. The experiments inform about how the cells’ current, State of Charge, temperature distributions and time to self-balance under 0.75C constant current discharge loads are affected by interconnection resistance, operating temperature, different chemistry combination and ageing. The multivariate linear model analysis confirms that combining NMC and NCA cells in parallel is possible both for first and second life applications. Nevertheless, mixing different chemistries and including an aged cell show a detrimental effect on the balanced performance of the module. The application of Explainable Machine Learning techniques such as SHAP, Partial Dependence Plots and Individual Conditional Expectation closes the gap between data-driven models’ interpretability against traditional black box models while maintaining the advantage of capturing highly non-linear control-response relationships. According to the results, the interconnection resistance is the most relevant contributor to heterogeneous performance within the string. In the first and middle phases of the discharge, the distributions of internal resistance and capacity impact the load imbalance across the cells, respectively. Increasing the operating temperature contributes to exacerbate the thermal gradient in the string.",True,"The research abstract describes a study that uses explainable machine learning techniques, such as SHAP, to analyze the performance impact of various features on lithium-ion cells. The insights drawn from the application of these techniques focus on identifying the most relevant contributors to performance imbalances, such as interconnection resistance and the effects of temperature and cell chemistry. These insights help to understand the underlying processes affecting the performance of the cells and modules, rather than merely explaining the behavior of the machine learning model itself.
",True,"Step-by-step analysis:

1. **Objective**: The research aims to understand the impact of module-level features on the performance of parallel-connected lithium-ion cells.
2. **Methodology**: Combines single-cell characterization tests with data-driven modeling tools.
3. **Experiments**: Conducted a full-factorial Design of Experiment to study various conditions affecting cell performance.
4. **ML Techniques**: Uses SHAP, Partial Dependence Plots, and Individual Conditional Expectation to interpret the data-driven models.
5. **Insights**: 
   - Identified interconnection resistance as the most relevant contributor to performance heterogeneity.
   - Found that internal resistance and capacity distributions impact load imbalance during different discharge phases.
   - Determined that increasing operating temperature exacerbates thermal gradients.

**Conclusion**: The explanations provided by the ML techniques (SHAP, etc.) are used to understand the underlying processes affecting the performance of lithium-ion cells, not just the model behavior.
",,True,"The researchers in the abstract are using explainable machine learning techniques to gain insights into the performance of lithium-ion cells and the factors influencing their behavior. They specifically mention that the application of SHAP and other techniques helps to interpret the data-driven models and understand the relationships between various features, such as interconnection resistance and thermal gradients, and their impact on performance. 

The explanations provided by these techniques are not merely for the sake of model interpretability; they are being used to draw conclusions about the underlying physical processes affecting the performance of the cells. For instance, the identification of interconnection resistance as the most relevant contributor to heterogeneous performance indicates that the researchers are making claims about the natural processes at play, rather than just focusing on the model's predictions.

Thus, the explanations are being used to inform scientific understanding and contribute to knowledge about the behavior of lithium-ion cells in practical applications.
",True,"Step-by-step analysis:

1. **Title Analysis**: The title suggests that the study aims to understand the performance impact of features on lithium-ion cells using explainable machine learning (XAI) techniques.

2. **Abstract Breakdown**:
   - **Problem Statement**: The researchers are addressing performance imbalances in parallel-connected lithium-ion cells due to manufacturing inhomogeneities and suboptimal design.
   - **Methodology**: They combine single-cell characterization tests with data-driven modeling tools. They perform a full-factorial Design of Experiment (DoE) on cell modules to gather data on various conditions.
   - **Data Collection**: They collect data on current, State of Charge, temperature distributions, and time to self-balance under specific conditions.
   - **Modeling and Analysis**: They use multivariate linear model analysis to understand the effects of different conditions on cell performance.
   - **XAI Techniques**: They apply SHAP, Partial Dependence Plots, and Individual Conditional Expectation to interpret the data-driven models.

3. **Key Findings**:
   - **Interconnection Resistance**: Identified as the most relevant contributor to performance heterogeneity.
   - **Discharge Phases**: Internal resistance and capacity distributions impact load imbalance during different discharge phases.
   - **Operating Temperature**: Increasing temperature exacerbates thermal gradients.

4. **Use of XAI**: The researchers use XAI techniques to interpret the data-driven models and identify key contributors to performance heterogeneity.

5. **Claims and Discoveries**:
   - The researchers make specific claims about the impact of interconnection resistance, internal resistance, capacity distributions, and operating temperature on cell performance.
   - These claims are based on the insights provided by the XAI techniques.

6. **Conclusion**: The researchers are using model explanations to make new claims about the natural processes and scientific phenomena related to lithium-ion cell performance. They are not just using XAI to aid in deploying their ML system or making predictions.
"
191,https://api.elsevier.com/content/abstract/scopus_id/85188624798,SCOPUS_ID:85188624798,2-s2.0-85188624798,Revealing the grammar of small RNA secretion using interpretable machine learning,Zirak B.,Cell Genomics,10.1016/j.xgen.2024.100522,Journal,ar,Article,"Small non-coding RNAs can be secreted through a variety of mechanisms, including exosomal sorting, in small extracellular vesicles, and within lipoprotein complexes. However, the mechanisms that govern their sorting and secretion are not well understood. Here, we present ExoGRU, a machine learning model that predicts small RNA secretion probabilities from primary RNA sequences. We experimentally validated the performance of this model through ExoGRU-guided mutagenesis and synthetic RNA sequence analysis. Additionally, we used ExoGRU to reveal cis and trans factors that underlie small RNA secretion, including known and novel RNA-binding proteins (RBPs), e.g., YBX1, HNRNPA2B1, and RBM24. We also developed a novel technique called exoCLIP, which reveals the RNA interactome of RBPs within the cell-free space. Together, our results demonstrate the power of machine learning in revealing novel biological mechanisms. In addition to providing deeper insight into small RNA secretion, this knowledge can be leveraged in therapeutic and synthetic biology applications.",True,"1. The research uses interpretable machine learning (ExoGRU) to predict small RNA secretion probabilities and identifies factors influencing this process.
2. The insights drawn from the model include identifying known and novel RNA-binding proteins that affect small RNA secretion, which contributes to understanding the underlying biological mechanisms.
3. The explanations provided by the model help to understand the underlying processes of small RNA secretion rather than just the model behavior.
",True,"1. The abstract mentions the use of ExoGRU, a machine learning model, to predict small RNA secretion probabilities.
2. It states that the model's performance was experimentally validated through mutagenesis and synthetic RNA sequence analysis.
3. The abstract highlights that ExoGRU was used to reveal cis and trans factors underlying small RNA secretion, including known and novel RNA-binding proteins.
4. The development of exoCLIP is mentioned, which reveals the RNA interactome of RBPs within the cell-free space.
5. The abstract concludes that the results demonstrate the power of machine learning in revealing novel biological mechanisms.

The insights drawn from ExoGRU are used to understand the underlying biological processes of small RNA secretion, not just the model's behavior.
",,True,"In the provided abstract, the researchers describe the use of a machine learning model, ExoGRU, to predict small RNA secretion probabilities and to identify factors influencing this process. They mention that the model has been validated through experimental methods, such as mutagenesis and synthetic RNA sequence analysis. Importantly, they claim to have revealed both known and novel RNA-binding proteins that play a role in small RNA secretion, indicating that the model's explanations are being used to uncover biological mechanisms rather than merely to improve model performance or predictions.

The researchers explicitly state that their findings provide deeper insight into small RNA secretion and contribute to understanding biological mechanisms, which suggests that they are using the model explanations to make new scientific claims about the underlying processes.

Given this analysis, it is clear that the researchers are leveraging the model explanations for scientific discovery rather than just for model deployment or prediction purposes.
",True,"Step-by-step analysis:

1. **Title Analysis**: The title suggests that the study aims to reveal the ""grammar"" of small RNA secretion using interpretable machine learning. This implies a focus on understanding biological mechanisms.

2. **Abstract Analysis**:
   - **Objective**: The study aims to understand the mechanisms governing small RNA secretion.
   - **Model Description**: ExoGRU is a machine learning model designed to predict small RNA secretion probabilities.
   - **Experimental Validation**: The model's predictions were validated through mutagenesis and synthetic RNA sequence analysis, indicating that the model's outputs were tested against biological experiments.
   - **Discovery of Factors**: The researchers used ExoGRU to identify cis and trans factors, including RNA-binding proteins (RBPs) involved in small RNA secretion. This suggests that the model's explanations were used to make new biological discoveries.
   - **Novel Technique**: The development of exoCLIP to reveal the RNA interactome of RBPs further supports the claim that the study is uncovering new biological insights.
   - **Conclusion**: The abstract concludes that machine learning has revealed novel biological mechanisms, indicating that the researchers are using model explanations to make scientific claims.

3. **Claims and Explanations**: The researchers explicitly state that they used the model to reveal new biological mechanisms and identify specific RBPs involved in small RNA secretion. This goes beyond merely understanding the model and extends to making new scientific discoveries.

Based on the abstract, it is clear that the researchers are using model explanations to make new claims about natural processes and scientific phenomena.
"
195,https://api.elsevier.com/content/abstract/scopus_id/85184771986,SCOPUS_ID:85184771986,2-s2.0-85184771986,Exploring pollutant joint effects in disease through interpretable machine learning,Wang S.,Journal of Hazardous Materials,10.1016/j.jhazmat.2024.133707,Journal,ar,Article,"Identifying the impact of pollutants on diseases is crucial. However, assessing the health risks posed by the interplay of multiple pollutants is challenging. This study introduces the concept of Pollutants Outcome Disease, integrating multidisciplinary knowledge and employing explainable artificial intelligence (AI) to explore the joint effects of industrial pollutants on diseases. Using lung cancer as a representative case study, an extreme gradient boosting predictive model that integrates meteorological, socio-economic, pollutants, and lung cancer statistical data is developed. The joint effects of industrial pollutants on lung cancer are identified and analyzed by employing the SHAP (Shapley Additive exPlanations) interpretable machine learning technique. Results reveal substantial spatial heterogeneity in emissions from CPG and ILC, highlighting pronounced nonlinear relationships among variables. The model yielded strong predictions (an R of 0.954, an RMSE of 4283, and an R2 of 0.911) and emphasized the impact of pollutant emission amounts on lung cancer responses. Diverse joint effects patterns were observed, varying in terms of patterns, regions (frequency), and the extent of antagonistic and synergistic effects among pollutants. The study provides a new perspective for exploring the joint effects of pollutants on diseases and demonstrates the potential of AI technology to assist scientific discovery.",True,"The research abstract describes the use of explainable machine learning (specifically SHAP) to analyze the joint effects of industrial pollutants on lung cancer. While the study employs a predictive model, the focus is on understanding the relationships and interactions between pollutants and their impact on disease, rather than solely on model performance. The insights drawn from the SHAP analysis aim to reveal the underlying processes, such as the nonlinear relationships and spatial heterogeneity in pollutant effects.

Thus, the explanations provided by the SHAP technique contribute to understanding the underlying phenomena related to pollutant impacts on health, rather than just explaining the model's behavior.
",True,"1. **Title Analysis**: The title suggests the study is focused on exploring the joint effects of pollutants on diseases using interpretable machine learning.

2. **Abstract Analysis**:
   - **Objective**: The study aims to identify the impact of pollutants on diseases, specifically lung cancer.
   - **Methodology**: An extreme gradient boosting model is used, integrating various data types (meteorological, socio-economic, pollutants, and lung cancer statistics).
   - **Interpretable ML**: SHAP is employed to analyze the joint effects of industrial pollutants on lung cancer.
   - **Findings**: The study reveals spatial heterogeneity in emissions and nonlinear relationships among variables. It also identifies diverse joint effects patterns, including antagonistic and synergistic effects among pollutants.

3. **Insights from SHAP**:
   - **Spatial Heterogeneity**: SHAP helps identify variations in pollutant emissions across different regions.
   - **Nonlinear Relationships**: SHAP reveals complex interactions between pollutants and lung cancer incidence.
   - **Joint Effects Patterns**: SHAP uncovers different patterns of how pollutants jointly affect lung cancer, including antagonistic and synergistic effects.

4. **Conclusion**: The insights drawn from SHAP are used to understand the underlying processes of how pollutants interact and affect lung cancer, rather than just explaining the model's behavior.
",,True,"In the provided abstract, the researchers utilize explainable AI (XAI) techniques, specifically SHAP, to analyze the joint effects of industrial pollutants on lung cancer. They emphasize the identification and analysis of these effects, which suggests that they are not merely using the model explanations to understand the model's predictions but are also leveraging these insights to explore the underlying relationships between pollutants and disease outcomes.

The abstract indicates that the researchers are making claims about the substantial spatial heterogeneity in emissions and the pronounced nonlinear relationships among variables. They also mention diverse joint effects patterns, which implies that the explanations derived from the model are being used to draw conclusions about the natural processes involved in the interplay of pollutants and health outcomes.

Given that the researchers are using the model explanations to derive new insights into the effects of pollutants on diseases, rather than solely for model validation or deployment, it can be concluded that they are engaging in scientific discovery.
",True,"Let's break down the abstract step by step:

1. **Objective**: The study aims to identify the impact of pollutants on diseases, specifically lung cancer, by exploring the joint effects of multiple pollutants.

2. **Methodology**: 
   - They use an extreme gradient boosting predictive model.
   - They integrate various types of data: meteorological, socio-economic, pollutants, and lung cancer statistics.
   - They employ SHAP (Shapley Additive exPlanations) to interpret the model.

3. **Findings**:
   - The model shows strong predictive performance (R of 0.954, RMSE of 4283, and R2 of 0.911).
   - SHAP is used to identify and analyze the joint effects of industrial pollutants on lung cancer.
   - The results reveal spatial heterogeneity in emissions and nonlinear relationships among variables.
   - They observe diverse joint effects patterns, including antagonistic and synergistic effects among pollutants.

4. **Conclusion**: The study claims to provide a new perspective for exploring the joint effects of pollutants on diseases and suggests that AI technology can assist in scientific discovery.

**Analysis**:
- The researchers use SHAP to interpret the model and identify patterns in the data.
- They explicitly mention that SHAP helps in analyzing the joint effects of pollutants, which implies they are using the model explanations to make claims about the natural phenomena (i.e., the impact of pollutants on lung cancer).
- The abstract suggests that the findings about spatial heterogeneity and nonlinear relationships are derived from the SHAP explanations, which they use to draw conclusions about the real-world effects of pollutants.

Given these points, it appears that the researchers are using model explanations not just to understand the model but to make new claims about the joint effects of pollutants on diseases. This indicates they are using the explanations for scientific discovery.
"
207,https://api.elsevier.com/content/abstract/scopus_id/85186524433,SCOPUS_ID:85186524433,2-s2.0-85186524433,Exploring novel lead scaffolds for SGLT2 inhibitors: Insights from machine learning and molecular dynamics simulations,Yu Y.,International Journal of Biological Macromolecules,10.1016/j.ijbiomac.2024.130375,Journal,ar,Article,"Sodium-glucose cotransporter 2 (SGLT2) plays a pivotal role in mediating glucose reabsorption within the renal filtrate, representing a well-known target in type 2 diabetes and heart failure. Recent emphasis has been directed toward designing SGLT2 inhibitors, with C-glycoside inhibitors emerging as front-runners. The architecture of SGLT2 has been successfully resolved using cryo-electron microscopy. However, comprehension of the pharmacophores within the binding site of SGLT2 remains unclear. Here, we use machine learning and molecular dynamics simulations on SGLT2 bound with its inhibitors in preclinical or clinical development to shed light on this issue. Our dataset comprises 1240 SGLT2 inhibitors amalgamated from diverse sources, forming the basis for constructing machine learning models. SHapley Additive exPlanation (SHAP) elucidates the crucial fragments that contribute to inhibitor activity, specifically Morgan_3, 162, 310, 325, 366, 470, 597, 714, 926, and 975. Furthermore, the computed binding free energies and per-residue contributions for SGLT2-inhibitor complexes unveil crucial fragments of inhibitors that interact with residues Asn-75, His-80, Val-95, Phe-98, Val-157, Leu-274, and Phe-453 in the binding site of SGLT2. This comprehensive investigation enhances understanding of the binding mechanism for SGLT2 inhibitors, providing a robust framework for evaluating and discovering novel lead scaffolds within this domain.",True,"The abstract describes the use of SHAP to identify crucial fragments of SGLT2 inhibitors that contribute to their activity. While SHAP is a tool for explaining model behavior, in this context, it is used to highlight specific molecular features that interact with the SGLT2 binding site. This suggests that the insights drawn from the SHAP analysis are aimed at understanding the underlying binding mechanism of SGLT2 inhibitors rather than merely explaining the machine learning model itself. Therefore, the explanations provided do help in understanding the underlying processes involved in the interaction between inhibitors and the SGLT2 protein.
",True,"1. The abstract mentions the use of SHAP to elucidate crucial fragments that contribute to inhibitor activity.
2. These crucial fragments are specific molecular features (Morgan_3, 162, 310, etc.) identified by SHAP.
3. The study also uses molecular dynamics simulations to compute binding free energies and per-residue contributions for SGLT2-inhibitor complexes.
4. The identified crucial fragments interact with specific residues (Asn-75, His-80, Val-95, etc.) in the binding site of SGLT2.
5. The insights from SHAP and molecular dynamics simulations are used to understand the binding mechanism of SGLT2 inhibitors.

The explanations provided by SHAP help understand the underlying binding mechanism of SGLT2 inhibitors, not just the model behavior.
",,True,"The researchers in the abstract are using machine learning and SHAP to identify crucial fragments of SGLT2 inhibitors that contribute to their activity. They mention that SHAP elucidates these fragments, which suggests that they are interpreting the model's output to gain insights into the binding mechanism of SGLT2 inhibitors. The explanations provided by SHAP are not merely for understanding the model's predictions but are being used to enhance the understanding of the underlying biological processes related to SGLT2 and its inhibitors.

The researchers explicitly state that their investigation enhances the understanding of the binding mechanism for SGLT2 inhibitors, which indicates that they are making new claims about the scientific phenomena involved. This suggests that the use of model explanations is contributing to scientific discovery rather than just aiding in model deployment.
",True,"Let's break down the abstract step by step:

1. **Objective**: The study aims to understand the pharmacophores within the binding site of SGLT2, which is crucial for designing inhibitors for type 2 diabetes and heart failure.

2. **Methods**: The researchers use machine learning and molecular dynamics simulations. They have a dataset of 1240 SGLT2 inhibitors.

3. **Model Explanations**: They use SHapley Additive exPlanation (SHAP) to identify crucial fragments that contribute to inhibitor activity. Specific fragments (Morgan_3, 162, 310, etc.) are highlighted.

4. **Scientific Insights**: They also compute binding free energies and per-residue contributions for SGLT2-inhibitor complexes, identifying interactions with specific residues (Asn-75, His-80, etc.).

5. **Claims**: The researchers claim that their investigation enhances understanding of the binding mechanism for SGLT2 inhibitors and provides a framework for discovering novel lead scaffolds.

**Analysis**:
- The SHAP explanations are used to identify crucial fragments contributing to inhibitor activity. This is a model-centric explanation.
- The computed binding free energies and per-residue contributions are derived from molecular dynamics simulations, which are more aligned with traditional scientific methods.
- The researchers use the SHAP results to make claims about the binding mechanism and to propose a framework for discovering new inhibitors.

**Conclusion**:
The researchers are using SHAP explanations to make new claims about the binding mechanism of SGLT2 inhibitors. They are not just using the explanations to understand the model but are extending these insights to make scientific claims about the natural process of inhibitor binding.
"
213,https://api.elsevier.com/content/abstract/scopus_id/85180173689,SCOPUS_ID:85180173689,2-s2.0-85180173689,Airfoil Inverse Design Using a Deep Neural Net with an Explainable Attention Mechanism,Lee S.,International Journal of Aeronautical and Space Sciences,10.1007/s42405-023-00688-z,Journal,ar,Article,"The data-driven inverse design approach has advantages over traditional methods that require domain knowledge, many constraints, and empirical formulas. However, because deep learning models are basically black-box models, that is, uninterpretable models, explaining the causal relationship between the input and output using them is difficult. This reduces the reliability of inverse design approaches based on deep learning. Therefore, in this study, an airfoil inverse design using an explainable deep neural network was developed. The airfoil shape parameters were predicted using the pressure coefficient distribution. Because the distribution is considered as undirected sequence data, a bidirectional long short-term memory was used as the base of the network. To provide explainability to the network, we utilized two types of attention-applied network architectures: single-attention and multi-attention. This makes the network more accurate and explainable with good convergence. Consequently, a purely data-driven inverse design approach that does not require domain experience was established. Furthermore, a self-explanatory network without additional data mining was modeled. This attention-applied network performed predictions not only to obtain the airfoil geometry but also to determine the correlation between airfoil geometry and the local pressure distribution. The correlation obtained from the network was shown to properly reflect the physics of flow, thereby confirming that the present approach can be used to analyze physical phenomena, particularly those whose mechanisms have not yet been identified.",True,"1. The abstract discusses the development of an explainable deep neural network for airfoil inverse design, focusing on the relationship between airfoil shape parameters and pressure coefficient distribution.
2. It mentions the use of attention mechanisms to enhance the explainability of the model, which allows for insights into the correlation between airfoil geometry and local pressure distribution.
3. The abstract claims that the correlations obtained from the network reflect the physics of flow, suggesting that the explanations derived from the model provide insights into the underlying physical phenomena rather than just the model behavior.

Based on this analysis, the explanations do help understand the underlying process.
",True,"Step-by-step analysis:

1. **Title Analysis**: The title mentions ""Airfoil Inverse Design"" and ""Explainable Attention Mechanism,"" suggesting a focus on design and explainability.

2. **Abstract Analysis**:
   - **Objective**: The study aims to develop an airfoil inverse design using an explainable deep neural network.
   - **Method**: Utilizes bidirectional long short-term memory (LSTM) with attention mechanisms to predict airfoil shape parameters from pressure coefficient distribution.
   - **Explainability**: The attention mechanism is used to make the network more accurate and explainable.
   - **Outcome**: The network not only predicts airfoil geometry but also determines the correlation between airfoil geometry and local pressure distribution.
   - **Insight**: The correlation obtained from the network is shown to reflect the physics of flow, indicating that the approach can analyze physical phenomena.

3. **Insight vs. Model Explanation**:
   - The abstract states that the correlation determined by the network reflects the physics of flow.
   - This suggests that the explainability provided by the attention mechanism helps understand the underlying physical process (the relationship between airfoil geometry and pressure distribution).

Conclusion: The explanations help understand the underlying process.
",,True,"The researchers in this study are using an explainable deep neural network to perform airfoil inverse design, which involves predicting airfoil shape parameters based on pressure coefficient distribution. They acknowledge the challenge of interpreting deep learning models, which are often seen as black boxes. However, they emphasize that their approach not only improves the accuracy of predictions but also provides explanations through attention mechanisms.

The key aspect of their work is that they claim the correlations obtained from the network reflect the physics of flow, suggesting that the model explanations are being used to analyze physical phenomena. They assert that their approach can help understand mechanisms that have not yet been identified, indicating a potential for scientific discovery rather than merely aiding in model deployment.

Given that the researchers explicitly state that their findings can analyze physical phenomena and reflect underlying physics, it suggests that they are using the model explanations to make new claims about scientific processes.

Therefore, I conclude that the explanations are being used for scientific discovery.
",True,"Step 1: Identify the purpose of the study.
- The study aims to develop an airfoil inverse design using an explainable deep neural network.

Step 2: Determine the role of explainability in the study.
- The researchers use attention mechanisms to make the network more accurate and explainable.
- They claim that the attention-applied network can determine the correlation between airfoil geometry and local pressure distribution.

Step 3: Assess if the explanations are used to understand the model or the underlying data.
- The researchers state that the correlation obtained from the network properly reflects the physics of flow.
- They claim that this approach can be used to analyze physical phenomena, particularly those whose mechanisms have not yet been identified.

Step 4: Evaluate if new scientific claims are made based on model explanations.
- The researchers explicitly state that the correlation reflects physical phenomena and can be used to analyze mechanisms not yet identified.

Conclusion: The researchers are using model explanations to make new claims about physical phenomena and mechanisms, indicating they are using these explanations for scientific discovery.
"
222,https://api.elsevier.com/content/abstract/scopus_id/85183455107,SCOPUS_ID:85183455107,2-s2.0-85183455107,PM<inf>2.5</inf> pollution modulates the response of ozone formation to VOC emitted from various sources: Insights from machine learning,Tao C.,Science of the Total Environment,10.1016/j.scitotenv.2024.170009,Journal,ar,Article,"Numerous studies have linked ozone (O3) production to its precursors and fine particulate matter (PM2.5), while the complex interaction effects of PM2.5 and volatile organic compounds (VOCs) on O3 remain poorly understood. A systematic approach based on an interpretable machine learning (ML) model was utilized to evaluate the primary driving factors that impact O3 and to elucidate how changes in PM2.5, VOCs from different sources, NOx, and meteorological conditions either promote or inhibit O3 formation through their individual and synergistic effects in a tropical coastal city, Haikou, from 2019 to 2020. The results suggest that under low PM2.5 levels, alongside the linear O3-PM2.5 relationship observed, O3 formation is suppressed by PM2.5 with higher proportions of traffic-derived aerosol. Vehicle VOC emissions contributed maximally to O3 formation at midday, despite the lowest concentration. VOCs from fossil fuel combustion and industry emissions, which have opposing effects on O3, act as inhibitors and promoters by inducing diverse photochemical regimes. As PM2.5 pollution escalates, the impact of these VOCs reverses, becoming more pronounced in shaping O3 variation. Sensitivity analysis reveals that the O3 formation regime is VOC-limited, and effective regional O3 mitigation requires prioritizing substantial VOC reductions to offset enhanced VOC sensitivity induced by the co-reduction in PM2.5, with a focus on industrial and vehicular emissions, and subsequently, fossil fuel combustion once PM2.5 is effectively controlled. This study underscores the potential of the SHAP-based ML approach to decode the intricate O3-NOx-VOCs-PM2.5 interplay, considering both meteorological and atmospheric compositional variations.",True,"The abstract describes a study that uses an interpretable machine learning model to evaluate the driving factors impacting ozone (O3) formation and to elucidate the interactions between PM2.5, VOCs, NOx, and meteorological conditions. The use of SHAP-based ML is mentioned as a tool to decode the complex interplay of these factors, which suggests that the insights drawn are aimed at understanding the underlying processes affecting O3 formation rather than merely explaining the model's behavior. The findings highlight how different sources of VOCs interact with PM2.5 levels to influence O3 production, indicating a focus on the scientific phenomena rather than model interpretation.
",True,"Step-by-step analysis:

1. **Objective**: The study aims to understand the interaction effects of PM2.5 and VOCs on O3 formation.
2. **Method**: An interpretable machine learning model, specifically SHAP, is used to evaluate the primary driving factors impacting O3.
3. **Insights**:
   - **PM2.5 and O3 Relationship**: Under low PM2.5 levels, O3 formation is suppressed by PM2.5 with higher proportions of traffic-derived aerosol.
   - **VOC Contributions**: Vehicle VOC emissions contribute maximally to O3 formation at midday. VOCs from fossil fuel combustion and industry emissions have opposing effects on O3.
   - **Impact of Escalating PM2.5**: As PM2.5 pollution increases, the impact of VOCs on O3 formation becomes more pronounced.
   - **Sensitivity Analysis**: The O3 formation regime is VOC-limited, suggesting that effective O3 mitigation requires substantial VOC reductions.
4. **Use of SHAP**: The SHAP-based ML approach is used to decode the intricate interplay between O3, NOx, VOCs, and PM2.5, considering meteorological and atmospheric compositional variations.

**Conclusion**: The explanations provided by the SHAP-based ML model help understand the underlying processes of O3 formation and its interaction with PM2.5 and VOCs, rather than just explaining the model behavior.
",,True,"The researchers in this study utilize an interpretable machine learning model to analyze the interactions between PM2.5, VOCs, and ozone formation. They employ SHAP-based explanations to identify the primary driving factors affecting ozone levels and to understand the complex relationships among these variables. The abstract indicates that the researchers are not merely using the model for prediction or deployment purposes; instead, they are leveraging the explanations to gain insights into the underlying natural processes that govern ozone formation in relation to PM2.5 and VOC emissions.

The study makes new claims about the interactions between these pollutants and their effects on ozone formation, suggesting that the explanations derived from the model contribute to a deeper understanding of atmospheric chemistry and pollution dynamics. The researchers emphasize the importance of these findings for effective regional ozone mitigation strategies, which further supports the notion that they are engaging in scientific discovery rather than just model interpretation.

Given this analysis, the explanations are being used to inform and enhance understanding of scientific phenomena.
",True,"Let's break down the abstract step by step:

1. **Objective**: The study aims to understand the complex interactions between PM2.5, VOCs, NOx, and meteorological conditions on O3 formation.
2. **Methodology**: An interpretable machine learning model is used to evaluate the primary driving factors impacting O3 formation.
3. **Findings**:
   - Under low PM2.5 levels, O3 formation is suppressed by PM2.5 with higher proportions of traffic-derived aerosol.
   - Vehicle VOC emissions contribute maximally to O3 formation at midday.
   - VOCs from fossil fuel combustion and industry emissions have opposing effects on O3.
   - As PM2.5 pollution escalates, the impact of these VOCs reverses.
   - Sensitivity analysis reveals that the O3 formation regime is VOC-limited.
4. **Implications**: Effective regional O3 mitigation requires prioritizing substantial VOC reductions, focusing on industrial and vehicular emissions, and subsequently fossil fuel combustion once PM2.5 is controlled.
5. **Conclusion**: The study underscores the potential of the SHAP-based ML approach to decode the intricate O3-NOx-VOCs-PM2.5 interplay.

**Analysis**:
- The researchers are using the SHAP-based ML approach to identify and understand the interactions between various factors (PM2.5, VOCs, NOx, meteorological conditions) and their effects on O3 formation.
- They are making new claims about the behavior of these interactions, such as the suppression of O3 formation by PM2.5 with higher proportions of traffic-derived aerosol, and the reversal of VOC impacts as PM2.5 pollution escalates.
- The findings are presented as insights into natural processes and scientific phenomena, not just as aids for deploying the ML system or making predictions.

Given the detailed analysis and the explicit use of model explanations to make new scientific claims about the interactions and effects of various factors on O3 formation, it is clear that the researchers are using the model explanations for scientific discovery.
"
223,https://api.elsevier.com/content/abstract/scopus_id/85173023776,SCOPUS_ID:85173023776,2-s2.0-85173023776,Data-driven analysis of crustal and subduction seismic environments using interpretation of deep learning-based generalized ground motion models,Fayaz J.,Expert Systems with Applications,10.1016/j.eswa.2023.121731,Journal,ar,Article,"Studies on understanding the regional seismological differences based on the variations in the characteristics of the ground motion waves recorded during seismic events have provided independent insights into the different seismic environments of the world. This study aims to showcase the differences between three of the major seismic environments of the world including Japanese subduction, Chilean subduction, and Californian crustal. The study is based on developing deep learning (DL)-based surrogate generalized ground motion models (GGMMs) and analyzing them to understand the patterns between the earthquake source parameters and the resulting ground motion waveforms’ engineering characteristics. The GGMMs are developed using long short-term memory (LSTM) based recurrent neural networks (RNNs), which are trained using six earthquake source and site parameters as the inputs and a 25 × 1 vector of amplitude-, duration-, and energy-based ground motion intensity measures (IMs). The GGMMs are trained and evaluated using carefully selected large datasets of ground motion records from the Japanese subduction, Chilean subduction, and Californian crustal sources (∼2000 records from each source). The models are developed in two settings: i) three independent GGMMs using the three datasets of each source, ii) one combined GGMM using the combined dataset. While the former provides individual surrogate models of the regional seismic environments and allows relative comparison among the three environments, the latter acts as a global seismic surrogate model and allows comparison in absolute terms. The seismic environments are investigated by analyzing the two types of GGMMs using explainable artificial intelligence (XAI) and game theory based Shapley explanations (SHAP). As the direct physical study of the seismic environments is not generally feasible/practical, the proposed GGMMs surrogating the process becomes a source of knowledge. By interpreting them, inferences about the seismic environments are derived. Results indicate the peculiar nature of the earthquakes arising from the three seismic backgrounds, further emphasizing the importance of conducting independent regional seismic hazard and risk analysis. In particular, the role of magnitude and rupture distance is observed to have a significantly different impact on the different IMs of the three different environments. The study further sets a novel basis to utilize advanced DL and XAI methods in understanding convoluted physics and engineering phenomena.",True,"1. The research abstract describes the use of deep learning-based generalized ground motion models (GGMMs) to analyze seismic environments.
2. It mentions the application of explainable artificial intelligence (XAI) and SHAP to interpret the GGMMs.
3. The focus is on deriving inferences about the seismic environments based on the analysis of the GGMMs, rather than merely explaining the model behavior.
4. The results highlight the different impacts of earthquake source parameters on ground motion characteristics across various seismic environments, indicating a deeper understanding of the underlying processes.

Based on this analysis, the explanations provided do help understand the underlying processes.
",True,"Step-by-step analysis:

1. **Objective**: The study aims to understand regional seismological differences by analyzing ground motion waveforms from different seismic environments.
2. **Methodology**: 
   - Develop deep learning-based generalized ground motion models (GGMMs) using LSTM RNNs.
   - Train models with earthquake source and site parameters to predict ground motion intensity measures (IMs).
   - Create both independent and combined GGMMs for different seismic environments.
3. **Analysis**:
   - Use explainable AI (XAI) and SHAP to interpret the GGMMs.
   - Derive inferences about seismic environments by interpreting the GGMMs.
4. **Insights**:
   - The study finds differences in the impact of magnitude and rupture distance on IMs across different seismic environments.
   - These insights emphasize the need for regional seismic hazard and risk analysis.

**Conclusion**: The study uses SHAP to derive insights about the underlying seismic processes, not just the model behavior.
",,True,"The researchers in this study are using explainable artificial intelligence (XAI) and Shapley explanations (SHAP) to analyze deep learning-based generalized ground motion models (GGMMs) in the context of seismic environments. They emphasize that the direct physical study of these environments is not feasible, and thus, they rely on the surrogate models to derive inferences about the seismic environments. The explanations provided by the XAI methods are used to interpret the relationships between earthquake source parameters and ground motion characteristics, leading to new insights about the peculiar nature of earthquakes in different seismic backgrounds.

The researchers explicitly state that they derive inferences about the seismic environments from the interpretations of the GGMMs, indicating that the explanations are not merely for understanding the model but are also being used to make claims about the underlying scientific phenomena. They highlight the differences in the impact of various parameters on ground motion intensity measures across different seismic environments, which suggests a deeper understanding of the natural processes involved.

Given this context, the explanations are being used to support scientific discovery rather than just model deployment.
",True,"Step 1: The abstract describes the development of deep learning-based generalized ground motion models (GGMMs) using LSTM-based RNNs to analyze seismic environments.

Step 2: The GGMMs are trained on datasets from three different seismic environments: Japanese subduction, Chilean subduction, and Californian crustal.

Step 3: The models are developed in two settings: independent GGMMs for each source and a combined GGMM for all sources.

Step 4: The researchers use explainable artificial intelligence (XAI) and SHAP explanations to analyze the GGMMs.

Step 5: The abstract states that the GGMMs surrogate the seismic process and that interpreting them allows inferences about the seismic environments.

Step 6: The results indicate differences in the impact of magnitude and rupture distance on the ground motion intensity measures (IMs) across the three environments.

Step 7: The abstract claims that the study sets a novel basis for using advanced DL and XAI methods to understand convoluted physics and engineering phenomena.

Conclusion: The researchers are using the model explanations to derive inferences about the seismic environments, which implies they are making new claims about the natural processes based on the model interpretations.
"
225,https://api.elsevier.com/content/abstract/scopus_id/85185408485,SCOPUS_ID:85185408485,2-s2.0-85185408485,Assessing the nonlinear relationship between consumer goods and water pollution in different seasons with machine learning models: A case study in the Yangtze River Economic Belt,Huan S.,Journal of Cleaner Production,10.1016/j.jclepro.2024.141254,Journal,ar,Article,"Consumer goods volume and their consumption structure significantly contribute to water pollution within economic zones. However, there remains a need to better comprehend the nuanced and seasonal nonlinear relationship between consumer goods and water pollution, which currently obstructs essential consumption adjustments aimed at reducing water pollution. This study selected an effective machine learning model Light Gradient Boosting Machine (LightGBM) with SHapley Additive Explanations (SHAP) to assess the nonlinear relationship between consumer goods and water pollution during flood and non-flood seasons within the Yangtze River Economic Belt from 2013 to 2022, Baidu Index of consumer goods were used to represent the potential consumption level (PCL). The findings revealed the following: (1) During flood seasons, hydroelectricity and the PCL of furniture and cultural goods emerged as factors driving water pollution reduction. Conversely, GDP, PCL of communication devices, and beverages played significant roles in exacerbating water pollution. During non-flood seasons, the drivers for reducing water pollution included GDP, income gap and PCL of cultural goods. Meanwhile, PCL of cars, western medicine and oil became pivotal drivers for exacerbating water pollution. (2) Concerning consumption structure during flood and non-flood seasons, maintaining consumption levels of costume industrial goods, cultural, sports and health goods and transportation and accommodation goods below 66.71%, 77.66% and 79.61% respectively of their average PCL appeared beneficial in reducing water pollution. During flood seasons, consumption levels of cars and furniture below 85.69% and 91.46% respectively of their average PCL were associated with reduced water pollution. During non-flood seasons, consumption levels of cars and oil below 82.95% and 71.28% respectively of their average PCL could help reduce water pollution. (3) The proportion of hydroelectricity generation exceeding 2% and 3% respectively during flood and non-flood seasons helped in reducing water pollution. Moreover, GDP per capita surpassing 2388.82 and 2075.78 respectively during flood and non-flood season was preferable for reducing water pollution. These findings deepened our understanding of the nonlinear relationship and identify promising consumer goods and their consumption structure that could effectively aid in reducing water pollution from a consumption perspective.",True,"1. The research uses SHAP to assess the nonlinear relationship between consumer goods and water pollution, indicating that the authors are interested in understanding the underlying processes rather than just model behavior.
2. The findings provide insights into which consumer goods and their consumption levels are associated with either exacerbating or reducing water pollution, suggesting a deeper understanding of the factors influencing water pollution.
3. The explanations derived from the SHAP values help elucidate the relationships between consumer goods and water pollution, contributing to a better understanding of the underlying processes at play.

True
",True,"Step-by-step analysis:

1. **Objective**: The study aims to understand the nonlinear relationship between consumer goods and water pollution in different seasons.
2. **Method**: Uses LightGBM with SHAP to assess this relationship.
3. **Findings**:
   - Identifies specific consumer goods and their consumption levels that influence water pollution during flood and non-flood seasons.
   - Provides thresholds for consumption levels and hydroelectricity generation that are beneficial for reducing water pollution.
   - Highlights the role of GDP per capita in influencing water pollution.

**Insights**:
- The study uses SHAP to identify which factors (consumer goods, GDP, hydroelectricity) are driving water pollution and how their impact varies seasonally.
- The explanations provided by SHAP help in understanding the underlying nonlinear relationships between these factors and water pollution.

**Conclusion**:
- The insights drawn from SHAP explanations are used to understand the underlying processes affecting water pollution, not just the model behavior.
",,True,"The researchers in the study are using SHAP to assess the nonlinear relationship between consumer goods and water pollution, which suggests they are interested in understanding the underlying dynamics of this relationship rather than merely improving model performance. They explicitly mention how different factors (like GDP and specific consumer goods) influence water pollution during different seasons, indicating that they are drawing conclusions about natural processes based on the model's explanations. The findings aim to provide insights into consumption patterns that could help mitigate water pollution, which aligns with scientific discovery.

Therefore, the explanations provided by the model are being used to make new claims about the relationship between consumer behavior and environmental impact, rather than just for model interpretation.
",True,"Let's break down the abstract step by step:

1. **Objective**: The study aims to understand the nonlinear relationship between consumer goods and water pollution in different seasons.
2. **Methodology**: They use LightGBM with SHAP to assess this relationship.
3. **Findings**:
   - **Seasonal Drivers**: They identify specific consumer goods and economic factors that drive water pollution reduction or exacerbation during flood and non-flood seasons.
   - **Consumption Structure**: They provide specific thresholds for consumption levels of various goods that are beneficial for reducing water pollution.
   - **Hydroelectricity and GDP**: They identify specific proportions and values that are preferable for reducing water pollution.

The researchers use SHAP to interpret the LightGBM model's outputs, revealing which factors are important and how they influence water pollution. They then make specific claims about the relationships between consumer goods, economic factors, and water pollution, including actionable thresholds and proportions.

**Analysis**:
- The researchers are not just using SHAP to understand the model's behavior; they are using the model's explanations to make new claims about the relationships between consumer goods, economic factors, and water pollution.
- They provide specific actionable insights and thresholds based on the SHAP explanations, which they claim can help in reducing water pollution.

Given these points, the researchers are using model explanations to make new claims about natural processes and scientific phenomena.
"
226,https://api.elsevier.com/content/abstract/scopus_id/85179847031,SCOPUS_ID:85179847031,2-s2.0-85179847031,Key toxic components and sources affecting oxidative potential of atmospheric particulate matter using interpretable machine learning: Insights from fog episodes,Li R.,Journal of Hazardous Materials,10.1016/j.jhazmat.2023.133175,Journal,ar,Article,"Fog significantly affects the air quality and human health. To investigate the health effects and mechanisms of atmospheric fine particulate matter (PM2.5) during fog episodes, PM2.5 samples were collected from the coastal suburb of Qingdao during different seasons from 2021 to 2022, with the major chemical composition in PM2.5 analyzed. The oxidative potential (OP) of PM2.5 was determined using the dithiothreitol (DTT) method. A positive matrix factorization model was adopted for PM2.5. Interpretable machine learning (IML) was used to reveal and quantify the key components and sources affecting OP. PM2.5 exhibited higher oxidative toxicity during fog episodes. Water-soluble organic carbon (WSOC), NH4+, K+, and water-soluble Fe positively affected the enhancement of DTTV (volume-based DTT activity) during fog episodes. The IML analysis demonstrated that WSOC and K+ contributed significantly to DTTV, with values of 0.31 ± 0.34 and 0.27 ± 0.22 nmol min−1 m−3, respectively. Regarding the sources, coal combustion and biomass burning contributed significantly to DTTV (0.40 ± 0.38 and 0.39 ± 0.36 nmol min−1 m−3, respectively), indicating the significant influence of combustion-related sources on OP. This study provides new insights into the effects of PM2.5 compositions and sources on OP by applying IML models.",True,"The research abstract describes the use of interpretable machine learning (IML) to identify and quantify key components and sources affecting the oxidative potential (OP) of PM2.5 during fog episodes. The insights drawn from the IML analysis focus on specific chemical components (like WSOC and K+) and their contributions to oxidative toxicity, as well as the influence of combustion-related sources (coal combustion and biomass burning) on OP. 

The explanations provided by the IML help to understand the underlying processes affecting OP, such as the role of specific chemical constituents and their sources in enhancing oxidative potential, rather than merely explaining the behavior of the machine learning model itself.
",True,"Step-by-step analysis:

1. **Objective**: The study aims to investigate the health effects and mechanisms of PM2.5 during fog episodes.
2. **Data Collection**: PM2.5 samples were collected and analyzed for chemical composition.
3. **Measurement**: Oxidative potential (OP) of PM2.5 was determined using the DTT method.
4. **Modeling**: Positive matrix factorization model was used for PM2.5.
5. **Interpretable Machine Learning (IML)**: IML was used to reveal and quantify key components and sources affecting OP.
6. **Findings**:
   - Higher oxidative toxicity of PM2.5 during fog episodes.
   - Specific components (WSOC, NH4+, K+, water-soluble Fe) positively affected DTTV.
   - Significant contributions to DTTV from WSOC and K+.
   - Significant influence of coal combustion and biomass burning on OP.

**Conclusion**: The IML analysis provided insights into the key components and sources affecting the oxidative potential of PM2.5, which are underlying processes rather than just model behavior.
",,True,"In the provided abstract, the researchers utilize interpretable machine learning (IML) to identify and quantify the key components and sources affecting the oxidative potential (OP) of PM2.5 during fog episodes. They report specific contributions of various chemical components (like WSOC and K+) and sources (such as coal combustion and biomass burning) to the oxidative toxicity of PM2.5. 

The explanations derived from the IML analysis are not merely for understanding the model's predictions; they are explicitly used to make new claims about the relationships between PM2.5 components, their sources, and their effects on oxidative potential. The researchers are drawing insights into the natural processes affecting air quality and human health, indicating that the IML findings contribute to scientific understanding rather than just model interpretation.

Therefore, the explanations are being used for scientific discovery.
",True,"Step-by-step analysis:

1. **Title Analysis**: The title suggests that the study aims to identify key toxic components and sources affecting the oxidative potential of atmospheric particulate matter using interpretable machine learning (IML). This already hints at a focus on understanding natural processes.

2. **Abstract Analysis**:
   - **Objective**: The study aims to investigate the health effects and mechanisms of PM2.5 during fog episodes.
   - **Data Collection**: PM2.5 samples were collected and analyzed for their chemical composition.
   - **Methodology**: The oxidative potential (OP) of PM2.5 was determined using the DTT method, and a positive matrix factorization model was used for PM2.5.
   - **Use of IML**: IML was used to reveal and quantify the key components and sources affecting OP.
   - **Findings**: The study found that WSOC, NH4+, K+, and water-soluble Fe positively affected the enhancement of DTTV during fog episodes. It also identified significant contributions from coal combustion and biomass burning to DTTV.

3. **Interpretation of IML Use**:
   - The researchers used IML to identify and quantify the contributions of specific components (e.g., WSOC, K+) and sources (e.g., coal combustion, biomass burning) to the oxidative potential of PM2.5.
   - The findings are presented as new insights into the effects of PM2.5 compositions and sources on OP.

4. **Conclusion**:
   - The researchers are using the model explanations to make new claims about the natural processes and scientific phenomena related to the oxidative potential of PM2.5.
   - They are not merely using the explanations to aid in deploying their ML system or making predictions but are explicitly using them to understand and explain the underlying data and mechanisms.
"
227,https://api.elsevier.com/content/abstract/scopus_id/85179112352,SCOPUS_ID:85179112352,2-s2.0-85179112352,Machine learning analysis to interpret the effect of the photocatalytic reaction rate constant (k) of semiconductor-based photocatalysts on dye removal,Kim C.M.,Journal of Hazardous Materials,10.1016/j.jhazmat.2023.132995,Journal,ar,Article,"Photocatalytic reactions with semiconductor-based photocatalysts have been investigated extensively for application to wastewater treatment, especially dye degradation, yet the interactions between different process parameters have rarely been reported due to their complicated reaction mechanisms. Hence, this study aims to discern the impact of each factor, and each interaction between multiple factors on reaction rate constant (k) using a decision tree model. The dyes selected as target pollutants were indigo and malachite green, and 5 different semiconductor-based photocatalysts with 17 different compositions were tested, which generated 34 input features and 1527 data points. The Boruta Shapley Additive exPlanations (SHAP) feature selection for the 34 inputs found that 11 inputs were significantly important. The decision tree model exhibited for 11 input features with an R2 value of 0.94. The SHAP feature importance analysis suggested that photocatalytic experimental conditions, with an importance of 59%, was the most important input category, followed by atomic composition (39%) and physicochemical properties (2%). Additionally, the effects on k of the synergy between the metal cocatalysts and important experimental conditions were confirmed by two feature SHAP dependence plots, regardless of importance order. This work provides insight into the single and multiple factors that affect reaction rate and mechanism.",True,"The research abstract describes the use of SHAP for feature selection and to analyze the importance of various factors affecting the photocatalytic reaction rate constant (k). The insights drawn from the SHAP analysis, such as the significance of photocatalytic experimental conditions and atomic composition, suggest that the study is focused on understanding the underlying processes influencing the reaction rate rather than merely explaining the model's behavior. The mention of synergy effects and the analysis of interactions between factors further indicates a focus on the underlying phenomena.

True
",True,"Step-by-step analysis:

1. **Objective**: The study aims to discern the impact of each factor and the interactions between multiple factors on the reaction rate constant (k) using a decision tree model.
2. **Method**: The study uses Boruta SHAP for feature selection and SHAP feature importance analysis to interpret the results.
3. **Insights**:
   - **Feature Importance**: Identified that photocatalytic experimental conditions, atomic composition, and physicochemical properties are important.
   - **Interaction Effects**: SHAP dependence plots were used to confirm the effects of the synergy between metal cocatalysts and important experimental conditions on the reaction rate constant (k).

**Conclusion**: The study uses SHAP to provide insights into the single and multiple factors affecting the reaction rate and mechanism, which helps understand the underlying photocatalytic processes rather than just explaining the model behavior.
",,True,"The researchers in this study are using SHAP explanations to analyze the impact of various factors on the photocatalytic reaction rate constant (k). They employ a decision tree model to identify significant input features and interactions among them, which suggests they are interested in understanding the underlying processes that govern the photocatalytic reactions. The use of SHAP feature importance analysis and dependence plots indicates that they are not merely using these explanations for model validation or deployment; rather, they are leveraging them to gain insights into the scientific phenomena of photocatalysis.

The abstract explicitly states that the work provides insight into the factors affecting the reaction rate and mechanism, which implies that the researchers are making new claims about the natural processes involved in photocatalysis. This suggests a focus on scientific discovery rather than just model interpretation.
",True,"Step-by-step analysis:

1. **Objective**: The study aims to discern the impact of each factor and the interactions between multiple factors on the reaction rate constant (k) using a decision tree model.

2. **Data and Methods**: The researchers used 34 input features and 1527 data points, employing Boruta SHAP for feature selection and SHAP for feature importance analysis.

3. **Model Performance**: The decision tree model achieved an R2 value of 0.94, indicating good predictive performance.

4. **SHAP Analysis**: The SHAP feature importance analysis identified that photocatalytic experimental conditions were the most important input category, followed by atomic composition and physicochemical properties.

5. **Insights from SHAP**: The researchers used SHAP dependence plots to confirm the effects on k of the synergy between metal cocatalysts and important experimental conditions.

6. **Claims**: The abstract states that the work provides insight into the single and multiple factors that affect reaction rate and mechanism.

**Conclusion**:
- The researchers are using SHAP explanations to identify important features and interactions that affect the reaction rate constant (k).
- They are making claims about the underlying natural processes, specifically the factors and mechanisms affecting the photocatalytic reaction rate.

Given that the researchers are explicitly using SHAP explanations to make new claims about the factors and mechanisms affecting the reaction rate, it appears they are using model explanations to understand scientific phenomena.
"
233,https://api.elsevier.com/content/abstract/scopus_id/85185714058,SCOPUS_ID:85185714058,2-s2.0-85185714058,Predicting hosts and cross-species transmission of Streptococcus agalactiae by interpretable machine learning,Ren Y.,Computers in Biology and Medicine,10.1016/j.compbiomed.2024.108185,Journal,ar,Article,"Background: Streptococcus agalactiae, commonly known as Group B Streptococcus (GBS), exhibits a broad host range, manifesting as both a beneficial commensal and an opportunistic pathogen across various species. In humans, it poses significant risks, causing neonatal sepsis and meningitis, along with severe infections in adults. Additionally, it impacts livestock by inducing mastitis in bovines and contributing to epidemic mortality in fish populations. Despite its wide host spectrum, the mechanisms enabling GBS to adapt to specific hosts remain inadequately elucidated. Therefore, the development of a rapid and accurate method differentiates GBS strains associated with particular animal hosts based on genome-wide information holds immense potential. Such a tool would not only bolster the identification and containment efforts during GBS outbreaks but also deepen our comprehension of the bacteria's host adaptations spanning humans, livestock, and other natural animal reservoirs. Methods and results: Here, we developed three machine learning models—random forest (RF), logistic regression (LR), and support vector machine (SVM) based on genome-wide mutation data. These models enabled precise prediction of the host origin of GBS, accurately distinguishing between human, bovine, fish, and pig hosts. Moreover, we conducted an interpretable machine learning using SHapley Additive exPlanations (SHAP) and variant annotation to uncover the most influential genomic features and associated genes for each host. Additionally, by meticulously examining misclassified samples, we gained valuable insights into the dynamics of host transmission and the potential for zoonotic infections. Conclusions: Our study underscores the effectiveness of random forest (RF) and logistic regression (LR) models based on mutation data for accurately predicting GBS host origins. Additionally, we identify the key features associated with each GBS host, thereby enhancing our understanding of the bacteria's host-specific adaptations.",True,"The research abstract describes the use of interpretable machine learning (specifically SHAP) to identify key genomic features associated with different hosts of Streptococcus agalactiae. While the study employs machine learning models to predict host origins, the focus on uncovering influential genomic features and examining misclassified samples suggests that the authors are drawing insights into the underlying biological processes of host adaptation and transmission dynamics. The explanations provided by SHAP are used to enhance understanding of the bacteria's host-specific adaptations rather than merely explaining model behavior.

True
",True,"Step-by-step analysis:

1. **Title Analysis**: The title mentions ""interpretable machine learning"" and ""predicting hosts and cross-species transmission,"" suggesting a focus on understanding the underlying phenomena.

2. **Background**: The background emphasizes the need to understand the mechanisms enabling GBS to adapt to specific hosts, indicating a scientific discovery goal.

3. **Methods and Results**:
   - **Machine Learning Models**: Three models (RF, LR, SVM) are developed to predict the host origin of GBS.
   - **Interpretable Machine Learning**: SHAP is used to uncover the most influential genomic features and associated genes for each host.
   - **Insights from Misclassified Samples**: Examination of misclassified samples provides insights into host transmission dynamics and zoonotic infection potential.

4. **Conclusions**: The study highlights the identification of key features associated with each GBS host, enhancing understanding of host-specific adaptations.

**Determination**:
- The use of SHAP to uncover influential genomic features and associated genes directly contributes to understanding the underlying biological processes of host adaptation.
- Insights from misclassified samples further contribute to understanding the dynamics of host transmission and zoonotic potential.

**Final Answer**:",,True,"The researchers in this study utilize interpretable machine learning techniques, specifically SHAP, to identify the most influential genomic features associated with different hosts of Streptococcus agalactiae. They emphasize that their approach not only aids in the accurate prediction of host origins but also provides insights into the dynamics of host transmission and the potential for zoonotic infections. By examining misclassified samples and identifying key features linked to host adaptations, the researchers appear to be using the model explanations to deepen their understanding of the underlying biological processes and mechanisms of host specificity.

The explicit mention of gaining insights into host transmission dynamics and the bacteria's host-specific adaptations suggests that the researchers are leveraging the model explanations for scientific discovery rather than merely for model interpretation or deployment. Therefore, the explanations are being used to make new claims about the natural processes involved in the host adaptations of GBS.
",True,"Let's break down the abstract step by step:

1. **Background**: The study focuses on Streptococcus agalactiae (GBS) and its ability to infect various hosts. The researchers aim to develop a method to differentiate GBS strains based on their host origin using genome-wide data.

2. **Methods and Results**: 
   - They developed three machine learning models (RF, LR, SVM) to predict the host origin of GBS strains.
   - They used SHAP to interpret the models and identify influential genomic features and associated genes for each host.
   - They examined misclassified samples to gain insights into host transmission dynamics and zoonotic potential.

3. **Conclusions**: 
   - The study highlights the effectiveness of RF and LR models in predicting GBS host origins.
   - They claim to have identified key features associated with each host, which they suggest enhances understanding of host-specific adaptations.

**Analysis**:
- The researchers used SHAP to identify influential genomic features and associated genes for each host. This suggests they are using model explanations to understand which genomic features are important for host differentiation.
- They also examined misclassified samples to gain insights into host transmission dynamics, which implies they are using the model's errors to infer biological processes.

**Conclusion**:
- The researchers are making new claims about the biological mechanisms of GBS host adaptation based on the model explanations. They are not just using the explanations to improve model performance or deployment but are explicitly using them to draw conclusions about natural processes.

**Final Determination**:"
239,https://api.elsevier.com/content/abstract/scopus_id/85182368767,SCOPUS_ID:85182368767,2-s2.0-85182368767,Explainable representation learning of small quantum states,Frohnert F.,Machine Learning: Science and Technology,10.1088/2632-2153/ad16a0,Journal,ar,Article,"Unsupervised machine learning models build an internal representation of their training data without the need for explicit human guidance or feature engineering. This learned representation provides insights into which features of the data are relevant for the task at hand. In the context of quantum physics, training models to describe quantum states without human intervention offers a promising approach to gaining insight into how machines represent complex quantum states. The ability to interpret the learned representation may offer a new perspective on non-trivial features of quantum systems and their efficient representation. We train a generative model on two-qubit density matrices generated by a parameterized quantum circuit. In a series of computational experiments, we investigate the learned representation of the model and its internal understanding of the data. We observe that the model learns an interpretable representation which relates the quantum states to their underlying entanglement characteristics. In particular, our results demonstrate that the latent representation of the model is directly correlated with the entanglement measure concurrence. The insights from this study represent proof of concept toward interpretable machine learning of quantum states. Our approach offers insight into how machines learn to represent small-scale quantum systems autonomously.",True,"The abstract describes a study where a generative model is trained on quantum states, and the learned representation is interpreted to relate to the underlying entanglement characteristics of those states. The focus is on understanding how the model represents quantum states and their features, particularly the correlation with the entanglement measure. This indicates that the insights drawn from the model's representation are aimed at understanding the underlying quantum phenomena rather than just the model's behavior.
",True,"The abstract describes a study where a generative model is trained on two-qubit density matrices to learn an interpretable representation of quantum states. The key insight is that the model's latent representation correlates with the entanglement measure concurrence, which is a fundamental characteristic of quantum states. This suggests that the model's internal representation provides insights into the underlying quantum entanglement process, not just the model's behavior.
",,True,"The researchers in the abstract are using explainable machine learning (XAI) to gain insights into the representation of quantum states, particularly focusing on how the model interprets features related to entanglement characteristics. They emphasize that the learned representation is correlated with the entanglement measure concurrence, which suggests that they are making claims about the underlying quantum phenomena based on the model's interpretations. 

While they acknowledge that the model provides insights into its internal representation, the emphasis on the correlation between the model's latent representation and a known quantum property (entanglement) indicates that they are using these explanations to draw conclusions about the scientific phenomena of quantum states. This suggests a level of scientific discovery rather than merely aiding in model deployment or prediction.

Therefore, the explanations are being used to make new claims about quantum systems, indicating a focus on scientific discovery.
",True,"Let's break down the abstract step by step:

1. **Objective**: The researchers aim to use unsupervised machine learning models to describe quantum states without human intervention. They are interested in how these models represent complex quantum states.

2. **Method**: They train a generative model on two-qubit density matrices generated by a parameterized quantum circuit.

3. **Investigation**: They conduct computational experiments to investigate the learned representation of the model and its internal understanding of the data.

4. **Findings**: The model learns an interpretable representation that relates quantum states to their underlying entanglement characteristics. Specifically, the latent representation of the model is directly correlated with the entanglement measure concurrence.

5. **Implications**: The researchers claim that their approach offers insight into how machines learn to represent small-scale quantum systems autonomously.

Now, let's determine if the researchers are using model explanations to understand natural processes or scientific phenomena, or if they are only using them to aid in deploying their ML system and making predictions.

- The researchers are explicitly investigating the learned representation of the model and its correlation with the entanglement measure concurrence.
- They claim that the model's interpretable representation offers a new perspective on non-trivial features of quantum systems and their efficient representation.
- The insights are presented as a proof of concept toward interpretable machine learning of quantum states, suggesting that the findings are not just about the model but also about the quantum states themselves.

Given these points, the researchers are using the model explanations to make new claims about the quantum states and their entanglement characteristics. They are not merely using the explanations to aid in deploying the ML system or making predictions.
"
244,https://api.elsevier.com/content/abstract/scopus_id/85184138541,SCOPUS_ID:85184138541,2-s2.0-85184138541,Cell-cell communication network-based interpretable machine learning predicts cancer patient response to immune checkpoint inhibitors,Lee J.,Science Advances,10.1126/sciadv.adj0785,Journal,ar,Article,"Immune checkpoint inhibitors (ICIs) have revolutionized cancer treatment. However, only some patients respond to ICIs, and current biomarkers for ICI efficacy have limited performance. Here, we devised an interpretable machine learning (ML) model trained using patient-specific cell-cell communication networks (CCNs) decoded from the patient’s bulk tumor transcriptome. The model could (i) predict ICI efficacy for patients across four cancer types (median AUROC: 0.79) and (ii) identify key communication pathways with crucial players responsible for patient response or resistance to ICIs by analyzing more than 700 ICI-treated patient samples from 11 cohorts. The model prioritized chemotaxis communication of immune-related cells and growth factor communication of structural cells as the key biological processes underlying response and resistance to ICIs, respectively. We confirmed the key communication pathways and players at the single-cell level in patients with melanoma. Our network-based ML approach can be used to expand ICIs’ clinical benefits in cancer patients.",True,"The research abstract describes the use of an interpretable machine learning model to identify key communication pathways and players that influence patient response to immune checkpoint inhibitors (ICIs). While the model does predict ICI efficacy, it also highlights specific biological processes (chemotaxis communication of immune-related cells and growth factor communication of structural cells) that are crucial for understanding the underlying mechanisms of response and resistance to treatment. The focus on these biological processes indicates that the explanations provided by the model contribute to understanding the underlying phenomena rather than merely explaining the model's behavior.

True
",True,"Step-by-step analysis:

1. **Objective**: The research aims to predict ICI efficacy and identify key communication pathways responsible for patient response or resistance to ICIs.
2. **Model**: An interpretable ML model is used, trained on patient-specific cell-cell communication networks (CCNs).
3. **Insights**: The model identifies key communication pathways and players, specifically chemotaxis communication of immune-related cells and growth factor communication of structural cells.
4. **Validation**: These pathways and players are confirmed at the single-cell level in patients with melanoma.

**Conclusion**: The insights drawn from the model (key communication pathways and players) help understand the underlying biological processes of patient response or resistance to ICIs, not just the model behavior.
",,True,"In the provided abstract, the researchers describe an interpretable machine learning model that predicts cancer patient responses to immune checkpoint inhibitors (ICIs). They emphasize that the model not only predicts efficacy but also identifies key communication pathways and players involved in patient responses or resistance to ICIs. This suggests that the explanations derived from the model are being used to uncover biological processes and mechanisms underlying the observed phenomena, rather than solely for the purpose of improving model performance or deployment.

The researchers explicitly mention confirming key communication pathways and players at the single-cell level, indicating that they are using the model's explanations to make new claims about biological processes. This points towards a scientific discovery aspect, as they are linking model outputs to real biological insights.

Therefore, the explanations are being used for scientific discovery rather than just for model understanding or deployment.
",True,"Step-by-step analysis:

1. **Title Analysis**: The title suggests that the study involves using an interpretable machine learning model to predict cancer patient responses to immune checkpoint inhibitors (ICIs). It also hints at understanding cell-cell communication networks.

2. **Abstract Breakdown**:
   - **Prediction**: The model is used to predict ICI efficacy across different cancer types with a median AUROC of 0.79.
   - **Identification of Key Pathways**: The model identifies key communication pathways and crucial players responsible for patient response or resistance to ICIs.
   - **Biological Processes**: The model prioritizes specific biological processes (chemotaxis communication of immune-related cells and growth factor communication of structural cells) as underlying response and resistance mechanisms.
   - **Validation**: The key communication pathways and players are confirmed at the single-cell level in patients with melanoma.
   - **Application**: The approach aims to expand the clinical benefits of ICIs in cancer patients.

3. **Model Explanations**:
   - The researchers use the model to identify and prioritize key biological processes and communication pathways.
   - They confirm these findings at the single-cell level, suggesting that they are making new claims about the biological processes underlying ICI response and resistance.

4. **Conclusion**:
   - The researchers are not just using the model explanations to aid in deploying their ML system and making predictions.
   - They are explicitly using the model explanations to make new claims about the biological processes and communication pathways involved in cancer patient responses to ICIs.

Given the detailed steps and the explicit use of model explanations to make new scientific claims, it is clear that the researchers are using the model explanations for scientific discovery.
"
258,https://api.elsevier.com/content/abstract/scopus_id/85176365180,SCOPUS_ID:85176365180,2-s2.0-85176365180,Thermal prediction of additive friction stir deposition through Bayesian learning- enabled explainable artificial intelligence,Zhu Y.,Journal of Manufacturing Systems,10.1016/j.jmsy.2023.10.015,Journal,ar,Article,"Additive friction stir deposition is an emerging solid-state metal additive manufacturing technology that can conveniently and economically produce fully-dense, high-end components, rendering it promising for high-value manufacturing industries, such as defense, aerospace, and space. Like in other metal additive processes, the thermal characteristics in additive friction stir deposition govern the quality and properties of the printed products but is challenging to predict and control in this complex manufacturing system. Recent advances in artificial intelligence provide a powerful data-driven prediction paradigm, which nevertheless necessitates extensive training datasets and struggles to be applied across diverse material systems that exhibit significant variations in thermal and material flow characteristics during printing. Relying solely on physics-based modeling also lacks success due to potential model discrepancies, unknown material parameters, and high computational cost. Here, we propose to address these challenges by developing an explainable artificial intelligence scheme via Bayesian learning, in which the physics-based surrogate model is calibrated and updated via machine learning of in-situ monitoring data, resulting in a physics-informed, data-driven model for temperature distribution during additive friction stir deposition. The efficacy of this approach is demonstrated in printing of an Al-Mg-Si alloy, in which fast, accurate temperature prediction is achieved using a moderate number of physics simulation trials and a small number of in-situ measurements. This approach also offers physical insights into previously unknown parameters, such as the interfacial slip/stick coefficient and back heat transfer constant.",True,"The abstract describes a method that combines physics-based modeling with machine learning to improve the understanding of temperature distribution in additive friction stir deposition. It mentions that the approach provides physical insights into previously unknown parameters, such as the interfacial slip/stick coefficient and back heat transfer constant. These insights suggest that the research is focused on understanding the underlying physical processes rather than merely explaining the behavior of the machine learning model itself.
",True,"1. The abstract discusses the use of Bayesian learning-enabled explainable artificial intelligence to predict temperature distribution during additive friction stir deposition.
2. The approach combines physics-based surrogate models with machine learning of in-situ monitoring data.
3. The abstract mentions that this method offers physical insights into previously unknown parameters, such as the interfacial slip/stick coefficient and back heat transfer constant.
4. These insights are derived from the explainable AI model, which helps in understanding the underlying thermal processes in the manufacturing system.
",,True,"In the provided abstract, the researchers are using explainable artificial intelligence (XAI) to enhance a physics-based surrogate model for predicting temperature distribution during additive friction stir deposition. They mention that their approach offers physical insights into previously unknown parameters, such as the interfacial slip/stick coefficient and back heat transfer constant. This indicates that the explanations derived from their model are not merely for understanding the model itself but are being used to gain insights into the underlying physical processes involved in the manufacturing technology.

The researchers explicitly state that their method provides insights into parameters that were previously unknown, suggesting that they are leveraging the model explanations to make new claims about the physical phenomena at play in the additive manufacturing process. This indicates a clear intention to use the model explanations for scientific discovery rather than just for model deployment or prediction.

Therefore, I conclude that the researchers are using the explanations to understand natural processes and make new claims about the underlying science.
",True,"Step 1: Identify the primary goal of the research.
- The primary goal is to predict the thermal characteristics in additive friction stir deposition, which is crucial for the quality and properties of the printed products.

Step 2: Determine the role of explainable artificial intelligence (XAI) in the research.
- The researchers propose an explainable artificial intelligence scheme via Bayesian learning to calibrate and update a physics-based surrogate model using in-situ monitoring data.

Step 3: Assess if the explanations are used to understand the model or the underlying natural processes.
- The abstract mentions that the approach offers physical insights into previously unknown parameters, such as the interfacial slip/stick coefficient and back heat transfer constant.

Step 4: Evaluate if these insights are used to make new scientific claims or discoveries.
- The mention of ""physical insights into previously unknown parameters"" suggests that the researchers are using the model explanations to gain a deeper understanding of the underlying physical processes involved in additive friction stir deposition.

Conclusion: The researchers are using the model explanations to gain new insights into the physical parameters governing the process, which indicates they are making new scientific claims based on these explanations.
"
260,https://api.elsevier.com/content/abstract/scopus_id/85178162557,SCOPUS_ID:85178162557,2-s2.0-85178162557,Interpretable Machine Learning for Catalytic Materials Design toward Sustainability,Xin H.,Accounts of Materials Research,10.1021/accountsmr.3c00131,Journal,ar,Article,"Conspectus Finding catalytic materials with optimal properties for sustainable chemical and energy transformations is one of the pressing challenges facing our society today. Traditionally, the discovery of catalysts or the philosopher’s stone of alchemists relies on a trial-and-error approach with physicochemical intuition. Decades-long advances in science and engineering, particularly in quantum chemistry and computing infrastructures, popularize a paradigm of computational science for materials discovery. However, the brute-force search through a vast chemical space is hampered by its formidable cost. In recent years, machine learning (ML) has emerged as a promising approach to streamline the design of active sites by learning from data. As ML is increasingly employed to make predictions in practical settings, the demand for domain interpretability is surging. Therefore, it is of great importance to provide an in-depth review of our efforts in tackling this challenging issue in computational heterogeneous catalysis. In this Account, we present an interpretable ML framework for accelerating catalytic materials design, particularly in driving sustainable carbon, nitrogen, and oxygen cycles. By leveraging the linear adsorption-energy scaling and Brønsted-Evans-Polanyi (BEP) relationships, catalytic outcomes (i.e., activity, selectivity, and stability) of a multistep reaction can often be mapped onto one or two kinetics-informed descriptors. One type of descriptor of great importance is the adsorption energies of representative species at active site motifs that can be computed from quantum-chemical simulations. To complement such a descriptor-based design strategy, we delineate our endeavors in incorporating domain knowledge into a data-driven ML workflow. We demonstrate that the major drawbacks of black-box ML algorithms, e.g., poor explainability, can be largely circumvented by employing (1) physics-inspired feature engineering, (2) Bayesian statistical learning, and (3) theory-infused deep neural networks. The framework drastically facilitates the design of heterogeneous metal-based catalysts, some of which have been experimentally verified for an array of sustainable chemistries. We offer some remarks on the existing challenges, opportunities, and future directions of interpretable ML in predicting catalytic materials and, more importantly, on advancing catalysis theory beyond conventional wisdom. We envision that this Account will attract more researchers’ attention to develop highly accurate, easily explainable, and trustworthy materials design strategies, facilitating the transition to the data science paradigm for sustainability through catalysis.",True,"The abstract discusses the use of interpretable machine learning (ML) to facilitate the design of catalytic materials by incorporating domain knowledge and physics-inspired feature engineering. It emphasizes the importance of understanding catalytic outcomes through descriptors derived from quantum-chemical simulations, which suggests that the explanations provided by the ML framework are aimed at elucidating the underlying processes of catalysis rather than merely explaining the model's behavior. The focus on advancing catalysis theory and the integration of domain knowledge indicates that the insights drawn from the ML framework contribute to a deeper understanding of the phenomena involved in catalytic materials design.
",True,"Step-by-step analysis:

1. **Title Analysis**: The title suggests the use of interpretable machine learning for designing catalytic materials with a focus on sustainability.

2. **Abstract Analysis**:
   - **Introduction**: The abstract starts by discussing the challenge of finding optimal catalytic materials and the traditional trial-and-error approach.
   - **ML for Prediction**: It mentions the use of machine learning to streamline the design of active sites by learning from data.
   - **Demand for Interpretability**: There is a clear emphasis on the need for domain interpretability in ML applications.
   - **Interpretable ML Framework**: The abstract describes an interpretable ML framework that leverages domain knowledge, such as linear adsorption-energy scaling and BEP relationships, to map catalytic outcomes to kinetics-informed descriptors.
   - **Physics-Inspired Feature Engineering**: The use of physics-inspired feature engineering, Bayesian statistical learning, and theory-infused deep neural networks is highlighted to improve explainability.
   - **Advancing Catalysis Theory**: The abstract mentions that the framework helps advance catalysis theory beyond conventional wisdom.

3. **Insights from ML Model**:
   - The abstract indicates that the interpretable ML framework helps in understanding the relationship between catalytic outcomes and kinetics-informed descriptors.
   - It also mentions that the framework incorporates domain knowledge to improve explainability, which suggests that insights are being drawn about the underlying catalytic processes.

4. **Understanding Underlying Processes**:
   - The use of domain knowledge and physics-inspired features indicates that the explanations provided by the ML model help in understanding the underlying catalytic processes, not just the model behavior.

Conclusion: The explanations provided by the ML model in this research help understand the underlying catalytic processes.
",,True,"The abstract discusses the use of interpretable machine learning (ML) in the context of designing catalytic materials for sustainable chemical processes. The researchers emphasize the importance of domain interpretability and the integration of physics-inspired feature engineering and theory-infused deep neural networks to enhance the explainability of their ML models. They mention that their framework helps in mapping catalytic outcomes to kinetics-informed descriptors, which suggests that they are not merely using the model explanations for deployment but are also leveraging these insights to advance the understanding of catalytic processes.

The researchers explicitly state that their work aims to advance catalysis theory beyond conventional wisdom, indicating that they are using the model explanations to make new claims about the underlying scientific phenomena. This suggests a dual purpose: improving model interpretability for practical applications while also contributing to scientific discovery in the field of catalysis.

Given this analysis, it is clear that the researchers are using model explanations not just for understanding the model but also to gain insights into the natural processes involved in catalytic materials design.
",True,"Step-by-step analysis:

1. **Title and Abstract Overview**:
   - The title suggests a focus on interpretable machine learning (ML) for designing catalytic materials.
   - The abstract discusses the challenge of finding optimal catalytic materials and the role of ML in this process.

2. **Role of ML**:
   - ML is described as a tool to streamline the design of active sites by learning from data.
   - The abstract emphasizes the importance of domain interpretability in practical settings.

3. **Interpretable ML Framework**:
   - The framework leverages known scientific relationships (e.g., linear adsorption-energy scaling, Brønsted-Evans-Polanyi relationships) to map catalytic outcomes to descriptors.
   - These descriptors are derived from quantum-chemical simulations, indicating a strong basis in established scientific principles.

4. **Incorporation of Domain Knowledge**:
   - The researchers incorporate domain knowledge into the ML workflow through physics-inspired feature engineering, Bayesian statistical learning, and theory-infused deep neural networks.
   - This suggests that the ML models are being designed to align closely with existing scientific theories and knowledge.

5. **Experimental Verification**:
   - The abstract mentions that some of the designed catalysts have been experimentally verified, indicating that the ML models are not just theoretical but have practical, real-world applications.

6. **Advancing Catalysis Theory**:
   - The researchers claim that their work can advance catalysis theory beyond conventional wisdom, suggesting that the insights gained from the ML models are being used to make new scientific claims.

7. **Conclusion**:
   - The abstract concludes with a vision of attracting more researchers to develop accurate, explainable, and trustworthy materials design strategies, indicating a broader scientific impact.

Based on this analysis, the researchers are using model explanations not just to understand the model but to make new claims about catalytic materials and potentially advance scientific theory. This indicates that the explanations are being used for scientific discovery.
"
265,https://api.elsevier.com/content/abstract/scopus_id/85181562547,SCOPUS_ID:85181562547,2-s2.0-85181562547,Elucidating Key Characteristics of PFAS Binding to Human Peroxisome Proliferator-Activated Receptor Alpha: An Explainable Machine Learning Approach,Maeda K.,Environmental Science and Technology,10.1021/acs.est.3c06561,Journal,ar,Article,"Per- and polyfluoroalkyl substances (PFAS) are widely employed anthropogenic fluorinated chemicals known to disrupt hepatic lipid metabolism by binding to human peroxisome proliferator-activated receptor alpha (PPARα). Therefore, screening for PFAS that bind to PPARα is of critical importance. Machine learning approaches are promising techniques for rapid screening of PFAS. However, traditional machine learning approaches lack interpretability, posing challenges in investigating the relationship between molecular descriptors and PPARα binding. In this study, we aimed to develop a novel, explainable machine learning approach to rapidly screen for PFAS that bind to PPARα. We calculated the PPARα-PFAS binding score and 206 molecular descriptors for PFAS. Through systematic and objective selection of important molecular descriptors, we developed a machine learning model with good predictive performance using only three descriptors. The molecular size (b_single) and electrostatic properties (BCUT_PEOE_3 and PEOE_VSA_PPOS) are important for PPARα-PFAS binding. Alternative PFAS are considered safer than their legacy predecessors. However, we found that alternative PFAS with many carbon atoms and ether groups exhibited a higher affinity for PPARα. Therefore, confirming the toxicity of these alternative PFAS compounds with such characteristics through biological experiments is important.",True,"The research abstract describes the use of an explainable machine learning approach to identify key molecular descriptors that influence the binding of PFAS to PPARα. The study emphasizes the importance of specific molecular characteristics (molecular size and electrostatic properties) in understanding the binding process. By systematically selecting important descriptors, the authors aim to elucidate the relationship between these molecular features and PPARα binding, which contributes to understanding the underlying biological process rather than merely explaining the model's behavior.
",True,"Step-by-step analysis:

1. **Objective**: The study aims to develop an explainable machine learning approach to screen for PFAS that bind to PPARα.
2. **Data**: The study uses 206 molecular descriptors for PFAS and calculates the PPARα-PFAS binding score.
3. **Model Development**: The model is developed using only three important descriptors: molecular size (b_single) and electrostatic properties (BCUT_PEOE_3 and PEOE_VSA_PPOS).
4. **Insights**: The study identifies that molecular size and specific electrostatic properties are important for PPARα-PFAS binding.
5. **Further Findings**: It is found that alternative PFAS with many carbon atoms and ether groups have a higher affinity for PPARα, suggesting potential toxicity.

**Conclusion**: The study uses explainable machine learning to identify key molecular descriptors that influence PFAS binding to PPARα. These insights help understand the underlying biochemical process of PFAS binding, not just the model's behavior.
",,True,"In the provided abstract, the researchers utilize an explainable machine learning approach to identify key molecular descriptors that influence the binding of PFAS to PPARα. They emphasize the importance of interpretability in understanding the relationship between these molecular descriptors and the biological process of binding. The findings regarding the significance of molecular size and electrostatic properties suggest that the researchers are not merely using the model for predictions but are also drawing conclusions about the underlying biological mechanisms and the characteristics of PFAS that affect their binding affinity.

The researchers explicitly state that they found alternative PFAS with certain characteristics (many carbon atoms and ether groups) to exhibit a higher affinity for PPARα, which indicates a new scientific insight derived from their model explanations. This suggests that the explanations are being used to make claims about the natural processes involved in PFAS binding, rather than solely for model deployment.

Given this analysis, the explanations are being used for scientific discovery.
",True,"Step 1: Identify the purpose of the study.
- The study aims to develop an explainable machine learning approach to screen for PFAS that bind to PPARα.

Step 2: Determine the role of machine learning in the study.
- Machine learning is used to predict the binding affinity of PFAS to PPARα based on molecular descriptors.

Step 3: Examine how the researchers use model explanations.
- The researchers use model explanations to identify important molecular descriptors (molecular size and electrostatic properties) that influence PPARα-PFAS binding.

Step 4: Assess if the researchers make new scientific claims based on model explanations.
- The researchers claim that alternative PFAS with many carbon atoms and ether groups exhibit a higher affinity for PPARα, suggesting potential toxicity. They recommend biological experiments to confirm this.

Step 5: Determine if the explanations are used to understand natural processes or scientific phenomena.
- The researchers use the model explanations to make a new claim about the toxicity of alternative PFAS based on their molecular characteristics, which implies they are using the explanations to understand a scientific phenomenon.

Conclusion: The researchers are using model explanations to make new scientific claims about the binding affinity and potential toxicity of alternative PFAS, indicating they are using the explanations for scientific discovery.
"
271,https://api.elsevier.com/content/abstract/scopus_id/85202035201,SCOPUS_ID:85202035201,2-s2.0-85202035201,Understanding the impact of radiotherapy fractionation on overall survival in a large head and neck squamous cell carcinoma dataset: a comprehensive approach combining mechanistic and machine learning models,Shuryak I.,Frontiers in Oncology,10.3389/fonc.2024.1422211,Journal,ar,Article,"Introduction: Treating head and neck squamous cell carcinomas (HNSCC), especially human papillomavirus negative (HPV-) and locally advanced cases, remains difficult. Our previous analyses of radiotherapy-only HNSCC clinical trials data using mechanistically-motivated models of tumor repopulation and killing by radiotherapy predicted that hyperfractionation with twice-daily fractions, or hypofractionation involving increased doses/fraction and reduced treatment durations, both improve tumor control and reduce late normal tissue toxicity, compared with standard protocols using 35×2 Gy. Here we further investigated the validity of these conclusions by analyzing a large modern dataset on 3,346 HNSCC radiotherapy patients from the University Health Network in Toronto, Canada, where 42.5% of patients were also treated with chemotherapy. Methods: We used a two-step approach that combines mechanistic modeling concepts with state-of-the-art machine learning, beginning with Random Survival Forests (RSF) for an exploratory analysis and followed by Causal Survival Forests (CSF) for a focused causal analysis. The mechanistic concept of biologically effective dose (BED) was implemented for the standard dose-independent (DI) tumor repopulation model, our alternative dose-dependent (DD) repopulation model, and a simple model with no repopulation (BEDsimp). These BED variants were included in the RSF model, along with age, stage, HPV status and other relevant variables, to predict patient overall survival (OS) and cause-specific mortality (deaths from the index cancer, other cancers or other causes). Results: Model interpretation using Shapley Additive Explanations (SHAP) values and correlation matrices showed that high values of BEDDD or BEDDI, but not BEDsimp, were associated with decreased patient mortality. Targeted causal inference analyses were then performed using CSF to estimate the causal effect of each BED variant on OS. They revealed that high BEDDD (>61.8 Gy) or BEDDI (>57.6 Gy), but not BEDsimp, increased patient restricted mean survival time (RMST) by 0.5-1.0 years and increased survival probability (SP) by 5-15% several years after treatment. In addition to population-level averages, CSF generated individual-level causal effect estimates for each patient, facilitating personalized medicine. Discussion: These findings are generally consistent with those of our previous mechanistic modeling, implying the potential benefits of altered radiotherapy fractionation schemes (e.g. 25×2.4 Gy, 20×2.75 Gy, 18×3.0 Gy) which increase BEDDD and BEDDI and counteract tumor repopulation more effectively than standard fractionation. Such regimens may represent potentially useful hypofractionated options for treating HNSCC.",True,"1. The research combines mechanistic modeling with machine learning to analyze the impact of radiotherapy fractionation on overall survival in HNSCC patients.
2. The use of SHAP values and correlation matrices provides insights into the relationship between biologically effective dose (BED) variants and patient mortality.
3. The findings suggest that high values of BEDDD and BEDDI are associated with decreased mortality, which aligns with mechanistic modeling conclusions.
4. The explanations derived from SHAP values help to elucidate the underlying biological processes related to radiotherapy effectiveness rather than just the behavior of the machine learning model.
",True,"Step-by-step analysis:

1. **Title Analysis**: The title suggests a combination of mechanistic and machine learning models to understand the impact of radiotherapy fractionation on overall survival in HNSCC patients.

2. **Abstract Analysis**:
   - **Introduction**: The introduction discusses previous mechanistic models and their predictions about radiotherapy fractionation.
   - **Methods**: The methods section describes the use of Random Survival Forests (RSF) for exploratory analysis and Causal Survival Forests (CSF) for causal analysis. It mentions the inclusion of mechanistic concepts like biologically effective dose (BED) in the models.
   - **Results**: The results section states that SHAP values and correlation matrices were used to interpret the models. It specifically mentions that high values of BEDDD or BEDDI, but not BEDsimp, were associated with decreased patient mortality. This suggests that SHAP values were used to understand the relationship between BED variants and patient outcomes.
   - **Discussion**: The discussion connects the findings from the machine learning models with previous mechanistic modeling, suggesting potential benefits of altered radiotherapy fractionation schemes.

3. **Insight Analysis**:
   - The use of SHAP values helped identify that high values of BEDDD or BEDDI are associated with decreased patient mortality, which is an insight into the underlying process of how different radiotherapy fractionation schemes impact patient survival.
   - The causal inference analysis using CSF further supports these findings by estimating the causal effect of BED variants on overall survival, providing a deeper understanding of the underlying biological processes.

Conclusion: The research uses explainable ML (SHAP) to draw insights about the underlying biological processes, not just the model behavior.
",,True,"The researchers in this study utilize SHAP values and correlation matrices to interpret their machine learning models, specifically to understand the relationship between different biologically effective dose (BED) variants and patient mortality. They find that high values of BEDDD and BEDDI are associated with decreased mortality, which supports their previous mechanistic modeling conclusions. The use of SHAP values here is primarily to elucidate how the model's predictions relate to the underlying biological concepts they are investigating, rather than merely to improve model performance or deployment.

Furthermore, the researchers explicitly connect their findings from the machine learning analysis to biological implications regarding radiotherapy fractionation schemes, suggesting that these insights could lead to new treatment options for HNSCC. This indicates that the explanations derived from the model are being used to make claims about the underlying biological processes and potential clinical applications, rather than just for understanding the model itself.

Given this context, the explanations are being used to support scientific discovery regarding the effects of different radiotherapy fractionation schemes on patient outcomes.
",True,"Step-by-step analysis:

1. **Title and Abstract Overview**:
   - The study aims to understand the impact of radiotherapy fractionation on overall survival in HNSCC patients.
   - It combines mechanistic models with machine learning models to analyze a large dataset.

2. **Methods**:
   - The researchers use Random Survival Forests (RSF) for exploratory analysis and Causal Survival Forests (CSF) for causal analysis.
   - They incorporate mechanistic concepts like biologically effective dose (BED) into the models.

3. **Model Interpretation**:
   - SHAP values and correlation matrices are used to interpret the RSF model.
   - SHAP values indicate that high values of BEDDD or BEDDI are associated with decreased patient mortality.

4. **Causal Analysis**:
   - CSF is used to estimate the causal effect of each BED variant on overall survival.
   - The results show that high BEDDD or BEDDI increases restricted mean survival time (RMST) and survival probability (SP).

5. **Discussion**:
   - The findings are consistent with previous mechanistic modeling.
   - The study suggests potential benefits of altered radiotherapy fractionation schemes based on the results.

**Conclusion**:
- The researchers use SHAP values to interpret the model and identify associations between BED variants and patient mortality.
- They then use causal inference to make claims about the impact of BED on survival outcomes.
- The discussion implies that these findings could influence clinical practice by suggesting new radiotherapy fractionation schemes.

Given that the researchers are using model explanations (SHAP values) to make new claims about the impact of BED on survival and suggesting changes to clinical practice, they are using these explanations to understand scientific phenomena.
"
323,https://api.elsevier.com/content/abstract/scopus_id/85189645014,SCOPUS_ID:85189645014,2-s2.0-85189645014,Explainable artificial intelligence (xAI) in neuromarketing/consumer neuroscience: an fMRI study on brand perception,Marques dos Santos J.P.,Frontiers in Human Neuroscience,10.3389/fnhum.2024.1305164,Journal,ar,Article,"Introduction: The research in consumer neuroscience has identified computational methods, particularly artificial intelligence (AI) and machine learning, as a significant frontier for advancement. Previously, we utilized functional magnetic resonance imaging (fMRI) and artificial neural networks (ANNs) to model brain processes related to brand preferences in a paradigm exempted from motor actions. In the current study, we revisit this data, introducing recent advancements in explainable artificial intelligence (xAI) to gain insights into this domain. By integrating fMRI data analysis, machine learning, and xAI, our study aims to search for functional brain networks that support brand perception and, ultimately, search for brain networks that disentangle between preferred and indifferent brands, focusing on the early processing stages. Methods: We applied independent component analysis (ICA) to overcome the expected fMRI data’s high dimensionality, which raises hurdles in AI applications. We extracted pertinent features from the returned ICs. An ANN is then trained on this data, followed by pruning and retraining processes. We then apply explanation techniques, based on path-weights and Shapley values, to make the network more transparent, explainable, and interpretable, and to obtain insights into the underlying brain processes. Results: The fully connected ANN model obtained an accuracy of 54.6%, which dropped to 50.4% after pruning. However, the retraining process allowed it to surpass the fully connected network, achieving an accuracy of 55.9%. The path-weights and Shapley-based analysis concludes that, regarding brand perception, the expected initial participation of the primary visual system is followed. Other brain areas participate in early processing and discriminate between preferred and indifferent brands, such as the cuneal and the lateral occipital cortices. Discussion: The most important finding is that a split between processing brands|preferred from brands|indifferent may occur during early processing stages, still in the visual system. However, we found no evidence of a “decision pipeline” that would yield if a brand is preferred or indifferent. The results suggest the existence of a “tagging”-like process in parallel flows in the extrastriate. Network training dynamics aggregate specific processes within the hidden nodes by analyzing the model’s hidden layer. This yielded that some nodes contribute to both global brand appraisal and specific brand category classification, shedding light on the neural substrates of decision-making in response to brand stimuli.",True,"1. The research uses explainable AI techniques (like SHAP) to analyze fMRI data related to brand perception.
2. The explanations derived from the model (path-weights and Shapley values) are used to gain insights into the underlying brain processes involved in brand perception, such as the roles of different brain areas during early processing stages.
3. The findings suggest a split in processing between preferred and indifferent brands, indicating that the explanations help understand the underlying neural processes rather than just the model behavior.

True
",True,"Step-by-step analysis:

1. **Introduction and Methods**:
   - The study uses fMRI data and ANNs to model brain processes related to brand preferences.
   - They apply xAI techniques, specifically path-weights and Shapley values, to make the ANN more transparent and interpretable.

2. **Results**:
   - The ANN model's accuracy is reported before and after pruning and retraining.
   - The xAI techniques reveal that the primary visual system is initially involved in brand perception.
   - Other brain areas, such as the cuneal and lateral occipital cortices, are also involved in early processing and discriminating between preferred and indifferent brands.

3. **Discussion**:
   - The study finds that the split between processing preferred and indifferent brands occurs during early visual processing stages.
   - No evidence of a decision pipeline for brand preference is found.
   - The analysis of the model’s hidden layer suggests that some nodes contribute to both global brand appraisal and specific brand category classification.

**Conclusion**:
- The explanations provided by the xAI techniques (path-weights and Shapley values) help understand the underlying brain processes involved in brand perception, not just the model behavior.
",,True,"In the provided abstract, the researchers utilize explainable artificial intelligence (xAI) techniques, specifically path-weights and Shapley values, to enhance the transparency and interpretability of their artificial neural network (ANN) model. They aim to gain insights into the underlying brain processes related to brand perception. The results indicate that certain brain areas are involved in the early processing of brand stimuli, and they discuss findings related to the neural substrates of decision-making in response to brands.

While the researchers do apply xAI methods to understand the model's behavior, they also make claims about the underlying brain processes and the neural mechanisms involved in brand perception. They suggest a potential ""tagging""-like process and identify specific brain areas that contribute to distinguishing between preferred and indifferent brands. This indicates that the explanations derived from the model are being used to make new claims about the scientific phenomena of brand perception and neural processing.

Thus, the explanations are not solely limited to aiding in model deployment or prediction; they are being used to derive insights into natural processes related to consumer neuroscience.
",True,"Step-by-step analysis:

1. **Introduction and Aim**: The study aims to use xAI to gain insights into brain processes related to brand perception. This suggests an intention to understand underlying natural processes.

2. **Methods**: The researchers use ICA to handle high-dimensional fMRI data and train an ANN. They then apply explanation techniques (path-weights and Shapley values) to make the model more transparent and interpretable, and to obtain insights into brain processes.

3. **Results**: The model's accuracy is discussed, and the explanation techniques reveal that the primary visual system is initially involved in brand perception, followed by other brain areas like the cuneal and lateral occipital cortices.

4. **Discussion**: The researchers discuss the findings in terms of brain processes, suggesting that brand preference processing occurs early in the visual system and involves a ""tagging""-like process in the extrastriate. They also mention that hidden nodes in the ANN contribute to both global brand appraisal and specific brand category classification.

5. **Claims**: The researchers make new claims about the neural substrates of decision-making in response to brand stimuli, based on the insights obtained from the model explanations.

Conclusion: The researchers are using model explanations to make new claims about brain processes related to brand perception, indicating they are using these explanations for scientific discovery.
"
332,https://api.elsevier.com/content/abstract/scopus_id/85187798109,SCOPUS_ID:85187798109,2-s2.0-85187798109,Reduction of monoclonal antibody viscosity using interpretable machine learning,Makowski E.K.,mAbs,10.1080/19420862.2024.2303781,Journal,ar,Article,"Early identification of antibody candidates with drug-like properties is essential for simplifying the development of safe and effective antibody therapeutics. For subcutaneous administration, it is important to identify candidates with low self-association to enable their formulation at high concentration while maintaining low viscosity, opalescence, and aggregation. Here, we report an interpretable machine learning model for predicting antibody (IgG1) variants with low viscosity using only the sequences of their variable (Fv) regions. Our model was trained on antibody viscosity data (>100 mg/mL mAb concentration) obtained at a common formulation pH (pH 5.2), and it identifies three key Fv features of antibodies linked to viscosity, namely their isoelectric points, hydrophobic patch sizes, and numbers of negatively charged patches. Of the three features, most predicted antibodies at risk for high viscosity, including antibodies with diverse antibody germlines in our study (79 mAbs) as well as clinical-stage IgG1s (94 mAbs), are those with low Fv isoelectric points (Fv pIs < 6.3). Our model identifies viscous antibodies with relatively high accuracy not only in our training and test sets, but also for previously reported data. Importantly, we show that the interpretable nature of the model enables the design of mutations that significantly reduce antibody viscosity, which we confirmed experimentally. We expect that this approach can be readily integrated into the drug development process to reduce the need for experimental viscosity screening and improve the identification of antibody candidates with drug-like properties.",True,"1. The research uses interpretable machine learning to identify key features (isoelectric points, hydrophobic patch sizes, and negatively charged patches) linked to antibody viscosity.
2. The insights drawn from the model explain how these features relate to the viscosity of antibodies, which helps in understanding the underlying biological processes affecting viscosity.
3. The explanations provided by the model do help in understanding the underlying processes related to antibody viscosity rather than just the model behavior.
",True,"Step-by-step analysis:

1. **Objective**: The research aims to identify antibody candidates with low viscosity using an interpretable machine learning model.
2. **Model Training**: The model is trained on antibody viscosity data and uses features derived from the sequences of the variable (Fv) regions.
3. **Key Features Identified**: The model identifies three key Fv features linked to viscosity: isoelectric points, hydrophobic patch sizes, and numbers of negatively charged patches.
4. **Insights on Viscosity**: The research highlights that antibodies with low Fv isoelectric points are at higher risk for high viscosity.
5. **Experimental Validation**: The model's predictions are experimentally validated by designing mutations that reduce antibody viscosity.

**Conclusion**: The research uses the interpretable machine learning model to draw insights about the underlying biological process (antibody viscosity) rather than just explaining the model's behavior.
",,True,"In the provided abstract, the researchers utilize an interpretable machine learning model to predict the viscosity of monoclonal antibodies based on their variable region sequences. They identify specific features (isoelectric points, hydrophobic patch sizes, and negatively charged patches) that are linked to viscosity, which suggests that they are not merely using the model for predictions but are also deriving insights about the underlying biological properties of the antibodies.

The explanations provided by the model are used to make claims about the relationship between these features and viscosity, indicating a deeper understanding of the factors that influence antibody behavior. The researchers explicitly mention that the interpretable nature of the model allows them to design mutations that can reduce viscosity, which is a clear application of the insights gained from the model to inform experimental design and scientific understanding.

Thus, the explanations are being used to aid in scientific discovery, as they lead to new insights and experimental validations rather than just serving the purpose of model interpretation for deployment.
",True,"Step 1: Identify the purpose of the study.
- The study aims to predict antibody variants with low viscosity using an interpretable machine learning model.

Step 2: Determine what the model explanations reveal.
- The model identifies three key features linked to viscosity: isoelectric points, hydrophobic patch sizes, and numbers of negatively charged patches.

Step 3: Assess how the researchers use these explanations.
- The researchers use the model to predict antibodies at risk for high viscosity and validate these predictions experimentally.
- They also use the model to design mutations that reduce antibody viscosity, which they confirm experimentally.

Step 4: Evaluate if the researchers make new scientific claims based on model explanations.
- The researchers claim that antibodies with low Fv isoelectric points are at risk for high viscosity.
- They experimentally confirm that designed mutations based on model insights reduce viscosity.

Step 5: Determine if the explanations are used to understand natural processes or scientific phenomena.
- The researchers use the model explanations to identify and experimentally validate features that influence antibody viscosity.
- They make new claims about the relationship between specific features (e.g., isoelectric points) and viscosity, which are confirmed through experiments.

Given the above steps, the researchers are using model explanations to make new scientific claims about the relationship between antibody features and viscosity, and they validate these claims experimentally.
"
381,https://api.elsevier.com/content/abstract/scopus_id/85174906763,SCOPUS_ID:85174906763,2-s2.0-85174906763,Complementing a continuum thermodynamic approach to constitutive modeling with symbolic regression,Garbrecht K.,Journal of the Mechanics and Physics of Solids,10.1016/j.jmps.2023.105472,Journal,ar,Article,"An interpretable machine learning method, physics-informed genetic programming-based symbolic regression (P-GPSR), is integrated into a continuum thermodynamic approach to developing constitutive models. The proposed strategy for combining a thermodynamic analysis with P-GPSR is demonstrated by generating a yield function for an idealized material with voids, i.e., the Gurson yield function. First, a thermodynamic-based analysis is used to derive model requirements that are exploited in a custom P-GPSR implementation as fitness criteria or are strongly enforced in the solution. The P-GPSR implementation improved accuracy, generalizability, and training time compared to the same GPSR code without physics-informed fitness criteria. The yield function generated through the P-GPSR framework is in the form of a composite function that describes a class of materials and is characteristically more interpretable than GPSR-derived equations. The physical significance of the input functions learned by P-GPSR within the composite function is acquired from the thermodynamic analysis. Fundamental explanations of why the implemented P-GPSR capabilities improve results over a conventional GPSR algorithm are provided.",True,"The research abstract describes the integration of a physics-informed genetic programming-based symbolic regression (P-GPSR) with a continuum thermodynamic approach to develop constitutive models. The focus is on generating a yield function for materials, which is a fundamental aspect of understanding material behavior under stress. The abstract mentions that the physical significance of the input functions learned by P-GPSR is derived from thermodynamic analysis, indicating that the insights gained are related to the underlying physical processes rather than just the model's behavior. The explanations provided help in understanding why the P-GPSR approach yields better results, which suggests a deeper understanding of the material's behavior.
",True,"Step-by-step analysis:

1. **Title Analysis**: The title mentions ""symbolic regression"" and ""constitutive modeling,"" which suggests a focus on deriving mathematical expressions that describe material behavior.

2. **Abstract Analysis**:
   - **Interpretable ML Method**: The abstract mentions the use of ""physics-informed genetic programming-based symbolic regression (P-GPSR)"" which is an interpretable ML method.
   - **Integration with Thermodynamic Approach**: The method is integrated with a continuum thermodynamic approach to develop constitutive models.
   - **Yield Function Generation**: The method is used to generate a yield function for a material with voids, specifically the Gurson yield function.
   - **Model Requirements and Fitness Criteria**: Thermodynamic analysis is used to derive model requirements that are incorporated into the P-GPSR implementation.
   - **Improved Results**: The P-GPSR implementation shows improved accuracy, generalizability, and training time.
   - **Interpretability**: The yield function generated is more interpretable, and the physical significance of the input functions is derived from the thermodynamic analysis.
   - **Fundamental Explanations**: Explanations are provided for why the P-GPSR capabilities improve results over a conventional GPSR algorithm.

3. **Insight Analysis**:
   - The abstract indicates that the P-GPSR method helps derive a yield function that describes material behavior.
   - The physical significance of the input functions learned by P-GPSR is acquired from the thermodynamic analysis, which suggests that the method helps understand the underlying material behavior, not just the model.

Conclusion: The explanations provided by the P-GPSR method help understand the underlying material behavior and processes.
",,True,"In the provided abstract, the researchers are integrating an interpretable machine learning method (P-GPSR) with a continuum thermodynamic approach to develop constitutive models. They emphasize the use of thermodynamic analysis to derive model requirements, which are then incorporated into the P-GPSR framework. The yield function generated is described as more interpretable than previous methods, and the researchers claim to provide fundamental explanations for the improvements achieved by their approach.

The key aspect here is that the researchers are not merely using the model explanations to understand the model's predictions or to aid in deploying their ML system. Instead, they are leveraging the insights gained from the thermodynamic analysis to inform the symbolic regression process and to derive a yield function that has physical significance. This suggests that they are making claims about the underlying physical processes and the nature of the materials being studied, which indicates a level of scientific discovery.

Thus, the explanations provided by the model are being used to understand and validate the underlying scientific phenomena related to material behavior, rather than just for model interpretability or deployment.
",True,"Let's break down the abstract step by step:

1. **Title and Abstract Overview**:
   - The title suggests a combination of continuum thermodynamics and symbolic regression.
   - The abstract mentions the use of a physics-informed genetic programming-based symbolic regression (P-GPSR) to develop constitutive models.

2. **Purpose and Method**:
   - The purpose is to integrate P-GPSR into a thermodynamic approach to generate a yield function for a material with voids.
   - The thermodynamic analysis is used to derive model requirements, which are then used as fitness criteria in the P-GPSR implementation.

3. **Results and Interpretability**:
   - The P-GPSR implementation improves accuracy, generalizability, and training time compared to a non-physics-informed GPSR.
   - The yield function generated is more interpretable and describes a class of materials.
   - The physical significance of the input functions learned by P-GPSR is acquired from the thermodynamic analysis.

4. **Explanations and Claims**:
   - The abstract mentions that the physical significance of the input functions is derived from the thermodynamic analysis.
   - It also states that fundamental explanations are provided for why the P-GPSR capabilities improve results over a conventional GPSR algorithm.

**Analysis**:
- The researchers are using the model explanations to understand the physical significance of the input functions within the composite function.
- They are not merely using the explanations to aid in deploying the ML system or making predictions; they are using them to derive and understand the yield function in the context of thermodynamics.
- The explanations are tied to the physical properties and behaviors of the materials, which indicates a deeper understanding of the scientific phenomena.

Given this detailed analysis, it is clear that the researchers are using model explanations to make new claims about the scientific phenomena related to the material's yield function.

**Conclusion**:"
412,https://api.elsevier.com/content/abstract/scopus_id/85174322510,SCOPUS_ID:85174322510,2-s2.0-85174322510,Understanding molecular abundances in star-forming regions using interpretable machine learning,Heyl J.,Monthly Notices of the Royal Astronomical Society,10.1093/mnras/stad2814,Journal,ar,Article,"Astrochemical modelling of the interstellar medium typically makes use of complex computational codes with parameters whose values can be varied. It is not always clear what the exact nature of the relationship is between these input parameters and the output molecular abundances. In this work, a feature importance analysis is conducted using SHapley Additive exPlanations (SHAP), an interpretable machine learning technique, to identify the most important physical parameters as well as their relationship with each output. The outputs are the abundances of species and ratios of abundances. In order to reduce the time taken for this process, a neural network emulator is trained to model each species’ output abundance and this emulator is used to perform the interpretable machine learning. SHAP is then used to further explore the relationship between the physical features and the abundances for the various species and ratios we considered. H2O and CO’s gas phase abundances are found to strongly depend on the metallicity. NH3 has a strong temperature dependence, with there being two temperature regimes (<100 K and >100 K). By analysing the chemical network, we relate this to the chemical reactions in our network and find the increased temperature results in increased efficiency of destruction pathways. We investigate the HCN/HNC ratio and show that it can be used as a cosmic thermometer, agreeing with the literature. This ratio is also found to be correlated with the metallicity. The HCN/CS ratio serves as a density tracer, but also has three separate temperature-dependence regimes, which are linked to the chemistry of the two molecules.",True,"The research abstract describes the use of SHAP to conduct a feature importance analysis in the context of astrochemical modeling. The authors identify key physical parameters that influence molecular abundances and explore their relationships. They draw insights about how specific parameters, such as metallicity and temperature, affect the abundances of various species and ratios, linking these findings to underlying chemical processes. The analysis of the HCN/HNC and HCN/CS ratios provides further understanding of their roles as cosmic thermometers and density tracers, respectively.

The explanations provided by SHAP in this context help to elucidate the underlying chemical processes rather than merely explaining the behavior of the machine learning model itself.
",True,"Step-by-step analysis:

1. **Objective**: The research aims to understand the relationship between input parameters and molecular abundances in star-forming regions.
2. **Method**: Uses SHAP, an interpretable machine learning technique, to identify important physical parameters and their relationships with molecular abundances.
3. **Process**: 
   - A neural network emulator is trained to predict species' output abundances.
   - SHAP is applied to this emulator to explore relationships between physical features and abundances.
4. **Findings**:
   - H2O and CO gas phase abundances depend on metallicity.
   - NH3 abundance has a temperature dependence with two regimes, linked to chemical reaction efficiency.
   - HCN/HNC ratio can be used as a cosmic thermometer and is correlated with metallicity.
   - HCN/CS ratio serves as a density tracer with temperature-dependent regimes linked to the chemistry of the molecules.

**Conclusion**: The research uses SHAP to draw insights about the underlying physical and chemical processes affecting molecular abundances, not just to explain the model's behavior.
",,True,"The researchers in the abstract are using SHAP to analyze the relationships between physical parameters and molecular abundances in star-forming regions. They explicitly mention how the feature importance analysis helps identify key physical parameters and their relationships with the output abundances. The findings about the dependencies of H2O and CO on metallicity, the temperature dependence of NH3, and the implications of the HCN/HNC and HCN/CS ratios suggest that they are not merely using the model explanations for deployment or prediction purposes. Instead, they are leveraging these insights to make claims about the underlying chemical processes and relationships in astrochemistry.

The researchers are using the model explanations to enhance their understanding of natural processes and scientific phenomena, as they relate their findings back to chemical reactions and existing literature.
",True,"Step-by-step analysis:

1. **Title Analysis**: The title suggests that the researchers are using interpretable machine learning to understand molecular abundances in star-forming regions. This hints at a potential use of model explanations to understand natural processes.

2. **Abstract Analysis**:
   - **Initial Context**: The abstract starts by discussing the complexity of astrochemical modeling and the unclear relationship between input parameters and output molecular abundances.
   - **Use of SHAP**: The researchers use SHAP to identify important physical parameters and their relationships with output abundances. This indicates that SHAP is used to interpret the model.
   - **Neural Network Emulator**: A neural network emulator is trained to model species' output abundances, and SHAP is applied to this emulator. This step is primarily about making the model interpretable.
   - **Findings**: The researchers find specific dependencies (e.g., H2O and CO on metallicity, NH3 on temperature) and relate these to chemical reactions. They also investigate ratios like HCN/HNC and HCN/CS, linking them to temperature and density, respectively.

3. **Claims and Discoveries**:
   - The researchers make specific claims about the dependencies of molecular abundances on physical parameters.
   - They relate these findings to known chemical reactions and literature, suggesting that they are using the model explanations to make new scientific claims.

4. **Conclusion**: The researchers are not just using SHAP to understand the model but are explicitly using the explanations to make new claims about the relationships between physical parameters and molecular abundances. They are linking these findings to known chemical processes and literature, indicating a use for scientific discovery.
"
422,https://api.elsevier.com/content/abstract/scopus_id/85175358133,SCOPUS_ID:85175358133,2-s2.0-85175358133,Quantum biological insights into CRISPR-Cas9 sgRNA efficiency from explainable-AI driven feature engineering,Noshay J.M.,Nucleic Acids Research,10.1093/nar/gkad736,Journal,ar,Article,"CRISPR-Cas9 tools have transformed genetic manipulation capabilities in the laboratory. Empirical rules-of-thumb have been developed for only a narrow range of model organisms, and mechanistic underpinnings for sgRNA efficiency remain poorly understood. This work establishes a novel feature set and new public resource, produced with quantum chemical tensors, for interpreting and predicting sgRNA efficiency. Feature engineering for sgRNA efficiency is performed using an explainable-artificial intelligence model: iterative Random Forest (iRF). By encoding quantitative attributes of position-specific sequences for Escherichia coli sgRNAs, we identify important traits for sgRNA design in bacterial species. Additionally, we show that expanding positional encoding to quantum descriptors of base-pair, dimer, trimer, and tetramer sequences captures intricate interactions in local and neighboring nucleotides of the target DNA. These features highlight variation in CRISPR-Cas9 sgRNA dynamics between E. coli and H. sapiens genomes. These novel encodings of sgRNAs enhance our understanding of the elaborate quantum biological processes involved in CRISPR-Cas9 machinery.",True,"The abstract describes the use of explainable AI (specifically iterative Random Forest) to identify important traits for sgRNA design in bacterial species. The focus is on feature engineering and the development of a novel feature set that captures intricate interactions in nucleotides, which suggests that the insights drawn from the model are aimed at understanding the underlying biological processes related to sgRNA efficiency rather than merely explaining the model's behavior. The emphasis on quantum biological processes and the comparison between E. coli and H. sapiens genomes indicates that the explanations derived from the model contribute to a deeper understanding of the biological mechanisms at play.
",True,"Step-by-step analysis:

1. **Title Analysis**: The title suggests that the research is focused on gaining insights into CRISPR-Cas9 sgRNA efficiency using explainable AI.

2. **Abstract Analysis**:
   - **Objective**: The research aims to understand sgRNA efficiency, which is a biological process.
   - **Method**: The study uses iterative Random Forest (iRF), an explainable AI model, to perform feature engineering.
   - **Feature Engineering**: The features are derived from quantum chemical tensors and positional encoding of sequences.
   - **Insights**: The study identifies important traits for sgRNA design and highlights variations in CRISPR-Cas9 dynamics between different genomes (E. coli and H. sapiens).

3. **Explanation of ML Model**: The abstract indicates that the explainable AI model (iRF) is used to identify important features and traits that affect sgRNA efficiency.

4. **Understanding Underlying Processes**: The identified features and traits provide insights into the quantum biological processes involved in CRISPR-Cas9 machinery, which is an underlying biological phenomenon.

Conclusion: The research uses explainable ML to understand the underlying biological processes, not just the model behavior.
",,True,"In the provided abstract, the researchers utilize explainable AI (XAI) to enhance their understanding of sgRNA efficiency in the context of CRISPR-Cas9 technology. They mention that they are identifying important traits for sgRNA design and capturing intricate interactions in nucleotide sequences through feature engineering. The use of quantum chemical tensors and the iterative Random Forest model suggests that they are not merely focused on the predictive capabilities of their model but are also interested in the underlying biological processes.

The researchers explicitly state that their novel encodings of sgRNAs enhance the understanding of quantum biological processes involved in CRISPR-Cas9 machinery. This indicates that they are using the model explanations to make new claims about the biological mechanisms at play, rather than solely for model deployment or prediction purposes.

Given this context, it is clear that the researchers are leveraging model explanations to gain insights into scientific phenomena, specifically the dynamics of sgRNA efficiency and its relationship with quantum biological processes.
",True,"Let's break down the abstract step by step:

1. **Title and Context**: The title suggests that the research involves using explainable AI (XAI) to gain insights into the efficiency of CRISPR-Cas9 sgRNA, which is a biological process.

2. **Problem Statement**: The abstract mentions that the mechanistic underpinnings for sgRNA efficiency are poorly understood, indicating a gap in scientific knowledge.

3. **Methodology**: The researchers use an explainable AI model (iterative Random Forest, iRF) to perform feature engineering. This involves encoding quantitative attributes of position-specific sequences for sgRNAs.

4. **Findings**: The researchers identify important traits for sgRNA design in bacterial species and show that expanding positional encoding to quantum descriptors captures intricate interactions in local and neighboring nucleotides of the target DNA.

5. **Implications**: The abstract claims that these features highlight variations in CRISPR-Cas9 sgRNA dynamics between different genomes (E. coli and H. sapiens). It also states that these novel encodings enhance understanding of the quantum biological processes involved in CRISPR-Cas9 machinery.

**Analysis**:
- The researchers are using the model explanations to identify important traits and features that affect sgRNA efficiency.
- They claim that these features provide insights into the quantum biological processes of CRISPR-Cas9 machinery.
- The abstract explicitly states that these findings enhance understanding of the biological processes, which implies that the model explanations are being used to make new scientific claims.

Given the explicit mention of enhancing understanding of biological processes and the identification of new traits and features that affect sgRNA efficiency, it is clear that the researchers are using the model explanations to make new scientific claims.
"
423,https://api.elsevier.com/content/abstract/scopus_id/85169835499,SCOPUS_ID:85169835499,2-s2.0-85169835499,Elucidating precipitation in FeCrAl alloys through explainable AI: A case study,Ravi S.K.,Computational Materials Science,10.1016/j.commatsci.2023.112440,Journal,ar,Article,"A primary challenge of using FeCrAl in high temperature industrial settings is the formation of α′-precipitates that causes brittleness in the alloy, resulting in failure through fracture. The precipitation causes hardness change during thermal aging which is sensitive to both alloy composition and experimental condition (i.e., temperature and time of heat treatment). A Gaussian Process Regression (GPR) model is built on the hardness data collected at GE Research. Subsequently, for the first time, SHapley Additive exPlanations (SHAP) built upon the GPR is used as an Explainable Artificial Intelligence (XAI) tool to understand the effect of feature values in driving the hardness change. SHAP analysis has confirmed that the primary chemical driver for α′ age hardening in the FeCrAl system is Cr as expected. However, the analysis also indicated that Al does not have a clear trend of only suppressing the formation of α′ which contradicts current literature. This lack of a trend on the effect of Al on age hardening may be due to Al ability to both suppress thermodynamically and enhance kinetically the formation of α′. Similarly, SHAP analysis points towards Mo having no clear trend towards either enhancing or suppressing α′. This study indicates that more in depth studies focusing on both the chemistry and different aging temperatures (to study kinetics) should be performed to better understand the aging of this system.",True,"1. The research uses SHAP to analyze the effects of different alloy compositions on hardness change due to precipitation in FeCrAl alloys.
2. The insights drawn from the SHAP analysis indicate that Cr is a primary driver for age hardening, while Al and Mo do not show clear trends, which contradicts existing literature.
3. The explanations provided by SHAP help to understand the underlying chemical processes affecting hardness and precipitation behavior, rather than just the model's predictions.
",True,"Step-by-step analysis:

1. **Objective**: The study aims to understand the effect of feature values (alloy composition and experimental conditions) on hardness change in FeCrAl alloys.
2. **Model**: A Gaussian Process Regression (GPR) model is built on hardness data.
3. **Explainable AI Tool**: SHAP is used to interpret the GPR model.
4. **Insights from SHAP**:
   - **Cr**: Confirmed as the primary chemical driver for α′ age hardening.
   - **Al**: No clear trend, contradicting current literature, suggesting a dual role in both suppressing and enhancing α′ formation.
   - **Mo**: No clear trend towards either enhancing or suppressing α′.

5. **Conclusion**: The SHAP analysis provides insights into the underlying chemical processes affecting hardness change, suggesting further studies on the chemistry and aging temperatures.

The explanations derived from SHAP help understand the underlying processes of precipitation and hardness change in FeCrAl alloys, not just the model behavior.
",,True,"The researchers in this study utilize SHAP to analyze the effects of various alloy components on the hardness change in FeCrAl alloys. They confirm expected relationships, such as the role of chromium (Cr) in age hardening, but also uncover unexpected findings regarding aluminum (Al) and molybdenum (Mo). The fact that the SHAP analysis reveals contradictions with existing literature suggests that the researchers are not merely using the model explanations for deployment or prediction purposes; rather, they are leveraging these insights to challenge and refine scientific understanding of the precipitation processes in the alloy system.

The researchers explicitly state that the SHAP analysis indicates a lack of clear trends for Al and Mo, which leads them to propose further studies to explore these phenomena. This indicates a direct engagement with the underlying scientific processes rather than just the model's performance.

Given these points, the explanations provided by the model are being used to make new claims about the scientific phenomena related to precipitation in FeCrAl alloys.
",True,"Step-by-step analysis:

1. **Title Analysis**: The title suggests that the study aims to elucidate precipitation in FeCrAl alloys using explainable AI. This already hints at a potential use of model explanations to understand a scientific phenomenon.

2. **Abstract Analysis**:
   - **Problem Statement**: The challenge is the formation of α′-precipitates in FeCrAl alloys, which affects their brittleness and hardness.
   - **Model Building**: A Gaussian Process Regression (GPR) model is built on hardness data.
   - **Use of SHAP**: SHAP is used to understand the effect of feature values on hardness change.
   - **Findings**:
     - **Cr**: Confirmed as the primary chemical driver for α′ age hardening, aligning with expectations.
     - **Al**: Contradicts current literature by showing no clear trend, suggesting a dual role in both suppressing and enhancing α′ formation.
     - **Mo**: Also shows no clear trend in affecting α′ formation.

3. **Interpretation of Findings**:
   - The researchers use SHAP to derive insights about the roles of Cr, Al, and Mo in the precipitation process.
   - They explicitly mention that the SHAP analysis contradicts current literature regarding Al, suggesting a need for further studies.
   - The findings from SHAP are used to propose new hypotheses about the dual role of Al and the unclear role of Mo.

4. **Conclusion**:
   - The researchers are not just using SHAP to understand the model but are making new claims about the scientific phenomena (e.g., the role of Al and Mo in α′ formation).
   - They suggest further scientific studies based on the insights derived from SHAP analysis.

Given the explicit use of SHAP explanations to challenge existing literature and propose new scientific hypotheses, it is clear that the researchers are using model explanations for scientific discovery.
"
426,https://api.elsevier.com/content/abstract/scopus_id/85173234108,SCOPUS_ID:85173234108,2-s2.0-85173234108,An interpretable machine learning pipeline based on transcriptomics predicts phenotypes of lupus patients,Leventhal E.L.,iScience,10.1016/j.isci.2023.108042,Journal,ar,Article,"Machine learning (ML) has the potential to identify subsets of patients with distinct phenotypes from gene expression data. However, phenotype prediction using ML has often relied on identifying important genes without a systems biology context. To address this, we created an interpretable ML approach based on blood transcriptomics to predict phenotype in systemic lupus erythematosus (SLE), a heterogeneous autoimmune disease. We employed a sequential grouped feature importance algorithm to assess the performance of gene sets, including immune and metabolic pathways and cell types, known to be abnormal in SLE in predicting disease activity and organ involvement. Gene sets related to interferon, tumor necrosis factor, the mitoribosome, and T cell activation were the best predictors of phenotype with excellent performance. These results suggest potential relationships between the molecular pathways identified in each model and manifestations of SLE. This ML approach to phenotype prediction can be applied to other diseases and tissues.",True,"1. The research abstract describes an interpretable machine learning approach that uses gene expression data to predict phenotypes in lupus patients.
2. It mentions the identification of important gene sets and pathways related to the disease, suggesting potential relationships between these molecular pathways and disease manifestations.
3. The focus is on understanding the biological relevance of the identified gene sets rather than merely explaining the model's behavior.

Based on this analysis, the explanations provided do help understand underlying processes related to the disease.

True
",True,"Step-by-step analysis:

1. **Title Analysis**: The title mentions an interpretable machine learning pipeline predicting phenotypes of lupus patients, which suggests a focus on prediction.

2. **Abstract Analysis**:
   - **Objective**: The abstract states the goal is to predict phenotypes in systemic lupus erythematosus (SLE) using an interpretable ML approach.
   - **Method**: It mentions using a sequential grouped feature importance algorithm to assess gene sets' performance in predicting disease activity and organ involvement.
   - **Findings**: The abstract identifies specific gene sets (interferon, tumor necrosis factor, mitoribosome, T cell activation) as the best predictors of phenotype.
   - **Implications**: It suggests potential relationships between the identified molecular pathways and SLE manifestations.

3. **Insight Analysis**:
   - The abstract indicates that the ML model's explanations (gene sets) are linked to known biological pathways and processes in SLE.
   - These insights are not just about the model's behavior but about understanding the underlying biological processes and their relationship to disease phenotypes.

Conclusion: The explanations provided by the ML model help understand the underlying biological processes in SLE.
",,True,"In the provided abstract, the researchers describe an interpretable machine learning approach that utilizes gene expression data to predict phenotypes in lupus patients. They emphasize the importance of assessing gene sets within a systems biology context, indicating that they are not merely identifying important genes but are also considering the biological pathways and processes involved in the disease.

The researchers mention that their model identifies relationships between molecular pathways and manifestations of systemic lupus erythematosus (SLE). This suggests that they are using the model explanations to draw connections between the identified gene sets and the underlying biological processes associated with the disease. By highlighting these relationships, they are making claims about the biological relevance of their findings, which goes beyond just understanding the model itself.

Given that the researchers are using the model explanations to infer potential relationships between molecular pathways and disease manifestations, it indicates that they are engaging in scientific discovery rather than solely focusing on model deployment or prediction.
",True,"Step-by-step analysis:

1. **Title Analysis**: The title mentions an ""interpretable machine learning pipeline"" and focuses on predicting phenotypes of lupus patients. This suggests an emphasis on the interpretability of the ML model.

2. **Abstract Analysis**:
   - **Objective**: The researchers aim to predict phenotypes in systemic lupus erythematosus (SLE) using an interpretable ML approach based on blood transcriptomics.
   - **Method**: They use a sequential grouped feature importance algorithm to evaluate gene sets related to known pathways in SLE.
   - **Findings**: The gene sets related to interferon, tumor necrosis factor, the mitoribosome, and T cell activation were identified as the best predictors of phenotype.
   - **Implications**: The researchers suggest potential relationships between the identified molecular pathways and SLE manifestations.

3. **Model Explanations**:
   - The researchers use the model to identify which gene sets are important for predicting phenotypes.
   - They mention that these gene sets are known to be abnormal in SLE, indicating that the model's findings align with existing biological knowledge.

4. **Claims**:
   - The abstract suggests that the identified pathways (interferon, tumor necrosis factor, etc.) are related to SLE manifestations.
   - This implies that the researchers are using the model explanations to make claims about the biological processes involved in SLE.

5. **Conclusion**:
   - The researchers are not just using the model explanations to improve the ML system or make predictions; they are making new claims about the relationships between molecular pathways and SLE manifestations.
   - This indicates that they are using the model explanations to understand natural processes or scientific phenomena.
"
427,https://api.elsevier.com/content/abstract/scopus_id/85171477205,SCOPUS_ID:85171477205,2-s2.0-85171477205,Environmentally friendly PAEs alternatives with desired synthesizability by in silico methods,Yang H.,Journal of Cleaner Production,10.1016/j.jclepro.2023.138925,Journal,ar,Article,"Phthalate esters (PAEs) as plasticizers posed significant environmental and human health risks during the production and application processes. This study aims to investigate the synthesizability of previously designed environmentally friendly PAEs alternatives by in silico approaches and explore the key factors influencing their synthesizability. Firstly, a novel approach combining positive and unlabeled (PU) machine learning (ML) and k-Nearest Neighbor (kNN) models was utilized to screen three environmentally friendly PAEs alternatives with high synthesizability. Subsequently, the synthesizability and environmental friendliness of the selected PAEs alternatives were evaluated and confirmed using ADMETlab 2.0. Results demonstrated that all three PAEs alternatives exhibited high synthesizability and environmental friendliness. Finally, the SHapley Additive exPlanation (SHAP) method was employed to analyze the synthesis mechanisms of PAEs alternatives, revealing that the VE2_DzZ (molecular substitutability) and maxHCsats (molecular structure) could influence their synthesizability. Based on these findings, the synthesizability of the three PAEs alternatives was validated using density functional theory (DFT) and three-dimensional quantitative structure-activity relationship (3D-QSAR) methods. This cost-effective study provided the first evaluation of the synthesizability of PAEs alternatives and reduced the number of unlabeled samples by 95.83%. Moreover, these findings offered a theoretical foundation for developing environmentally friendly PAEs alternatives and provided new insights for substituting emerging pollutants and developing new materials.",True,"The abstract describes the use of SHAP to analyze the synthesis mechanisms of environmentally friendly PAEs alternatives. The insights drawn from the SHAP analysis focus on identifying key factors (VE2_DzZ and maxHCsats) that influence synthesizability. This indicates that the explanations provided by SHAP are aimed at understanding the underlying chemical processes related to synthesizability rather than merely explaining the behavior of the machine learning model itself.

True
",True,"Step-by-step analysis:

1. **Objective**: The study aims to investigate the synthesizability of environmentally friendly PAEs alternatives and explore key factors influencing their synthesizability.
2. **Methods**: 
   - Positive and unlabeled (PU) machine learning and k-Nearest Neighbor (kNN) models were used to screen PAEs alternatives.
   - SHAP was employed to analyze the synthesis mechanisms of PAEs alternatives.
3. **SHAP Analysis**: 
   - SHAP revealed that VE2_DzZ (molecular substitutability) and maxHCsats (molecular structure) could influence synthesizability.
4. **Validation**: The findings were validated using density functional theory (DFT) and three-dimensional quantitative structure-activity relationship (3D-QSAR) methods.

**Conclusion**: The SHAP analysis provided insights into the underlying factors (molecular substitutability and structure) that influence the synthesizability of PAEs alternatives, which are aspects of the underlying chemical processes rather than just the model behavior.
",,True,"In the provided abstract, the researchers utilize the SHAP method to analyze the synthesis mechanisms of environmentally friendly PAEs alternatives. They identify specific factors, such as molecular substitutability and molecular structure, that influence synthesizability. This indicates that they are not merely using SHAP for model interpretability or to aid in deploying their machine learning system; rather, they are leveraging the explanations to gain insights into the underlying scientific phenomena related to the synthesizability of these compounds.

The use of SHAP in this context goes beyond understanding the model's predictions; it is employed to draw conclusions about the chemical properties and mechanisms that govern the synthesizability of the PAEs alternatives. The researchers validate their findings with additional scientific methods (DFT and 3D-QSAR), further supporting the notion that they are making claims about natural processes rather than just model performance.

Given this analysis, the researchers are using the model explanations to contribute to scientific discovery.
",True,"Let's break down the abstract step by step:

1. **Objective**: The study aims to investigate the synthesizability of environmentally friendly PAEs alternatives using in silico methods and explore key factors influencing their synthesizability.

2. **Methods**: 
   - They use a combination of positive and unlabeled (PU) machine learning and k-Nearest Neighbor (kNN) models to screen for PAEs alternatives.
   - They evaluate the synthesizability and environmental friendliness of the selected alternatives using ADMETlab 2.0.

3. **Results**: 
   - The selected PAEs alternatives exhibit high synthesizability and environmental friendliness.
   - SHAP is used to analyze the synthesis mechanisms, revealing that VE2_DzZ (molecular substitutability) and maxHCsats (molecular structure) influence synthesizability.

4. **Validation**: 
   - The synthesizability is further validated using density functional theory (DFT) and three-dimensional quantitative structure-activity relationship (3D-QSAR) methods.

5. **Conclusion**: 
   - The study provides a cost-effective evaluation of PAEs alternatives and offers a theoretical foundation for developing environmentally friendly alternatives.

**Analysis**:
- The SHAP method is used to analyze the synthesis mechanisms and identify key factors (VE2_DzZ and maxHCsats) that influence synthesizability.
- The researchers use these findings to validate the synthesizability of the alternatives with DFT and 3D-QSAR methods.
- The abstract suggests that the SHAP analysis reveals insights into the synthesis mechanisms, which are then used to make claims about the factors influencing synthesizability.

**Conclusion**:
The researchers are using the SHAP explanations to make new claims about the factors influencing the synthesizability of PAEs alternatives. They are not just using the explanations to understand the model but are extending these insights to understand the underlying scientific phenomena.
"
428,https://api.elsevier.com/content/abstract/scopus_id/85170382899,SCOPUS_ID:85170382899,2-s2.0-85170382899,"Discovery of Unconventional Proton-Conducting Inorganic Solids via Defect-Chemistry-Trained, Interpretable Machine Learning",Fujii S.,Advanced Energy Materials,10.1002/aenm.202301892,Journal,ar,Article,"High-throughput computational screening and machine learning hold significant potential for exploring diverse chemical compositions and discovering novel inorganic solids. However, the complexity of point defects, which occur in all inorganic solids and are often crucial to their functionality and synthesizability, presents significant challenges. Here, this study presents a defect-chemistry-trained, interpretable machine learning approach, designed to accelerate the exploration and discovery of unconventional proton-conducting inorganic solid electrolytes. By considering dopant dissolution and hydration reactions, the machine learning models provide quantitative predictions and physical interpretations for synthesizable host–dopant combinations with hydration capabilities across various structures. Utilizing these insights, two unconventional proton conductors, Pb-doped Bi12SiO20 sillenite and eulytite-type Sr-doped Bi4Ge3O12, are discovered in the first two synthesis trials. Notably, the Pb-doped Bi12SiO20 represents an unprecedented class of proton-conducting electrolyte composed solely of groups 14 and 15 cations and featuring a sillenite structure. It exhibits unique and fast 3D proton conduction along a loosely bonded BiO5 network. This study demonstrates an efficient approach for exploring novel inorganic materials.",True,"1. The abstract describes a machine learning approach that is trained on defect chemistry to discover new proton-conducting inorganic solids.
2. It mentions that the machine learning models provide ""quantitative predictions and physical interpretations"" for synthesizable host-dopant combinations, indicating that insights are drawn from the model.
3. The focus on ""physical interpretations"" suggests that the explanations derived from the model are aimed at understanding the underlying chemical processes and functionalities of the materials rather than just the model behavior itself.

Based on this analysis, the explanations help understand the underlying processes.
",True,"1. The study uses a defect-chemistry-trained, interpretable machine learning approach.
2. The ML models provide quantitative predictions and physical interpretations for synthesizable host–dopant combinations with hydration capabilities.
3. These insights lead to the discovery of two unconventional proton conductors.
4. The study highlights the unique and fast 3D proton conduction along a loosely bonded BiO5 network in Pb-doped Bi12SiO20.

The explanations provided by the ML model help understand the underlying process of proton conduction in the discovered materials, not just the model behavior.
",,True,"In the provided abstract, the researchers describe a machine learning approach that is specifically trained on defect chemistry to discover new inorganic solids with proton-conducting properties. They mention that the machine learning models provide ""quantitative predictions and physical interpretations"" for synthesizable host-dopant combinations. This suggests that the explanations derived from the model are being used to understand the underlying chemical processes and to make claims about the functionality and synthesizability of the materials.

The researchers explicitly state that they have discovered two unconventional proton conductors through their approach, indicating that the insights gained from the model are not merely for understanding the model itself but are being applied to make new scientific claims about the materials. The mention of unique properties of the discovered materials further supports the idea that the model explanations are contributing to scientific discovery rather than just aiding in model deployment.

Given this analysis, the explanations are being used to advance scientific knowledge about proton-conducting inorganic solids.
",True,"Let's break down the abstract step by step:

1. **Title and Abstract Overview**:
   - The title suggests a focus on discovering new proton-conducting inorganic solids using an interpretable machine learning approach.
   - The abstract mentions high-throughput computational screening and machine learning to explore chemical compositions and discover novel inorganic solids.

2. **Defect-Chemistry-Trained ML**:
   - The machine learning model is trained on defect chemistry, which is crucial for the functionality and synthesizability of inorganic solids.
   - The model provides quantitative predictions and physical interpretations for synthesizable host–dopant combinations with hydration capabilities.

3. **Discovery of New Materials**:
   - The researchers discovered two unconventional proton conductors: Pb-doped Bi12SiO20 sillenite and eulytite-type Sr-doped Bi4Ge3O12.
   - The Pb-doped Bi12SiO20 is highlighted as an unprecedented class of proton-conducting electrolyte with unique properties.

4. **Role of Model Explanations**:
   - The abstract states that the machine learning models provide ""quantitative predictions and physical interpretations.""
   - These insights are used to discover new materials, indicating that the model explanations are directly contributing to the understanding of the materials' properties and guiding the discovery process.

5. **Conclusion**:
   - The researchers are using the model explanations to make new claims about the materials' properties and their potential as proton conductors.
   - The explanations are not just aiding in deploying the ML system or making predictions; they are being used to understand and discover new scientific phenomena.

Given the detailed use of model explanations to understand defect chemistry and guide the discovery of new materials, it is clear that the researchers are using these explanations for scientific discovery.
"
438,https://api.elsevier.com/content/abstract/scopus_id/85174140364,SCOPUS_ID:85174140364,2-s2.0-85174140364,XA4C: eXplainable representation learning via Autoencoders revealing Critical genes,Li Q.,PLoS Computational Biology,10.1371/journal.pcbi.1011476,Journal,ar,Article,"Machine Learning models have been frequently used in transcriptome analyses. Particularly, Representation Learning (RL), e.g., autoencoders, are effective in learning critical representations in noisy data. However, learned representations, e.g., the “latent variables” in an autoencoder, are difficult to interpret, not to mention prioritizing essential genes for functional follow-up. In contrast, in traditional analyses, one may identify important genes such as Differentially Expressed (DiffEx), Differentially Co-Expressed (DiffCoEx), and Hub genes. Intuitively, the complex gene-gene interactions may be beyond the capture of marginal effects (DiffEx) or correlations (DiffCoEx and Hub), indicating the need of powerful RL models. However, the lack of interpretability and individual target genes is an obstacle for RL’s broad use in practice. To facilitate interpretable analysis and gene-identification using RL, we propose “Critical genes”, defined as genes that contribute highly to learned representations (e.g., latent variables in an autoencoder). As a proof-of-concept, supported by eXplainable Artificial Intelligence (XAI), we implemented eXplainable Autoencoder for Critical genes (XA4C) that quantifies each gene’s contribution to latent variables, based on which Critical genes are prioritized. Applying XA4C to gene expression data in six cancers showed that Critical genes capture essential pathways underlying cancers. Remarkably, Critical genes has little overlap with Hub or DiffEx genes, however, has a higher enrichment in a comprehensive disease gene database (DisGeNET) and a cancer-specific database (COSMIC), evidencing its potential to disclose massive unknown biology. As an example, we discovered five Critical genes sitting in the center of Lysine degradation (hsa00310) pathway, displaying distinct interaction patterns in tumor and normal tissues. In conclusion, XA4C facilitates explainable analysis using RL and Critical genes discovered by explainable RL empowers the study of complex interactions.",True,"The abstract describes a method (XA4C) that uses explainable machine learning to identify ""Critical genes"" that contribute to learned representations in gene expression data. The focus is on understanding the underlying biological processes by identifying genes that are essential for pathways related to cancer, rather than merely explaining the behavior of the machine learning model itself. The findings suggest that these Critical genes reveal important biological interactions and pathways, indicating that the explanations provided by the model help in understanding the underlying processes in cancer biology.

True
",True,"Step-by-step analysis:

1. **Objective**: The research aims to use explainable representation learning via autoencoders to identify ""Critical genes"" in transcriptome data.
2. **Method**: The XA4C model quantifies each gene’s contribution to the latent variables in an autoencoder, identifying genes that significantly influence these learned representations.
3. **Application**: The identified Critical genes are analyzed in the context of six cancers, revealing their involvement in essential pathways.
4. **Insights**: The research highlights that Critical genes have little overlap with traditionally identified genes (Hub or DiffEx) but show higher enrichment in disease-specific databases, suggesting they capture previously unknown biological insights.
5. **Example**: The discovery of five Critical genes in the Lysine degradation pathway, showing distinct interaction patterns in tumor vs. normal tissues, indicates a deeper understanding of the underlying biological processes.

Conclusion: The explanations provided by the XA4C model help understand the underlying biological processes, not just the model behavior.
",,True,"The researchers in this abstract are using the explainable AI (XAI) framework to identify ""Critical genes"" that contribute significantly to learned representations in their autoencoder model. They emphasize that these Critical genes capture essential pathways underlying cancers and highlight their distinct interaction patterns in tumor versus normal tissues. The findings suggest that the identified genes have biological significance, as they show higher enrichment in established disease gene databases, indicating a potential for uncovering new biological insights.

The explanations provided by the model are not merely for understanding the model's predictions but are actively used to make new claims about the underlying biological processes and gene interactions. The researchers are leveraging the interpretability of the model to facilitate scientific discovery, as they are identifying novel genes and pathways that were not previously recognized.

Given this context, the explanations are being used to advance scientific understanding rather than just to aid in model deployment or prediction.
",True,"Step 1: **Understanding the Abstract**  
The abstract describes the use of Representation Learning (RL) via autoencoders to identify ""Critical genes"" in transcriptome analyses. The researchers highlight the challenge of interpretability in RL models and propose a method (XA4C) to quantify each gene's contribution to the learned representations.

Step 2: **Role of XAI**  
The researchers use eXplainable Artificial Intelligence (XAI) to support their method, XA4C, which aims to make the autoencoder's latent variables interpretable by identifying genes that significantly contribute to these variables.

Step 3: **Application and Findings**  
The researchers applied XA4C to gene expression data from six cancers and found that Critical genes identified by their method capture essential pathways underlying cancers. They also note that these Critical genes have little overlap with traditionally identified genes (Hub or DiffEx genes) but show higher enrichment in disease-specific databases (DisGeNET and COSMIC).

Step 4: **Scientific Claims**  
The researchers claim that Critical genes discovered by XA4C reveal new biological insights, such as the identification of five Critical genes central to the Lysine degradation pathway with distinct interaction patterns in tumor and normal tissues.

Step 5: **Conclusion**  
The researchers are using the model explanations (Critical genes) to make new scientific claims about underlying biological processes and pathways. They argue that their method can disclose previously unknown biology, which goes beyond merely aiding in the deployment or prediction capabilities of the ML system.

**Conclusion**: The researchers are explicitly using model explanations to make new claims about natural processes and scientific phenomena.
"
489,https://api.elsevier.com/content/abstract/scopus_id/85170218551,SCOPUS_ID:85170218551,2-s2.0-85170218551,Physics-informed machine learning for understanding rock moisture dynamics in a sandstone cave,Ouyang K.G.,Hydrology and Earth System Sciences,10.5194/hess-27-2579-2023,Journal,ar,Article,"Rock moisture, which is a hidden component of the terrestrial hydrological cycle, has received little attention. In this study, frequency domain reflectometry is used to monitor fluctuating rock water content (RWC) in a sandstone cave of the Yungang Grottoes, China. We identified two major cycles of rock moisture addition and depletion, one in summer affected by air vapour concentration and the other in winter caused by freezing-thawing. For the summer-time RWC, by using the long short-term memory (LSTM) network and the SHapley Additive exPlanations (SHAP) method, we find relative humidity, air temperature and wall temperature have contributions to rock moisture, and there is a good match between predicted and measured RWC using the three variables as model inputs. Moreover, by using summer-time vapour concentration and the difference between dew point temperature and wall temperature as input variables of the LSTM network, which belongs to physics-informed machine learning, the predicted RWC has a better agreement with the measured RWC, with increased Nash-Sutcliffe efficiency (NSE) and decreased mean absolute error (MAE) and root mean square error (RMSE). After identifying the causal factors of RWC fluctuations, we also identified the mechanism controlling the inter-day fluctuations of vapour condensation. The increased vapour concentration accompanying a precipitation event leads to transport of water vapour into rock pores, which is subsequently adsorbed onto the surface of rock pores and then condensed into liquid water. With the aid of the physics-informed deep learning model, this study increases understanding of sources of water in caves, which would contribute to future strategies of alleviating weathering in caves.",True,"1. The study uses SHAP to identify the contributions of various environmental factors (relative humidity, air temperature, wall temperature) to rock moisture dynamics.
2. The insights drawn from the SHAP analysis help to understand the underlying processes of rock moisture fluctuations, particularly the mechanisms of vapour condensation and water transport in rock pores.
3. The explanations provided by SHAP are not merely about the model's behavior but are directly related to understanding the physical processes affecting rock moisture.
",True,"1. The study uses frequency domain reflectometry to monitor rock water content (RWC) in a sandstone cave.
2. Two major cycles of rock moisture addition and depletion are identified: one in summer (affected by air vapour concentration) and one in winter (caused by freezing-thawing).
3. The LSTM network and SHAP method are used to find that relative humidity, air temperature, and wall temperature contribute to rock moisture.
4. The study finds a good match between predicted and measured RWC using these variables.
5. By using summer-time vapour concentration and the difference between dew point temperature and wall temperature as inputs, the physics-informed machine learning model improves prediction accuracy.
6. The study identifies the mechanism controlling inter-day fluctuations of vapour condensation: increased vapour concentration from precipitation events leads to water vapour transport into rock pores, adsorption, and condensation into liquid water.
7. The physics-informed deep learning model aids in understanding sources of water in caves, contributing to strategies for alleviating weathering.

The explanations provided by the ML model help understand the underlying process of rock moisture dynamics, not just the model behavior.
",,True,"In the provided abstract, the researchers utilize the SHAP method to identify the contributions of various environmental factors (relative humidity, air temperature, wall temperature) to rock moisture dynamics. They explicitly state that they identified causal factors of rock moisture fluctuations and mechanisms controlling vapour condensation. This indicates that the explanations derived from the model are not merely for understanding the model's predictions but are being used to make claims about natural processes and scientific phenomena related to rock moisture dynamics.

The researchers are leveraging the model explanations to enhance their understanding of the underlying physical processes in the sandstone cave, which suggests a scientific discovery aspect rather than just model deployment.

Therefore, I conclude that the explanations are being used for scientific discovery.
",True,"Step 1: Identify the use of XAI methods in the abstract.
- The researchers use the SHapley Additive exPlanations (SHAP) method to analyze the contributions of relative humidity, air temperature, and wall temperature to rock moisture content (RWC).

Step 2: Determine the purpose of using XAI methods.
- The SHAP method is used to identify the contributions of different variables to the model's predictions of RWC.
- The researchers also use physics-informed machine learning to improve the model's predictive performance by incorporating summer-time vapour concentration and the difference between dew point temperature and wall temperature.

Step 3: Assess if the explanations are used to understand natural processes or scientific phenomena.
- The researchers claim to identify the causal factors of RWC fluctuations and the mechanism controlling inter-day fluctuations of vapour condensation.
- They describe how increased vapour concentration leads to water vapour transport into rock pores, adsorption onto the surface, and condensation into liquid water.

Step 4: Evaluate if the researchers make new scientific claims based on model explanations.
- The researchers explicitly state that the physics-informed deep learning model aids in understanding the sources of water in caves.
- They suggest that this understanding could contribute to future strategies for alleviating weathering in caves.

Conclusion: The researchers are using model explanations to make new claims about the natural processes of rock moisture dynamics and vapour condensation mechanisms. They are not merely using the explanations to improve model deployment or prediction accuracy.
"
504,https://api.elsevier.com/content/abstract/scopus_id/85160400319,SCOPUS_ID:85160400319,2-s2.0-85160400319,The theranostic value of acetylation gene signatures in obstructive sleep apnea derived by machine learning,Wang Y.,Computers in Biology and Medicine,10.1016/j.compbiomed.2023.107058,Journal,ar,Article,"Epigenetic modifications are implicated in the onset and progression of obstructive sleep apnea (OSA) and its complications through their bidirectional relationship with long-term chronic intermittent hypoxia (IH). However, the exact role of epigenetic acetylation in OSA is unclear. Here we explored the relevance and impact of acetylation-related genes in OSA by identifying molecular subtypes modified by acetylation in OSA patients. Twenty-nine significantly differentially expressed acetylation-related genes were screened in a training dataset (GSE135917). Six common signature genes were identified using the lasso and support vector machine algorithms, with the powerful SHAP algorithm used to judge the importance of each identified feature. DSCC1, ACTL6A, and SHCBP1 were best calibrated and discriminated OSA patients from normal in both training and validation (GSE38792) datasets. Decision curve analysis showed that patients could benefit from a nomogram model developed using these variables. Finally, a consensus clustering approach characterized OSA patients and analyzed the immune signatures of each subgroup. OSA patients were divided into two acetylation patterns (higher acetylation scores in Group B than in Group A) that differed significantly in terms of immune microenvironment infiltration. This is the first study to reveal the expression patterns and key role played by acetylation in OSA, laying the foundation for OSA epitherapy and refined clinical decision-making.",True,"The abstract describes a study that uses machine learning, specifically SHAP, to identify and evaluate the importance of acetylation-related genes in obstructive sleep apnea (OSA). While SHAP is employed to judge the importance of features, the focus appears to be on identifying molecular subtypes and understanding the role of acetylation in OSA rather than merely explaining model behavior. The findings about different acetylation patterns and their association with immune microenvironment infiltration suggest that the study aims to uncover underlying biological processes related to OSA.

True
",True,"Step-by-step analysis:

1. **Objective**: The study aims to explore the relevance and impact of acetylation-related genes in obstructive sleep apnea (OSA).
2. **Methodology**:
   - Identification of differentially expressed acetylation-related genes.
   - Use of lasso and support vector machine algorithms to identify common signature genes.
   - Application of SHAP to judge the importance of each identified feature.
3. **Findings**:
   - Identification of key genes (DSCC1, ACTL6A, SHCBP1) that discriminate OSA patients from normal individuals.
   - Development of a nomogram model for clinical decision-making.
   - Consensus clustering to characterize OSA patients into two acetylation patterns with different immune microenvironment infiltration.
4. **Use of SHAP**: SHAP is used to judge the importance of each identified feature (gene).
5. **Insights**: The study reveals the expression patterns and key roles of acetylation in OSA, which are insights into the underlying biological processes.

Conclusion: The explanations provided by SHAP help understand the underlying biological processes related to acetylation in OSA, not just the model behavior.
",,True,"In the provided abstract, the researchers utilize machine learning techniques, including SHAP, to identify and evaluate the importance of acetylation-related genes in obstructive sleep apnea (OSA). While they do mention the identification of molecular subtypes and the development of a nomogram model for clinical decision-making, the primary focus appears to be on understanding the role of acetylation in OSA and its implications for patient stratification and potential therapeutic approaches.

The use of SHAP in this context is to assess the importance of specific features (genes) in the model, which aids in understanding the model's predictions. However, the researchers also make claims about the biological significance of the identified acetylation patterns and their relationship to immune microenvironment infiltration, suggesting that they are drawing connections to underlying biological processes.

Despite the use of model explanations, the researchers are not merely using them for model deployment; they are leveraging these explanations to make new claims about the biological relevance of acetylation in OSA. This indicates a step towards scientific discovery rather than just model interpretation.

Therefore, I conclude that the explanations are being used for scientific discovery.
",True,"Let's break down the abstract step by step:

1. **Objective**: The study aims to explore the relevance and impact of acetylation-related genes in obstructive sleep apnea (OSA).

2. **Data and Methods**: 
   - They screened 29 significantly differentially expressed acetylation-related genes in a training dataset.
   - They used lasso and support vector machine algorithms to identify six common signature genes.
   - They used the SHAP algorithm to judge the importance of each identified feature.

3. **Findings**:
   - DSCC1, ACTL6A, and SHCBP1 were identified as the best genes for discriminating OSA patients from normal individuals.
   - They developed a nomogram model using these variables and showed its potential benefit through decision curve analysis.
   - They used a consensus clustering approach to characterize OSA patients and analyze immune signatures, dividing them into two acetylation patterns with different immune microenvironment infiltration.

4. **Claims**:
   - The study claims to reveal the expression patterns and key role played by acetylation in OSA.
   - They suggest that this lays the foundation for OSA epitherapy and refined clinical decision-making.

**Analysis**:
- The SHAP algorithm was used to judge the importance of features, which is a model explanation technique.
- The researchers used these explanations to identify key genes (DSCC1, ACTL6A, and SHCBP1) and to develop a predictive model.
- They then used these findings to make claims about the biological role of acetylation in OSA and its potential for clinical applications.

**Conclusion**:
The researchers are using the model explanations (SHAP values) to make new claims about the biological processes involved in OSA. They are not just using the explanations to aid in deploying their ML system or making predictions; they are using them to draw conclusions about natural processes and scientific phenomena.
"
536,https://api.elsevier.com/content/abstract/scopus_id/85162864960,SCOPUS_ID:85162864960,2-s2.0-85162864960,Event-by-event Extracting Physical Information from Heavy Ion Collisions Based on Machine Learning,Wei G.,Yuanzineng Kexue Jishu/Atomic Energy Science and Technology,10.7538/yzk.2022.youxian.0827,Journal,ar,Article,"The properties of nuclear matter at various densities is of great interest, as it is crucial for the understanding of the structure of nuclei and neutron stars, the dynamics of heavy ion collision (HIC), and neutron star mergers. HIC provides a unique opportunity to create nuclear matter with density away from the normal nuclear density (ρ0) in the terrestrial laboratory, however, the created nuclear matter only exists for a very short period and its properties cannot be measured directly. Usually, the properties of nuclear matter are deduced from the comparison of the event-average quantities between experimental measurements and transport model simulations. However, quantities in HIC can be obtained event-by-event both in experiments and in transport model simulations. These event-by-event data usually comprise a huge amount of data which encodes rich physical information, and at the same time, large fluctuations which can be taken as noises. Machine learning (ML) has been proven very powerful for the extraction of information from complex data in many branches of science. In this work, event-by-event observables from Au+Au and Sn+Sn collisions at intermediate energies are generated with the ultrarelativistic quantum molecular dynamics (UrQMD) model. Model parameters with different nuclear incompressibility K0 of isospin symmetric nuclear matter, the slope parameter L of nuclear symmetry energy, and the in-medium correction factor F of nucleon-nucleon cross section were used to generate labeled dataset. The light gradient boosting machine (LightGBM) which is a decision-tree-based algorithm was used to learn the labeled dataset. The advantages of LightGBM include faster training efficiency, low memory usage, higher accuracy, and ability to tackle large-scale data. It is found that the trained machine learning algorithm is able to infer K0 and L, and F from the event-by-event data. The mean absolute errors (MAE) which measure the average magnitude of the absolute differences between the predicted and true values of K0 and L, and F are 52 MeV, 29.6 MeV, and 0.08, respectively. These MAE values can be further reduced by using event-averaged data instead of event-by-event data, as fluctuations in the event-averaged data are largely suppressed. Furthermore, by using the feature_importance technology and shapley additive explanations (SHAP) which are two popular feature attribution methods to identify the most important features that drive predictions, features that have the greatest effect on the extraction of K0 and L, and F are found out. This work suggests that, with the help of ML, physical information can be extracted on the event-by-event basis, and it may offer a new paradigm to study the underlying physics in heavy ion collisions.",True,"The research abstract describes the use of machine learning to extract physical information from heavy ion collisions, specifically focusing on parameters like nuclear incompressibility (K0), the slope parameter of nuclear symmetry energy (L), and the in-medium correction factor (F). The authors utilize SHAP and feature importance methods to identify which features most significantly influence the predictions of these parameters. 

While the use of SHAP provides insights into which features are important for the model's predictions, the primary goal of the research is to infer physical parameters from the data rather than to explain the model's behavior itself. The explanations derived from SHAP are used to understand the relationships between the input features and the physical parameters being studied, which can indeed help in understanding the underlying processes in heavy ion collisions.

Therefore, the explanations provided by the machine learning model do contribute to understanding the underlying physical phenomena rather than just the model behavior.
",True,"Step-by-step analysis:

1. **Objective**: The research aims to extract physical information from heavy ion collisions (HIC) using machine learning (ML).
2. **Data**: Event-by-event observables from Au+Au and Sn+Sn collisions are used.
3. **ML Model**: LightGBM, a decision-tree-based algorithm, is employed to learn from the labeled dataset.
4. **Outcome**: The ML model infers physical parameters (K0, L, and F) from the event-by-event data.
5. **Interpretability Methods**: Feature importance and SHAP are used to identify the most important features driving the predictions.
6. **Insights**: The research identifies features that have the greatest effect on the extraction of physical parameters (K0, L, and F).

**Determination**:
- The use of feature importance and SHAP is aimed at identifying which features are most influential in predicting the physical parameters.
- These insights help understand the underlying physical processes in heavy ion collisions, not just the model behavior.

**Conclusion**:",,True,"The researchers in the abstract are using machine learning to extract physical information from heavy ion collisions, specifically focusing on parameters like nuclear incompressibility (K0), the slope parameter of nuclear symmetry energy (L), and the in-medium correction factor (F). They employ SHAP and feature importance methods to identify which features most significantly influence their predictions. 

While the use of SHAP and feature importance can help understand the model's behavior, the researchers are not merely using these explanations to improve model performance or deployment. Instead, they are leveraging these insights to make claims about the underlying physical parameters of nuclear matter, suggesting that their approach may lead to a better understanding of the physics involved in heavy ion collisions. The explanations are being used to draw conclusions about the physical phenomena rather than just to validate the model.

Thus, the explanations are being used for scientific discovery, as they contribute to understanding the underlying physics of heavy ion collisions.
",True,"Step-by-step analysis:

1. **Title and Abstract Overview**: The title and abstract suggest that the researchers are using machine learning to extract physical information from heavy ion collisions. They mention using event-by-event data and machine learning to infer physical parameters like nuclear incompressibility (K0), the slope parameter (L) of nuclear symmetry energy, and the in-medium correction factor (F).

2. **Machine Learning Application**: The abstract details the use of the LightGBM algorithm to learn from labeled datasets generated by the UrQMD model. The researchers highlight the advantages of LightGBM, such as faster training efficiency, low memory usage, higher accuracy, and the ability to handle large-scale data.

3. **Model Performance Metrics**: The researchers report the mean absolute errors (MAE) for the predictions of K0, L, and F, indicating the performance of their machine learning model.

4. **Use of XAI Methods**: The abstract mentions the use of feature importance technology and SHAP (Shapley Additive Explanations) to identify the most important features driving the predictions. This suggests that they are using these methods to understand which features are most influential in the model's decision-making process.

5. **Claims of Scientific Discovery**: The abstract concludes by suggesting that with the help of ML, physical information can be extracted on an event-by-event basis and that this approach may offer a new paradigm to study the underlying physics in heavy ion collisions.

**Conclusion**:
- The researchers are using SHAP and feature importance to identify key features that influence the model's predictions.
- They are making claims that this approach can help extract physical information and offer new insights into the underlying physics of heavy ion collisions.

Given the explicit mention of using these explanations to study the underlying physics and the suggestion of a new paradigm for understanding heavy ion collisions, it appears that the researchers are using model explanations to make new scientific claims.
"
547,https://api.elsevier.com/content/abstract/scopus_id/85150410028,SCOPUS_ID:85150410028,2-s2.0-85150410028,Augmenting astrophysical scaling relations with machine learning: Application to reducing the Sunyaev–Zeldovich flux–mass scatter,Wadekar D.,Proceedings of the National Academy of Sciences of the United States of America,10.1073/pnas.2202074120,Journal,ar,Article,"Complex astrophysical systems often exhibit low-scatter relations between observable properties (e.g., luminosity, velocity dispersion, oscillation period). These scaling relations illuminate the underlying physics, and can provide observational tools for estimating masses and distances. Machine learning can provide a fast and systematic way to search for new scaling relations (or for simple extensions to existing relations) in abstract high-dimensional parameter spaces. We use a machine learning tool called symbolic regression (SR), which models patterns in a dataset in the form of analytic equations. We focus on the Sunyaev-Zeldovich flux−cluster mass relation (YSZ − M), the scatter in which affects inference of cosmological parameters from cluster abundance data. Using SR on the data from the IllustrisTNG hydrodynamical simulation, we find a new proxy for cluster mass which combines YSZ and concentration of ionized gas (cgas): M ∝ Yconc3/5 ≡ YSZ3/5(1 − A cgas). Yconc reduces the scatter in the predicted M by ∼ 20 − 30% for large clusters (M & 1014 h−1 M ), as compared to using just YSZ. We show that the dependence on cgas is linked to cores of clusters exhibiting larger scatter than their outskirts. Finally, we test Yconc on clusters from CAMELS simulations and show that Yconc is robust against variations in cosmology, subgrid physics, and cosmic variance. Our results and methodology can be useful for accurate multiwavelength cluster mass estimation from upcoming CMB and X-ray surveys like ACT, SO, eROSITA and CMB-S4.",True,"The research abstract describes the use of symbolic regression (SR) to identify a new scaling relation that combines the Sunyaev-Zeldovich flux and the concentration of ionized gas to reduce scatter in cluster mass predictions. The focus is on discovering a new proxy for cluster mass and understanding the relationship between the observable properties and the underlying astrophysical processes. The findings indicate that the dependence on the concentration of ionized gas is linked to the behavior of cluster cores versus outskirts, which provides insights into the underlying physics of cluster formation and dynamics.

The explanations derived from the symbolic regression model do help in understanding the underlying processes related to the astrophysical scaling relations, rather than merely explaining the model behavior itself.
",True,"Step-by-step analysis:

1. **Objective**: The research aims to find new scaling relations or extensions to existing relations in astrophysical systems using machine learning, specifically symbolic regression (SR).

2. **Methodology**: SR is used to model patterns in the dataset in the form of analytic equations. The focus is on the Sunyaev-Zeldovich flux−cluster mass relation (YSZ − M).

3. **Findings**: A new proxy for cluster mass is discovered, combining YSZ and the concentration of ionized gas (cgas), which reduces scatter in the predicted mass.

4. **Explanation of Findings**: The dependence on cgas is linked to the observation that cores of clusters exhibit larger scatter than their outskirts.

5. **Testing and Validation**: The new proxy is tested on clusters from CAMELS simulations and shown to be robust against variations in cosmology, subgrid physics, and cosmic variance.

**Conclusion**: The research uses symbolic regression to derive a new scaling relation that provides insights into the underlying astrophysical processes, specifically the relationship between cluster mass, YSZ, and cgas. The explanation helps understand the underlying phenomena, not just the model.
",,True,"In the provided abstract, the researchers utilize machine learning, specifically symbolic regression, to identify new scaling relations in astrophysical data. They focus on the Sunyaev-Zeldovich flux-mass relation and propose a new proxy for cluster mass that incorporates additional physical parameters (concentration of ionized gas). The findings suggest a deeper understanding of the relationship between observable properties and the underlying physics of astrophysical clusters.

The explanations derived from the machine learning model (symbolic regression) are not merely for understanding the model's predictions but are directly tied to uncovering new scientific insights about the astrophysical systems being studied. The researchers explicitly link their findings to the physical processes at play, such as the relationship between the concentration of ionized gas and the scatter in cluster mass estimates. This indicates that they are using the model explanations to make new claims about astrophysical phenomena rather than just to aid in deploying their ML system.

Given this analysis, the researchers are indeed using the model explanations for scientific discovery.
",True,"Step-by-step analysis:

1. **Title Analysis**: The title suggests the use of machine learning to augment astrophysical scaling relations, specifically to reduce scatter in a known relation (Sunyaev-Zeldovich flux−mass scatter).

2. **Abstract Analysis**:
   - **Introduction**: The abstract begins by discussing the importance of scaling relations in understanding underlying physics and their utility in observational tools.
   - **Machine Learning Application**: It mentions the use of symbolic regression (SR) to find new scaling relations or extensions in high-dimensional parameter spaces.
   - **Discovery of New Proxy**: The researchers find a new proxy for cluster mass that combines YSZ and concentration of ionized gas (cgas), which reduces scatter in mass prediction.
   - **Explanation of Findings**: They link the dependence on cgas to the observation that cores of clusters exhibit larger scatter than their outskirts.
   - **Validation**: The new proxy is tested on different simulations and shown to be robust against variations in cosmology, subgrid physics, and cosmic variance.
   - **Implications**: The results and methodology are suggested to be useful for accurate cluster mass estimation in future surveys.

3. **Model Explanations**:
   - The researchers use symbolic regression to derive an analytic equation that combines YSZ and cgas.
   - They interpret the dependence on cgas as being related to the physical structure of clusters (cores vs. outskirts).

4. **New Claims**:
   - The researchers claim that the new proxy (Yconc) reduces scatter in mass prediction.
   - They provide a physical interpretation linking the new proxy to the structure of clusters.

5. **Conclusion**:
   - The researchers are not just using the model explanations to aid in deploying their ML system or making predictions.
   - They are making new claims about the underlying astrophysical processes, specifically the relationship between cluster mass, YSZ, and cgas, and providing a physical interpretation of their findings.

Given the detailed physical interpretation and the new scientific claims made based on the model explanations, it is clear that the researchers are using these explanations for scientific discovery.
"
550,https://api.elsevier.com/content/abstract/scopus_id/85144964530,SCOPUS_ID:85144964530,2-s2.0-85144964530,"Quantification of the antagonistic and synergistic effects of Pb<sup>2+</sup>, Cu<sup>2+</sup>, and Zn<sup>2+</sup> bioaccumulation by living Bacillus subtilis biomass using XGBoost and SHAP",Wang S.,Journal of Hazardous Materials,10.1016/j.jhazmat.2022.130635,Journal,ar,Article,"Bioaccumulation and adsorption are efficient methods for removing heavy metal ions (HMIs) from aqueous environments. However, methods to quantifiably characterize the removal selectivity for co-existing HMIs are limited. In this study, we applied Shapley additive explanations (SHAP) following extreme gradient boosting (XGBoost) modeling, to generate SHAP values. We used these values to create an affinity interference index (AII) that quantitatively represented the interference between metal ions in a multi-metal bioaccumulation system. The selectivity for simultaneous bioaccumulation of Pb2+, Cu2+, and Zn2+ by living Bacillus subtilis biomass was then characterized as a proof of concept. The AII indicated that the bioaccumulation of Zn2+ was more strongly inhibited by Pb2+/Cu2+ (AII = 1) than that of Pb2+/Cu2+ by Zn2+. Moreover, the presence of Zn2+ promoted the bioaccumulation of Pb2+ (AII = 0.39), which was confirmed in further experiments where the bioaccumulation of Pb2+ (300 μM) was increased by 38% with Zn2+ (300 μM). This study demonstrated that the combination of XGBoost and SHAP is effective in the quantifiable characterization of the antagonistic and synergistic effects in a multi-metal simultaneous bioaccumulation system. This method could also be generalized to similar tasks for analyzing the selectivity effects in a multi-component system.",True,"1. The research uses SHAP to generate values that quantify the interference between metal ions in bioaccumulation, which is a step towards understanding the underlying processes of metal ion interactions.
2. The affinity interference index (AII) derived from SHAP values provides insights into the antagonistic and synergistic effects of different metal ions, indicating how the presence of one ion affects the bioaccumulation of another.
3. The study demonstrates that the method can characterize selectivity effects in a multi-component system, which suggests a deeper understanding of the biological processes involved in bioaccumulation.

The explanations provided by SHAP in this context help to understand the underlying processes of metal ion interactions rather than just the behavior of the model.
",True,"Step-by-step analysis:

1. **Objective**: The study aims to quantify the antagonistic and synergistic effects of Pb<sup>2+</sup>, Cu<sup>2+</sup>, and Zn<sup>2+</sup> bioaccumulation by Bacillus subtilis biomass.
2. **Methodology**: The researchers use XGBoost for modeling and SHAP for generating SHAP values.
3. **Application of SHAP**: SHAP values are used to create an affinity interference index (AII) that represents the interference between metal ions in a multi-metal bioaccumulation system.
4. **Insights**: The AII provides insights into how the presence of one metal ion affects the bioaccumulation of another, revealing antagonistic and synergistic effects.
5. **Validation**: The study confirms these insights through further experiments, showing that the presence of Zn<sup>2+</sup> promotes the bioaccumulation of Pb<sup>2+</sup>.

**Conclusion**: The SHAP values are used to understand the underlying process of metal ion bioaccumulation and interference, not just to explain the model behavior.
",,True,"In the provided abstract, the researchers utilize SHAP values to create an affinity interference index (AII) that quantifies the interactions between different heavy metal ions in a bioaccumulation system. While they employ explainable AI (XAI) techniques to derive insights from their model, the primary focus appears to be on using these insights to characterize the selectivity and interactions of metal ions in a biological context. They make specific claims about the effects of different metal ions on each other's bioaccumulation, which suggests that they are using the model explanations to understand underlying biological processes rather than merely to improve model performance or deployment.

The researchers explicitly use the SHAP-derived AII to make new claims about the antagonistic and synergistic effects of the metal ions, indicating that the explanations are contributing to scientific discovery rather than just model interpretation.

Therefore, I conclude that the explanations are being used for scientific discovery.
",True,"Step-by-step analysis:

1. **Title Analysis**: The title mentions the use of XGBoost and SHAP to quantify effects in bioaccumulation, which suggests a focus on understanding interactions in a biological system.

2. **Abstract Analysis**:
   - **Objective**: The study aims to quantify the removal selectivity for co-existing heavy metal ions (HMIs) using bioaccumulation by Bacillus subtilis.
   - **Methodology**: They use XGBoost for modeling and SHAP for generating explanations, which are then used to create an affinity interference index (AII).
   - **Findings**: The AII is used to characterize the interference between metal ions, revealing specific antagonistic and synergistic effects. These findings are further confirmed through experiments.

3. **Use of SHAP**: The SHAP values are used to create the AII, which is a new metric to quantify interference effects in bioaccumulation. This metric is then used to make claims about the interactions between Pb2+, Cu2+, and Zn2+.

4. **Claims and Validation**: The researchers make specific claims about the bioaccumulation interactions (e.g., Zn2+ inhibiting Pb2+/Cu2+ more strongly, Zn2+ promoting Pb2+ bioaccumulation). These claims are validated through additional experiments.

5. **Conclusion**: The researchers are using the SHAP values not just to understand the model but to derive new scientific insights about the bioaccumulation process and validate these insights experimentally.

Given the detailed use of SHAP values to derive new scientific metrics (AII) and the subsequent experimental validation of these metrics, it is clear that the researchers are using model explanations to make new scientific claims about natural processes.
"
551,https://api.elsevier.com/content/abstract/scopus_id/85142865266,SCOPUS_ID:85142865266,2-s2.0-85142865266,A sparse Bayesian framework for discovering interpretable nonlinear stochastic dynamical systems with Gaussian white noise,Tripura T.,Mechanical Systems and Signal Processing,10.1016/j.ymssp.2022.109939,Journal,ar,Article,"Extracting governing physics from data is a key challenge in many areas of science and technology. The existing techniques for equation discovery are mostly applicable to deterministic systems and require both input and state measurements. We here propose a novel data-driven framework for discovering nonlinear stochastic dynamical systems with Gaussian white noise. The proposed framework blends concepts of stochastic calculus, sparse learning algorithms, and Bayesian statistics to learn the governing physics from data. In particular, we combine sparsity–promoting spike and slab prior, Bayes law, and the Kramers–Moyal formula to identify stochastic differential equations from data. The proposed framework is highly efficient and works with sparse, noisy, and incomplete output measurements. The efficacy and robustness of the proposed approach are illustrated in several numerical examples involving both complete and partial state measurements. The results obtained indicate the potential of the proposed approach in discovering nonlinear stochastic dynamical systems subjected to Gaussian white noise excitation.",True,"The abstract describes a framework for discovering nonlinear stochastic dynamical systems, focusing on extracting governing physics from data rather than predicting outcomes. It emphasizes the identification of stochastic differential equations and the use of Bayesian statistics and sparse learning algorithms. The goal is to understand the underlying processes governing the systems, rather than explaining the behavior of a machine learning model itself. The insights drawn from the framework are aimed at understanding the dynamics of the systems under study, which aligns with your interest in explanations that help understand underlying phenomena.

True
",True,"The abstract describes a framework for discovering nonlinear stochastic dynamical systems using a combination of stochastic calculus, sparse learning algorithms, and Bayesian statistics. The focus is on identifying stochastic differential equations from data, which involves extracting governing physics from data. The framework is designed to work with sparse, noisy, and incomplete measurements, and the results demonstrate its efficacy and robustness.

The key points to consider:
1. The framework aims to discover underlying physical processes (nonlinear stochastic dynamical systems).
2. It uses sparse learning algorithms and Bayesian statistics to identify these processes.
3. The results indicate the potential for discovering the governing physics, not just explaining the model.

Therefore, the explanations provided by the framework help understand the underlying processes.
",,True,"The abstract describes a framework aimed at discovering governing physics from data, specifically focusing on nonlinear stochastic dynamical systems influenced by Gaussian white noise. The researchers emphasize their approach's ability to identify stochastic differential equations from data, which suggests they are interested in understanding the underlying natural processes rather than merely improving model performance or predictions.

The mention of ""extracting governing physics from data"" and the integration of concepts from stochastic calculus and Bayesian statistics indicates that the researchers are using their framework to uncover new scientific insights about the systems they are studying. They are not just using model explanations to aid in deploying their machine learning system; instead, they are leveraging these explanations to make claims about the nature of the dynamical systems themselves.

Given this context, it is clear that the researchers are using their approach for scientific discovery, as they aim to derive new knowledge about the underlying processes governing the systems they analyze.
",True,"Step 1: Identify the main goal of the research.
- The abstract states that the goal is to extract governing physics from data, which is a key challenge in science and technology.

Step 2: Examine the methods used.
- The researchers propose a novel data-driven framework that combines stochastic calculus, sparse learning algorithms, and Bayesian statistics to learn the governing physics from data.
- They use sparsity-promoting spike and slab prior, Bayes law, and the Kramers–Moyal formula to identify stochastic differential equations from data.

Step 3: Determine the focus of the explanations.
- The abstract emphasizes the discovery of nonlinear stochastic dynamical systems subjected to Gaussian white noise.
- The efficacy and robustness of the approach are illustrated through numerical examples, suggesting that the framework is tested for its ability to uncover underlying physical laws.

Step 4: Assess if new scientific claims are made.
- The abstract indicates that the results obtained show the potential of the proposed approach in discovering nonlinear stochastic dynamical systems.
- This suggests that the researchers are using the model explanations to make new claims about the underlying natural processes.

Conclusion:
- The researchers are explicitly using the model explanations to make new claims about the governing physics of nonlinear stochastic dynamical systems. This goes beyond merely aiding in deploying the ML system and making predictions.
"
562,https://api.elsevier.com/content/abstract/scopus_id/85141634277,SCOPUS_ID:85141634277,2-s2.0-85141634277,Interpreting cumulative displacement in a suspension bridge with a physics-based characterisation of environment and roadway/railway loads,Sun Z.,Journal of Civil Structural Health Monitoring,10.1007/s13349-022-00647-4,Journal,ar,Article,"In long-span suspension bridges, premature failure of bearings or expansion joints has been a concern during the bridge service life. To implement a reasonable inspection strategy of these critical components, cumulative displacement must be considered for assessing their life consumption and health state. As suspension bridges are subjected to simultaneous multiple loads, it is important to investigate the contributions of different loads to cumulative displacement. This paper develops an approach to interpreting cumulative displacement through the physics-based characterisation of multiple loads in a machine learning framework. The approach correlates wind, temperature, train, and roadway traffic with bridge response using Structural Health Monitoring (SHM) data from a long-span road-rail suspension bridge located in Portugal. The effects of the different loads on the cumulative displacement are quantified both globally and individually with SHapley Additive exPlanations (SHAP). The SHAP interpretation reveals that the trainload is the most influential parameter in the cumulative displacement of bearings and expansion joints, followed by roadway traffic. Besides, cumulative displacement increases with the trainloads and roadway traffic. Wind and temperature proved less important in explaining the cumulative displacement. The contribution of trainloads to the daily cumulative displacement is also calculated to verify its dominating influence. The results can guide the maintenance of relevant bridge components to avoid premature damage.",True,"The research abstract describes an approach that uses SHAP to interpret the contributions of various loads (wind, temperature, train, and roadway traffic) to the cumulative displacement of a suspension bridge. The insights drawn from the SHAP analysis indicate that trainloads are the most influential factor affecting cumulative displacement, followed by roadway traffic, while wind and temperature are less significant. 

The explanations provided by SHAP help to understand the underlying processes affecting the bridge's cumulative displacement by quantifying the impact of different loads. Therefore, the explanations are not merely about the model's behavior but rather about the physical influences on the bridge's structural health.

True
",True,"Step-by-step analysis:

1. **Objective**: The research aims to interpret cumulative displacement in a suspension bridge by correlating various loads (wind, temperature, train, and roadway traffic) with bridge response.
2. **Method**: Uses a machine learning framework with SHapley Additive exPlanations (SHAP) to quantify the effects of different loads on cumulative displacement.
3. **Insights**:
   - Trainload is identified as the most influential parameter in cumulative displacement.
   - Roadway traffic is the second most influential.
   - Wind and temperature are less important.
   - Cumulative displacement increases with trainloads and roadway traffic.
4. **Purpose of Insights**: These insights are used to understand the contributions of different loads to cumulative displacement, which can guide maintenance strategies to avoid premature damage.

**Conclusion**: The explanations provided by SHAP help understand the underlying process of how different loads contribute to cumulative displacement, not just the model behavior.
",,True,"The researchers in the abstract are using SHAP to interpret the contributions of various loads (train, roadway traffic, wind, and temperature) to the cumulative displacement of a suspension bridge. They quantify the effects of these loads and identify which factors are most influential in the context of bridge health monitoring. The use of SHAP here is not merely to understand the model's predictions but to derive insights about the physical processes affecting the bridge's structural integrity. 

By determining that trainloads are the most significant factor influencing cumulative displacement, the researchers are making claims about the underlying physical phenomena related to bridge maintenance and health. This indicates that the explanations provided by the model are being used to inform scientific understanding and practical applications in engineering.

Therefore, the explanations are being used for scientific discovery rather than just for model interpretation.
",True,"Let's break down the abstract step by step:

1. **Objective**: The researchers aim to interpret cumulative displacement in suspension bridges to develop a reasonable inspection strategy for critical components like bearings and expansion joints.

2. **Methodology**: They use a physics-based characterisation of multiple loads (wind, temperature, train, and roadway traffic) within a machine learning framework. They employ Structural Health Monitoring (SHM) data from a specific bridge in Portugal.

3. **Use of SHAP**: SHapley Additive exPlanations (SHAP) are used to quantify the effects of different loads on cumulative displacement both globally and individually.

4. **Findings**:
   - Trainload is identified as the most influential parameter in cumulative displacement.
   - Roadway traffic is the second most influential.
   - Wind and temperature are less important.
   - The contribution of trainloads to daily cumulative displacement is calculated to verify its dominating influence.

5. **Implications**: The results are intended to guide the maintenance of bridge components to avoid premature damage.

**Analysis**:
- The researchers use SHAP to interpret the contributions of different loads to cumulative displacement.
- They identify which loads are most influential and quantify their effects.
- They make specific claims about the relative importance of trainloads, roadway traffic, wind, and temperature based on SHAP values.
- They use these findings to suggest maintenance strategies.

**Conclusion**:
The researchers are using SHAP explanations to make new claims about the natural processes affecting cumulative displacement in suspension bridges. They are not just using SHAP to understand the model but are explicitly using the explanations to draw conclusions about the physical phenomena and guide practical actions.
"
564,https://api.elsevier.com/content/abstract/scopus_id/85146985282,SCOPUS_ID:85146985282,2-s2.0-85146985282,Interpretable artificial neural networks for retrospective QbD of pharmaceutical tablet manufacturing based on a pilot-scale developmental dataset,Nagy B.,International Journal of Pharmaceutics,10.1016/j.ijpharm.2023.122620,Journal,ar,Article,"As the pharmaceutical industry increasingly adopts the Pharma 4.0. concept, there is a growing need to effectively predict the product quality based on manufacturing or in-process data. Although artificial neural networks (ANNs) have emerged as powerful tools in data-rich environments, their implementation in pharmaceutical manufacturing is hindered by their black-box nature. In this work, ANNs were developed and interpreted to demonstrate their applicability to increase process understanding by retrospective analysis of developmental or manufacturing data. The in vitro dissolution and hardness of extended-release, directly compressed tablets were predicted from manufacturing and spectroscopic data of pilot-scale development. The ANNs using material attributes and operational parameters provided better results than using NIR or Raman spectra as predictors. ANNs were interpreted by sensitivity analysis, helping to identify the root cause of the batch-to-batch variability, e.g., the variability in particle size, grade, or substitution of the hydroxypropyl methylcellulose excipient. An ANN-based control strategy was also successfully utilized to mitigate the batch-to-batch variability by flexibly operating the tableting process. The presented methodology can be adapted to arbitrary data-rich manufacturing steps from active substance synthesis to formulation to predict the quality from manufacturing or development data and gain process understanding and consistent product quality.",True,"The abstract describes the use of artificial neural networks (ANNs) to analyze and interpret data from pharmaceutical tablet manufacturing. The focus is on using sensitivity analysis to identify the root causes of batch-to-batch variability, such as variations in particle size and excipient substitution. This indicates that the explanations derived from the model are being used to gain insights into the underlying manufacturing processes rather than just explaining the model's behavior.

Thus, the explanations help understand the underlying processes.
",True,"Step-by-step analysis:

1. **Title Analysis**: The title mentions ""interpretable artificial neural networks"" and ""retrospective QbD (Quality by Design) of pharmaceutical tablet manufacturing,"" suggesting a focus on understanding the manufacturing process.

2. **Abstract Analysis**:
   - **Objective**: The abstract states the goal is to increase process understanding through retrospective analysis of developmental or manufacturing data.
   - **Method**: ANNs are developed and interpreted using sensitivity analysis.
   - **Outcome**: Sensitivity analysis helps identify root causes of batch-to-batch variability, such as variability in particle size, grade, or substitution of the hydroxypropyl methylcellulose excipient.
   - **Application**: An ANN-based control strategy is used to mitigate batch-to-batch variability.

3. **Insights from ML Model**:
   - The sensitivity analysis of the ANN identifies specific factors (e.g., particle size, grade, substitution of excipient) that contribute to variability in tablet quality.
   - These insights are directly related to the underlying manufacturing process, not just the model's behavior.

4. **Conclusion**: The explanations provided by the interpretable ML model (sensitivity analysis) help understand the underlying manufacturing process and variability factors.
",,True,"The researchers in the abstract are using interpretable artificial neural networks (ANNs) to enhance their understanding of the manufacturing process in pharmaceutical tablet production. They employ sensitivity analysis to identify the root causes of batch-to-batch variability, such as variations in particle size and the substitution of excipients. This indicates that the explanations derived from the model are being used to gain insights into the underlying processes affecting product quality, rather than solely for the purpose of improving model predictions or deployment.

The researchers explicitly mention that their work aims to increase process understanding and identify factors contributing to variability, which suggests that they are making claims about the natural processes involved in pharmaceutical manufacturing. This aligns with the notion of scientific discovery, as they are using model explanations to draw conclusions about the underlying phenomena rather than just the model's performance.

Therefore, the explanations are being used for scientific discovery.
",True,"Step-by-step analysis:

1. **Title Analysis**: The title mentions ""interpretable artificial neural networks"" and ""retrospective QbD (Quality by Design) of pharmaceutical tablet manufacturing."" This suggests a focus on understanding and improving the manufacturing process using interpretable models.

2. **Abstract Analysis**:
   - **Objective**: The objective is to predict product quality based on manufacturing or in-process data using ANNs.
   - **Problem Statement**: The black-box nature of ANNs hinders their implementation in pharmaceutical manufacturing.
   - **Methodology**: ANNs were developed and interpreted to increase process understanding through retrospective analysis.
   - **Data**: The data includes manufacturing and spectroscopic data of pilot-scale development.
   - **Results**: ANNs provided better results using material attributes and operational parameters compared to NIR or Raman spectra.
   - **Interpretation**: Sensitivity analysis was used to interpret ANNs, identifying root causes of batch-to-batch variability (e.g., particle size, grade, substitution of excipients).
   - **Control Strategy**: An ANN-based control strategy was used to mitigate batch-to-batch variability.
   - **Adaptability**: The methodology can be adapted to various manufacturing steps to predict quality and gain process understanding.

3. **Model Explanations**:
   - The researchers used sensitivity analysis to interpret the ANNs.
   - The interpretations helped identify root causes of variability in the manufacturing process.

4. **Claims**:
   - The researchers claim that the interpretations helped identify specific factors (e.g., particle size, grade, substitution of excipients) affecting batch-to-batch variability.
   - They also claim that the ANN-based control strategy can mitigate this variability.

5. **Conclusion**:
   - The researchers are using model explanations to understand the manufacturing process and identify specific factors affecting product quality.
   - They are making new claims about the root causes of variability based on the model explanations.

Given the detailed claims about the root causes of variability and the use of model explanations to gain process understanding, it appears that the researchers are using the explanations to make new scientific claims about the manufacturing process.
"
565,https://api.elsevier.com/content/abstract/scopus_id/85147216200,SCOPUS_ID:85147216200,2-s2.0-85147216200,DeepBend: An interpretable model of DNA bendability,Khan S.R.,iScience,10.1016/j.isci.2023.105945,Journal,ar,Article,"The bendability of genomic DNA impacts chromatin packaging and protein-DNA binding. However, we do not have a comprehensive understanding of the motifs influencing DNA bendability. Recent high-throughput technologies such as Loop-Seq offer an opportunity to address this gap but the lack of accurate and interpretable machine learning models still remains. Here we introduce DeepBend, a convolutional neural network model with convolutions designed to directly capture the motifs underlying DNA bendability and their periodic occurrences or relative arrangements that modulate bendability. DeepBend consistently performs on par with alternative models while giving an extra edge through mechanistic interpretations. Besides confirming the known motifs of DNA bendability, DeepBend also revealed several novel motifs and showed how the spatial patterns of motif occurrences influence bendability. DeepBend's genome-wide prediction of bendability further showed how bendability is linked to chromatin conformation and revealed the motifs controlling the bendability of topologically associated domains and their boundaries.",True,"1. The abstract describes a model (DeepBend) that aims to capture motifs influencing DNA bendability, which is a biological phenomenon.
2. It mentions that the model provides mechanistic interpretations and reveals novel motifs, indicating that insights are drawn about the underlying biological processes rather than just the model's behavior.
3. The explanations provided by DeepBend help understand the underlying processes of DNA bendability and its relationship with chromatin conformation.
",True,"Step-by-step analysis:

1. **Objective**: The study aims to understand DNA bendability, which affects chromatin packaging and protein-DNA binding.
2. **Model**: DeepBend, a convolutional neural network, is used to capture motifs and their arrangements that influence DNA bendability.
3. **Mechanistic Interpretations**: The model provides mechanistic interpretations, confirming known motifs and revealing novel ones.
4. **Insights**: The study shows how spatial patterns of motif occurrences influence bendability and links bendability to chromatin conformation.
5. **Conclusion**: The explanations provided by DeepBend help understand the underlying biological process of DNA bendability, not just the model's behavior.
",,True,"In the provided abstract, the researchers describe the development of DeepBend, a convolutional neural network model aimed at understanding DNA bendability. They emphasize that the model not only performs well in terms of predictions but also provides mechanistic interpretations of the motifs influencing DNA bendability. The researchers explicitly mention that DeepBend confirms known motifs and reveals novel motifs, as well as how these motifs' spatial patterns influence bendability. This indicates that the explanations derived from the model are being used to make new claims about the underlying biological processes, such as the relationship between DNA bendability and chromatin conformation.

The use of model explanations in this context goes beyond merely aiding in the deployment of the ML system; it contributes to scientific discovery by uncovering new insights into the biological phenomena of DNA bendability. Therefore, the explanations are being used to understand natural processes rather than just to improve model performance.
",True,"Step-by-step analysis:

1. **Title Analysis**: The title ""DeepBend: An interpretable model of DNA bendability"" suggests that the model is designed to be interpretable, which implies that the researchers are interested in understanding the underlying factors influencing DNA bendability.

2. **Abstract Analysis**:
   - **Problem Statement**: The abstract starts by stating the importance of DNA bendability in biological processes and the lack of comprehensive understanding of the motifs influencing it.
   - **Model Introduction**: DeepBend is introduced as a convolutional neural network designed to capture motifs and their arrangements that affect DNA bendability.
   - **Performance**: The model performs on par with alternative models but provides additional mechanistic interpretations.
   - **Discoveries**: The abstract explicitly mentions that DeepBend confirmed known motifs and revealed several novel motifs. It also showed how spatial patterns of motif occurrences influence bendability.
   - **Genome-wide Predictions**: The model's predictions linked bendability to chromatin conformation and identified motifs controlling the bendability of topologically associated domains and their boundaries.

3. **Interpretation of Findings**:
   - The researchers are not just using the model to make predictions but are also using the explanations provided by the model to make new scientific claims about DNA bendability.
   - They claim to have discovered novel motifs and elucidated the spatial patterns influencing bendability, which are new insights into the natural process of DNA bendability.

4. **Conclusion**: The researchers are using the model explanations to understand and make new claims about the natural process of DNA bendability, which goes beyond merely aiding in deploying the ML system or making predictions.
"
566,https://api.elsevier.com/content/abstract/scopus_id/85147224574,SCOPUS_ID:85147224574,2-s2.0-85147224574,Revealing Hidden Patterns through Chemical Intuition and Interpretable Machine Learning: A Case Study of Binary Rare-Earth Intermetallics RX,Gvozdetskyi V.,Chemistry of Materials,10.1021/acs.chemmater.2c02425,Journal,ar,Article,"Machine learning algorithms have been applied successfully in many areas of materials chemistry but often suffer from an inability to extract chemical insight. To demonstrate that an approach combining machine learning and chemical intuition can be effective in generating interpretable models, the structures of binary equiatomic rare-earth intermetallics RX, whose relationships have long defied understanding, were investigated as a case study. A structure map was developed based on only two parameters, which are derived from simple elemental descriptors (atomic number, period and group numbers, radii, and electronegativity) of the R and X components. This map reveals the previously hidden patterns of structural regularities of RX intermetallics. It explains the preference for CsCl-, TlI-, or FeB-type structures among these compounds, predicts the structures of missing members, rationalizes the occurrence of metastable phases and polymorphic transformations, and offers strategies for structure stabilization through the addition of a third component.",True,"The abstract describes a study that uses machine learning to investigate the structures of binary rare-earth intermetallics. It emphasizes the development of a structure map based on elemental descriptors, which reveals hidden patterns and explains structural preferences among the compounds. The insights drawn from the model relate to chemical intuition and understanding of structural regularities, rather than merely explaining the behavior of the machine learning model itself. The explanations provided help to understand the underlying processes governing the structures of these intermetallics.
",True,"Step-by-step analysis:

1. **Title Analysis**: The title suggests that the study aims to reveal hidden patterns through chemical intuition and interpretable machine learning.
2. **Abstract Analysis**:
   - **Objective**: The study investigates the structures of binary equiatomic rare-earth intermetallics RX.
   - **Approach**: Combines machine learning with chemical intuition to develop a structure map.
   - **Outcome**: The map reveals hidden patterns and explains structural preferences, predicts structures, rationalizes metastable phases, and offers strategies for stabilization.

3. **Insight Extraction**:
   - The study uses interpretable machine learning to develop a structure map based on elemental descriptors.
   - The map reveals patterns and explains structural preferences, which are insights into the underlying chemical processes.

4. **Conclusion**:
   - The explanations provided by the interpretable machine learning model help understand the underlying chemical processes and phenomena, not just the model behavior.
",,True,"The abstract describes a study that combines machine learning with chemical intuition to investigate the structures of binary rare-earth intermetallics. The researchers claim to have developed a structure map based on elemental descriptors, which reveals hidden patterns and structural regularities. They also mention that their approach explains preferences for certain structures, predicts missing members, rationalizes metastable phases, and offers strategies for stabilization.

The key points to consider are:

1. The researchers are not just using machine learning for predictions; they are actively seeking to understand the underlying chemical relationships and phenomena.
2. The explanations provided by the model are used to derive insights about the structures and behaviors of the intermetallics, indicating a deeper understanding of the material science involved.
3. The claims made about structural preferences and stabilization strategies suggest that the researchers are using the model explanations to make new scientific claims rather than merely to validate the model's performance.

Given these considerations, it is clear that the researchers are using the model explanations to contribute to scientific discovery rather than just for model interpretation or deployment.
",True,"Step-by-step analysis:

1. **Title Analysis**: The title suggests a combination of chemical intuition and interpretable machine learning to reveal hidden patterns in binary rare-earth intermetallics. This indicates a potential use of model explanations to understand chemical phenomena.

2. **Abstract Analysis**:
   - **Problem Statement**: The abstract mentions that machine learning algorithms often fail to extract chemical insight, which implies a focus on understanding the underlying data.
   - **Approach**: The researchers combine machine learning with chemical intuition to develop a structure map based on elemental descriptors.
   - **Findings**: The map reveals hidden patterns, explains structural preferences, predicts structures of missing members, rationalizes metastable phases and polymorphic transformations, and offers strategies for structure stabilization.

3. **Model Explanations**: The abstract indicates that the model explanations (structure map) are used to:
   - Reveal hidden patterns of structural regularities.
   - Explain preferences for certain structures.
   - Predict structures of missing members.
   - Rationalize the occurrence of metastable phases and polymorphic transformations.
   - Offer strategies for structure stabilization.

4. **New Claims**: The researchers are making new claims about the chemical phenomena based on the model explanations. They are not just using the explanations to deploy the ML system or make predictions but are using them to understand and explain natural processes and scientific phenomena.

Conclusion: The researchers are explicitly using model explanations to make new claims about the chemical phenomena, indicating that they are using these explanations for scientific discovery.
"
635,https://api.elsevier.com/content/abstract/scopus_id/85174324424,SCOPUS_ID:85174324424,2-s2.0-85174324424,Deciphering RNA splicing logic with interpretable machine learning,Liao S.E.,Proceedings of the National Academy of Sciences of the United States of America,10.1073/pnas.2221165120,Journal,ar,Article,"Machine learning methods, particularly neural networks trained on large datasets, are transforming how scientists approach scientific discovery and experimental design. However, current state-of-the-art neural networks are limited by their uninterpretability: Despite their excellent accuracy, they cannot describe how they arrived at their predictions. Here, using an “interpretable-by-design” approach, we present a neural network model that provides insights into RNA splicing, a fundamental process in the transfer of genomic information into functional biochemical products. Although we designed our model to emphasize interpretability, its predictive accuracy is on par with state-of-the-art models. To demonstrate the model’s interpretability, we introduce a visualization that, for any given exon, allows us to trace and quantify the entire decision process from input sequence to output splicing prediction. Importantly, the model revealed uncharacterized components of the splicing logic, which we experimentally validated. This study highlights how interpretable machine learning can advance scientific discovery.",True,"The abstract describes a study where an interpretable machine learning model is used to gain insights into RNA splicing. The model is designed to provide explanations of its decision-making process, which allows the researchers to trace how input sequences lead to splicing predictions. Importantly, the study claims that the model revealed uncharacterized components of the splicing logic, which were experimentally validated. This indicates that the explanations provided by the model contribute to understanding the underlying biological process of RNA splicing rather than just the model's behavior.
",True,"Step-by-step analysis:

1. **Title Analysis**: The title ""Deciphering RNA splicing logic with interpretable machine learning"" suggests a focus on understanding the biological process of RNA splicing using interpretable ML.

2. **Abstract Analysis**:
   - **Introduction**: The abstract starts by discussing the limitations of current neural networks in terms of interpretability.
   - **Model Description**: It mentions an ""interpretable-by-design"" neural network model aimed at providing insights into RNA splicing.
   - **Visualization**: The model includes a visualization tool to trace and quantify the decision process from input to output.
   - **Scientific Discovery**: The model revealed previously uncharacterized components of the splicing logic, which were experimentally validated.

3. **Insight Extraction**: The model's interpretability allowed the researchers to uncover new components of RNA splicing logic, which were then validated experimentally. This indicates that the insights gained were about the underlying biological process, not just the model's behavior.

4. **Conclusion**: The explanations provided by the model helped understand the underlying process of RNA splicing.
",,True,"The researchers in the abstract are using interpretable machine learning to gain insights into RNA splicing, which is a biological process. They emphasize that their model not only provides predictions but also allows them to trace and quantify the decision-making process behind those predictions. Importantly, they mention that the model revealed uncharacterized components of the splicing logic, which they experimentally validated. This indicates that the explanations derived from the model are being used to make new claims about the underlying biological process, rather than just to understand the model itself.

Since the researchers are using the model explanations to uncover new aspects of RNA splicing and validate these findings experimentally, it suggests that they are engaging in scientific discovery.
",True,"Step 1: The abstract mentions that the researchers use an ""interpretable-by-design"" neural network model to study RNA splicing.

Step 2: The model is designed to provide insights into RNA splicing, which is a natural biological process.

Step 3: The researchers introduce a visualization tool that allows them to trace and quantify the decision process from input sequence to output splicing prediction.

Step 4: The abstract states that the model revealed uncharacterized components of the splicing logic, which were experimentally validated.

Step 5: The phrase ""experimentally validated"" indicates that the researchers used the model's explanations to make new claims about RNA splicing and then confirmed these claims through experiments.

Conclusion: The researchers are using model explanations to understand natural processes and make new scientific claims, which they then validate experimentally.
"
674,https://api.elsevier.com/content/abstract/scopus_id/85151063601,SCOPUS_ID:85151063601,2-s2.0-85151063601,Interpretations of Predictive Models for Lifestyle-related Diseases at Multiple Time Intervals,Oba Y.,Lecture Notes in Computer Science (including subseries Lecture Notes in Artificial Intelligence and Lecture Notes in Bioinformatics),10.1007/978-3-031-26387-3_18,Book Series,cp,Conference Paper,"Health screening is practiced in many countries to find asymptotic patients of diseases. There is a possibility that applying machine learning to health screening datasets enables predicting future medical conditions. We extend this approach by introducing interpretable machine learning and determining health screening items (attributes) that contribute to detecting lifestyle-related diseases in their early stages. Furthermore, we determine how contributing attributes change within one to four years of time. We target diabetes and chronic kidney disease (CKD), which are among the most common lifestyle-related diseases. We trained predictive models using XGBoost and estimated each attribute’s contribution levels using SHapley Additive exPlanations (SHAP). The results indicated that numerous attributes drastically change their levels of contribution over time. Many of the results matched our medical knowledge, but we also obtained unexpected outcomes. For example, we found that for predicting HbA1c and creatinine, which are indicators of diabetes and CKD, respectively, the contribution from alanine transaminase goes up as the time interval lengthens. Such findings can provide insights into the underlying mechanisms of how lifestyle-related diseases aggravate.",True,"The research abstract describes the use of interpretable machine learning to identify health screening attributes that contribute to the detection of lifestyle-related diseases over time. While it employs SHAP to estimate the contribution levels of various attributes, the focus is on how these contributions change and what they reveal about the underlying mechanisms of disease progression. The findings, including unexpected outcomes, suggest insights into the biological or lifestyle factors influencing disease aggravation, rather than merely explaining the model's behavior.
",True,"Step-by-step analysis:

1. **Objective**: The research aims to identify health screening items that contribute to detecting lifestyle-related diseases (diabetes and CKD) in their early stages and how these contributions change over time.
2. **Method**: Predictive models are trained using XGBoost, and SHAP is used to estimate each attribute’s contribution levels.
3. **Findings**: The study finds that the contribution levels of various attributes change over time. Some findings align with existing medical knowledge, while others are unexpected.
4. **Example Insight**: The contribution from alanine transaminase increases over time for predicting HbA1c and creatinine levels.

**Determination**:
- The insights about how the contribution of attributes like alanine transaminase changes over time provide information about the underlying mechanisms of disease progression, not just the model's behavior.
",,True,"The researchers in the abstract are using interpretable machine learning techniques, specifically SHAP, to identify which health screening attributes contribute to the prediction of lifestyle-related diseases over time. They mention that their findings align with existing medical knowledge but also reveal unexpected outcomes, such as the changing contribution of alanine transaminase over time in predicting certain health indicators. This suggests that they are not only using the model explanations to understand the model's predictions but are also making new claims about the underlying mechanisms of lifestyle-related diseases based on the changes in attribute contributions.

The explicit mention of insights into the underlying mechanisms indicates that the researchers are leveraging the model explanations to contribute to scientific understanding, rather than solely for model deployment or prediction purposes.

Therefore, I conclude that the explanations are being used for scientific discovery.
",True,"Step 1: Identify the primary goal of the research.
- The primary goal is to predict future medical conditions using machine learning applied to health screening datasets.

Step 2: Determine the role of interpretable machine learning in the study.
- The researchers use interpretable machine learning to determine which health screening items (attributes) contribute to detecting lifestyle-related diseases in their early stages.

Step 3: Examine how the researchers use SHAP values.
- SHAP values are used to estimate each attribute’s contribution levels to the predictive models.

Step 4: Assess whether the researchers are making new scientific claims based on model explanations.
- The researchers note that many results matched existing medical knowledge, but they also obtained unexpected outcomes, such as the increasing contribution of alanine transaminase over time for predicting HbA1c and creatinine.

Step 5: Evaluate if these unexpected outcomes are used to make claims about natural processes or scientific phenomena.
- The researchers suggest that these findings can provide insights into the underlying mechanisms of how lifestyle-related diseases aggravate.

Conclusion: The researchers are using model explanations to make new claims about the underlying mechanisms of disease progression, which goes beyond merely aiding in deploying their ML system and making predictions.
"
690,https://api.elsevier.com/content/abstract/scopus_id/85141430170,SCOPUS_ID:85141430170,2-s2.0-85141430170,Text-based representations with interpretable machine learning reveal structure–property relationships of polybenzenoid hydrocarbons,Fite S.,Journal of Physical Organic Chemistry,10.1002/poc.4458,Journal,ar,Article,"New tools are developed and applied to enable the use of interpretable machine learning for investigation of structure–property relationships in polybenzenoid hydrocarbons (PBHs). A textual molecular representation, which is based on the annulation sequence of PBHs, is shown to be of utility either in its textual form or as a basis for a curated feature vector. Both forms display interpretability exceeding those achievable by standard SMILES representation; and the former also has increased predictive accuracy. A recently developed model, CUSTODI, was applied for the first time as an interpretable model, identifying important structural features that impact various electronic molecular properties. The resulting insights not only validate several well-known “rules of thumb” of organic chemistry but also reveal new behaviors and influential structural motifs, thus providing guiding principles for rational design and fine-tuning of PBHs.",True,"1. The research develops tools for interpretable machine learning to investigate structure–property relationships in polybenzenoid hydrocarbons (PBHs).
2. It uses a textual molecular representation to identify important structural features that impact electronic molecular properties.
3. The insights drawn from the model validate existing rules of thumb in organic chemistry and reveal new behaviors and structural motifs.

The explanations provided by the interpretable machine learning model help understand the underlying processes related to the structure–property relationships of PBHs, rather than just explaining the model behavior itself.
",True,"Step-by-step analysis:

1. **Title Analysis**: The title suggests that the research uses interpretable machine learning to reveal structure–property relationships in polybenzenoid hydrocarbons (PBHs).

2. **Abstract Analysis**:
   - **Tools and Methods**: The abstract mentions the development and application of new tools for interpretable machine learning to investigate structure–property relationships.
   - **Textual Molecular Representation**: It highlights the use of a textual molecular representation based on the annulation sequence of PBHs, which is more interpretable than standard SMILES representation.
   - **Model Application**: The CUSTODI model is applied as an interpretable model to identify important structural features impacting electronic molecular properties.
   - **Insights and Validation**: The insights gained validate known rules of organic chemistry and reveal new behaviors and influential structural motifs, providing guiding principles for rational design and fine-tuning of PBHs.

3. **Determination**:
   - The research uses interpretable machine learning to identify important structural features and their impact on molecular properties.
   - The insights gained are about the underlying chemical processes and relationships, not just the model's behavior.

Conclusion: The explanations help understand the underlying processes.
",,True,"In the provided abstract, the researchers utilize interpretable machine learning to investigate structure–property relationships in polybenzenoid hydrocarbons (PBHs). They mention that the model, CUSTODI, identifies important structural features that impact electronic molecular properties. The insights gained from the model not only validate existing rules of thumb in organic chemistry but also reveal new behaviors and influential structural motifs. This indicates that the researchers are using the model explanations to derive new scientific insights and guiding principles for the rational design of PBHs, rather than solely for the purpose of model deployment or prediction.

The explicit mention of validating existing chemistry principles and discovering new behaviors suggests that the explanations are being used to enhance understanding of the underlying scientific phenomena, rather than just to interpret the model's predictions.
",True,"Let's break down the abstract step by step:

1. **Title Analysis**: The title suggests that the study uses interpretable machine learning to reveal structure–property relationships in polybenzenoid hydrocarbons (PBHs). This already hints at an attempt to understand scientific phenomena.

2. **Abstract Analysis**:
   - **New Tools**: The researchers developed new tools for interpretable machine learning, which suggests a focus on understanding the model.
   - **Textual Molecular Representation**: They mention that this representation has higher interpretability and predictive accuracy compared to standard SMILES representation. This indicates an improvement in model performance and interpretability.
   - **CUSTODI Model**: The application of the CUSTODI model is highlighted for its interpretability and its ability to identify important structural features impacting electronic molecular properties. This suggests that the model explanations are being used to understand which features are important.
   - **Validation and New Insights**: The abstract states that the insights from the model validate well-known rules of thumb in organic chemistry and reveal new behaviors and influential structural motifs. This indicates that the researchers are using the model explanations to make new scientific claims about PBHs.

3. **Conclusion**: The researchers are explicitly using the model explanations to validate existing scientific knowledge and to discover new scientific insights about the structure–property relationships in PBHs. This goes beyond merely aiding in deploying the ML system or making predictions.

Given this detailed analysis, it is clear that the researchers are using model explanations to make new scientific claims.
"
696,https://api.elsevier.com/content/abstract/scopus_id/85137069054,SCOPUS_ID:85137069054,2-s2.0-85137069054,Machine learning shows torsion angle preferences in left-handed and right-handed quadruplex DNAs,Li K.,Biophysical Journal,10.1016/j.bpj.2022.08.021,Journal,ar,Article,"Left-handed G quadruplexes (LHG4) have been recently discovered as a new class of G quadruplexes. The biological functions of LHG4s are still unknown, but they share a striking resemblance to Z-DNA in their helicity and jagged phosphate backbone. To further understand structural features of the LHG4s that define their left handedness, we have employed human-interpretable machine-learning methods to classify right- and left-handed G4s purely based on torsional angle analysis. Our results reveal the importance of the α, β, δ, and χ angles in left-handed structuring across both Z-DNAs and LHG4s. Our analysis may serve as the first step to understanding the conditions of formation for LHG4s and their potential biological relevance.",True,"The abstract describes the use of human-interpretable machine-learning methods to classify left-handed and right-handed G quadruplexes based on torsional angle analysis. The focus is on understanding the structural features that define left-handedness, specifically the importance of certain angles (α, β, δ, and χ) in the formation of LHG4s. The insights drawn from the analysis are aimed at understanding the conditions of formation for LHG4s and their biological relevance, rather than explaining the behavior of the machine learning model itself.

Since the explanations provided help in understanding the underlying biological processes and structural features of the G quadruplexes, the answer is true.
",True,"Step-by-step analysis:

1. **Objective**: The research aims to understand structural features of left-handed G quadruplexes (LHG4s) that define their left-handedness.
2. **Method**: Human-interpretable machine-learning methods are used to classify right- and left-handed G4s based on torsional angle analysis.
3. **Insights**: The results highlight the importance of specific torsional angles (α, β, δ, and χ) in the structuring of left-handed G quadruplexes and Z-DNAs.
4. **Explanation of ML Model**: The insights are derived from the ML model's ability to classify based on torsional angles, which are then interpreted to understand the structural features.
5. **Understanding Underlying Process**: The explanation provided by the ML model helps in understanding the structural features and conditions of formation for LHG4s, which is an underlying biological process.

Conclusion: The explanations help understand the underlying process.
",,True,"In the provided abstract, the researchers are using machine learning to classify left-handed and right-handed G quadruplexes based on torsional angle analysis. They mention employing ""human-interpretable machine-learning methods,"" which suggests they are using model explanations to understand the classification process. However, they also state that their results reveal the importance of specific angles in the structuring of LHG4s and Z-DNAs, indicating that they are making claims about the biological relevance and structural features of these molecules.

The researchers are not merely using the explanations to aid in deploying their ML system; they are leveraging the insights gained from the model to draw conclusions about the natural processes involved in the formation and characteristics of LHG4s. This suggests that the explanations are contributing to scientific discovery rather than just model interpretation.

Therefore, I conclude that the explanations are being used for scientific discovery.
",True,"Step 1: Identify the purpose of the study.
- The study aims to understand structural features of left-handed G quadruplexes (LHG4s) that define their left-handedness.

Step 2: Determine the role of machine learning in the study.
- The researchers use human-interpretable machine-learning methods to classify right- and left-handed G4s based on torsional angle analysis.

Step 3: Analyze what the model explanations reveal.
- The model explanations reveal the importance of specific torsional angles (α, β, δ, and χ) in the structuring of left-handed G quadruplexes and Z-DNAs.

Step 4: Assess if the researchers use these explanations to make new scientific claims.
- The researchers state that their results may serve as the first step to understanding the conditions of formation for LHG4s and their potential biological relevance.

Step 5: Determine if the explanations are used to understand natural processes or scientific phenomena.
- The researchers are using the model explanations to make new claims about the structural features and potential biological relevance of LHG4s, which indicates they are using the explanations to understand natural processes.

Conclusion: The researchers are using model explanations to make new scientific claims about the structural features and potential biological relevance of LHG4s.
"
711,https://api.elsevier.com/content/abstract/scopus_id/85132175313,SCOPUS_ID:85132175313,2-s2.0-85132175313,An interpretable machine learning approach to identify mechanism of action of antibiotics,Mongia M.,Scientific Reports,10.1038/s41598-022-14229-3,Journal,ar,Article,"As antibiotic resistance is becoming a major public health problem worldwide, one of the approaches for novel antibiotic discovery is re-purposing drugs available on the market for treating antibiotic resistant bacteria. The main economic advantage of this approach is that since these drugs have already passed all the safety tests, it vastly reduces the overall cost of clinical trials. Recently, several machine learning approaches have been developed for predicting promising antibiotics by training on bioactivity data collected on a set of small molecules. However, these methods report hundreds/thousands of bioactive molecules, and it remains unclear which of these molecules possess a novel mechanism of action. While the cost of high-throughput bioactivity testing has dropped dramatically in recent years, determining the mechanism of action of small molecules remains a costly and time-consuming step, and therefore computational methods for prioritizing molecules with novel mechanisms of action are needed. The existing approaches for predicting bioactivity of small molecules are based on uninterpretable machine learning, and therefore are not capable of determining known mechanism of action of small molecules and prioritizing novel mechanisms. We introduce InterPred, an interpretable technique for predicting bioactivity of small molecules and their mechanism of action. InterPred has the same accuracy as the state of the art in bioactivity prediction, and it enables assigning chemical moieties that are responsible for bioactivity. After analyzing bioactivity data of several thousand molecules against bacterial and fungal pathogens available from Community for Open Antimicrobial Drug Discovery and a US Food and Drug Association-approved drug library, InterPred identified five known links between moieties and mechanism of action.",True,"The research abstract describes the use of an interpretable machine learning technique, InterPred, to identify the mechanism of action of antibiotics. It emphasizes that the method not only predicts bioactivity but also assigns chemical moieties responsible for that bioactivity. The identification of known links between moieties and mechanisms of action suggests that the explanations provided by the model help in understanding the underlying biological processes related to antibiotic action, rather than merely explaining the model's behavior.
",True,"The abstract describes the use of an interpretable machine learning technique, InterPred, to predict the bioactivity of small molecules and their mechanisms of action. The key point is that InterPred enables the assignment of chemical moieties responsible for bioactivity, which helps in understanding the underlying biological processes. The identification of known links between moieties and mechanisms of action suggests that the explanations provided by the model are used to understand the underlying phenomena, not just the model behavior.
",,True,"The researchers in the abstract are using an interpretable machine learning approach, InterPred, to identify the mechanism of action of antibiotics. They emphasize that existing methods are uninterpretable and do not provide insights into the mechanisms of action of small molecules. By using InterPred, they are able to assign specific chemical moieties to bioactivity, which suggests that they are not just using the model for predictions but are also making claims about the underlying biological processes. The identification of known links between moieties and mechanisms of action indicates that the researchers are leveraging the model explanations to gain insights into scientific phenomena, specifically the mechanisms of action of antibiotics.

Given this analysis, the explanations provided by the model are being used to make new claims about the underlying biological processes, which aligns with scientific discovery.
",True,"Step 1: Understand the context and goal of the research.
- The research aims to identify the mechanism of action of antibiotics, which is crucial for combating antibiotic resistance.
- The researchers are focusing on re-purposing existing drugs, which is economically advantageous.

Step 2: Identify the role of machine learning in the research.
- Machine learning is used to predict bioactivity of small molecules.
- The challenge is to prioritize molecules with novel mechanisms of action, which is costly and time-consuming to determine experimentally.

Step 3: Examine the specific claims about the interpretable machine learning model (InterPred).
- InterPred is described as an interpretable technique for predicting bioactivity and mechanism of action.
- It assigns chemical moieties responsible for bioactivity.
- The model identified five known links between moieties and mechanism of action.

Step 4: Determine if the explanations are used to understand the model or the underlying data.
- The researchers claim that InterPred can assign chemical moieties responsible for bioactivity, which suggests an understanding of the underlying chemical interactions.
- They identified known links between moieties and mechanisms of action, implying that the model's explanations are used to make claims about the natural processes.

Step 5: Evaluate the certainty of the scientific claims.
- The abstract suggests that the model's explanations are used to make new claims about the mechanisms of action of antibiotics.
- However, it is not explicitly clear if these claims are validated independently of the model.

Conclusion:
- The researchers are using model explanations to make claims about the mechanisms of action of antibiotics, which suggests they are using these explanations for scientific discovery.
"
712,https://api.elsevier.com/content/abstract/scopus_id/85131725941,SCOPUS_ID:85131725941,2-s2.0-85131725941,Patient-level proteomic network prediction by explainable artificial intelligence,Keyl P.,npj Precision Oncology,10.1038/s41698-022-00278-4,Journal,ar,Article,"Understanding the pathological properties of dysregulated protein networks in individual patients’ tumors is the basis for precision therapy. Functional experiments are commonly used, but cover only parts of the oncogenic signaling networks, whereas methods that reconstruct networks from omics data usually only predict average network features across tumors. Here, we show that the explainable AI method layer-wise relevance propagation (LRP) can infer protein interaction networks for individual patients from proteomic profiling data. LRP reconstructs average and individual interaction networks with an AUC of 0.99 and 0.93, respectively, and outperforms state-of-the-art network prediction methods for individual tumors. Using data from The Cancer Proteome Atlas, we identify known and potentially novel oncogenic network features, among which some are cancer-type specific and show only minor variation among patients, while others are present across certain tumor types but differ among individual patients. Our approach may therefore support predictive diagnostics in precision oncology by inferring “patient-level” oncogenic mechanisms.",True,"The abstract describes the use of layer-wise relevance propagation (LRP) to infer protein interaction networks from proteomic data at the individual patient level. The focus is on identifying known and potentially novel oncogenic network features, which suggests that the insights drawn from the model are aimed at understanding the underlying biological processes rather than merely explaining the model's behavior. The identification of cancer-type specific features and variations among patients indicates that the explanations provided by the LRP method contribute to understanding the underlying mechanisms of cancer in individual patients.

True
",True,"The abstract describes the use of the explainable AI method layer-wise relevance propagation (LRP) to infer protein interaction networks from proteomic profiling data. The key points are:

1. LRP is used to reconstruct protein interaction networks for individual patients.
2. The method identifies known and potentially novel oncogenic network features.
3. Some features are cancer-type specific, while others vary among individual patients.

The insights drawn from LRP help identify oncogenic network features and their variations, which are related to the underlying biological processes in tumors. This indicates that the explanations provided by LRP are used to understand the underlying pathological properties of dysregulated protein networks, not just the model behavior.
",,True,"In the provided abstract, the researchers utilize the explainable AI method layer-wise relevance propagation (LRP) to infer protein interaction networks from proteomic profiling data. They emphasize that their approach allows for the reconstruction of both average and individual interaction networks, achieving high performance metrics (AUC of 0.99 and 0.93). 

The key aspect here is that the researchers claim to identify known and potentially novel oncogenic network features, some of which are cancer-type specific and others that vary among individual patients. This indicates that they are not merely using the model explanations to understand the model's predictions or to aid in deploying their ML system; rather, they are leveraging these explanations to make new claims about the underlying biological processes and mechanisms involved in cancer.

The identification of novel oncogenic features suggests that the researchers are using the model explanations to gain insights into the biological phenomena of cancer, which aligns with scientific discovery rather than just model interpretation.
",True,"Step-by-step analysis:

1. **Title Analysis**: The title mentions ""Patient-level proteomic network prediction by explainable artificial intelligence,"" which suggests a focus on using AI to predict networks at the patient level.

2. **Abstract Analysis**:
   - **Objective**: The objective is to understand pathological properties of dysregulated protein networks in individual patients' tumors for precision therapy.
   - **Method**: The method used is layer-wise relevance propagation (LRP), an explainable AI technique.
   - **Performance**: LRP is reported to reconstruct average and individual interaction networks with high accuracy (AUC of 0.99 and 0.93, respectively).
   - **Comparison**: LRP outperforms state-of-the-art network prediction methods for individual tumors.
   - **Findings**: The researchers identify known and potentially novel oncogenic network features, some of which are cancer-type specific and others that vary among individual patients.
   - **Implications**: The approach is suggested to support predictive diagnostics in precision oncology by inferring patient-level oncogenic mechanisms.

3. **Model Explanations**:
   - The use of LRP is to infer protein interaction networks from proteomic profiling data.
   - The researchers claim to identify known and potentially novel oncogenic network features using LRP.

4. **New Claims**:
   - The abstract explicitly states that the researchers identify known and potentially novel oncogenic network features.
   - They also mention that some features are cancer-type specific and others vary among patients, implying a deeper understanding of the biological processes.

5. **Conclusion**:
   - The researchers are using the model explanations (LRP) to make new claims about oncogenic network features.
   - They are not just using the explanations to aid in deploying the ML system or making predictions but are making scientific claims about the underlying biological processes.

Given the explicit mention of identifying novel oncogenic network features and the implications for understanding patient-level oncogenic mechanisms, it is clear that the researchers are using the model explanations for scientific discovery.
"
713,https://api.elsevier.com/content/abstract/scopus_id/85142123145,SCOPUS_ID:85142123145,2-s2.0-85142123145,A comparative analysis of telomere length maintenance circuits in fission and budding yeast,Peretz I.,Frontiers in Genetics,10.3389/fgene.2022.1033113,Journal,ar,Article,"The natural ends of the linear eukaryotic chromosomes are protected by telomeres, which also play an important role in aging and cancer development. Telomere length varies between species, but it is strictly controlled in all organisms. The process of Telomere Length Maintenance (TLM) involves many pathways, protein complexes and interactions that were first discovered in budding and fission yeast model organisms (Saccharomyces cerevisiae, Schizosaccharomyces pombe). In particular, large-scale systematic genetic screens in budding yeast uncovered a network of (Formula presented.) 500 genes that, when mutated, cause telomeres to lengthen or to shorten. In contrast, the TLM network in fission yeast remains largely unknown and systematic data is still lacking. In this work we try to close this gap and develop a unified interpretable machine learning framework for TLM gene discovery and phenotype prediction in both species. We demonstrate the utility of our framework in pinpointing the pathways by which TLM homeostasis is maintained and predicting novel TLM genes in fission yeast. The results of this study could be used for better understanding of telomere biology and serve as a step towards the adaptation of computational methods based on telomeric data for human prognosis.",True,"The abstract describes the development of an interpretable machine learning framework aimed at gene discovery and understanding the pathways involved in Telomere Length Maintenance (TLM) in fission and budding yeast. The focus is on pinpointing pathways and predicting novel TLM genes, which suggests that the explanations derived from the model are intended to provide insights into the biological processes underlying telomere maintenance rather than merely explaining the model's behavior. Therefore, the explanations are aimed at understanding the underlying processes.
",True,"Step-by-step analysis:

1. **Title Analysis**: The title suggests a comparative analysis of telomere length maintenance circuits in two yeast species.
2. **Abstract Analysis**:
   - **Introduction**: The abstract introduces the importance of telomeres and the role of TLM in aging and cancer.
   - **Problem Statement**: It highlights the gap in knowledge regarding the TLM network in fission yeast.
   - **Methodology**: The authors propose a unified interpretable machine learning framework for TLM gene discovery and phenotype prediction.
   - **Utility of Framework**: The framework is used to pinpoint pathways for TLM homeostasis and predict novel TLM genes in fission yeast.
   - **Outcome**: The results aim to enhance understanding of telomere biology and potentially adapt computational methods for human prognosis.

3. **Interpretable ML Usage**:
   - The framework is described as ""interpretable,"" suggesting that it provides insights beyond mere predictions.
   - The abstract mentions ""pinpointing the pathways by which TLM homeostasis is maintained,"" indicating that the ML model helps understand the underlying biological processes.

4. **Conclusion**:
   - The explanations derived from the ML model are used to understand the biological pathways and mechanisms of TLM, not just the model's behavior.
",,True,"In the provided abstract, the researchers are developing an interpretable machine learning framework to aid in the discovery of genes related to Telomere Length Maintenance (TLM) in fission yeast. They mention that their framework helps in pinpointing pathways for TLM homeostasis and predicting novel TLM genes. This indicates that they are using the model explanations not just to understand the model itself, but to derive insights about biological processes and gene interactions related to telomere biology.

The researchers explicitly state that their results could lead to a better understanding of telomere biology, which suggests that they are making claims about natural processes based on the insights gained from their model. This aligns with the idea of using machine learning as a tool for scientific discovery rather than merely for model deployment or prediction.

Therefore, the explanations provided by the model are being used to make new claims about biological phenomena, indicating a focus on scientific discovery.
",True,"Step 1: Identify the main goal of the research.
- The main goal is to develop a unified interpretable machine learning framework for TLM gene discovery and phenotype prediction in both budding and fission yeast.

Step 2: Determine the role of the machine learning model.
- The model is used to predict novel TLM genes in fission yeast and to pinpoint the pathways by which TLM homeostasis is maintained.

Step 3: Assess the use of model explanations.
- The researchers claim that their framework helps in ""pinpointing the pathways by which TLM homeostasis is maintained"" and in ""predicting novel TLM genes in fission yeast.""

Step 4: Evaluate if the explanations are used to understand natural processes or scientific phenomena.
- The researchers suggest that the results could be used for a better understanding of telomere biology, which implies that they are using the model explanations to make new claims about biological processes.

Step 5: Determine if the researchers explicitly use these explanations to make new scientific claims.
- The abstract indicates that the researchers are using the model to make predictions about novel TLM genes and to understand the pathways involved in TLM homeostasis, which are scientific claims about biological processes.

Conclusion: The researchers are using model explanations to understand natural processes and scientific phenomena, as they are making new claims about telomere biology based on the model's outputs.
"
716,https://api.elsevier.com/content/abstract/scopus_id/85143775362,SCOPUS_ID:85143775362,2-s2.0-85143775362,Machine learning the trilinear and light-quark Yukawa couplings from Higgs pair kinematic shapes,Alasfar L.,Journal of High Energy Physics,10.1007/JHEP11(2022)045,Journal,ar,Article,"Revealing the Higgs pair production process is the next big challenge in high energy physics. In this work, we explore the use of interpretable machine learning and cooperative game theory for extraction of the trilinear Higgs self-coupling in Higgs pair production. In particular, we show how a topological decomposition of the gluon-gluon fusion Higgs pair production process can be used to simplify the machine learning analysis flow. Furthermore, we extend the analysis to include qq¯ → hh production, which is strongly suppressed in the Standard Model, to extract the trilinear Higgs coupling and to bound large deviations of the light-quark Yukawa couplings from the Standard Model values. The constraints on the rescaling of the trilinear Higgs self-coupling, κλ, and the rescaling of light-quark Yukawa couplings, κu and κd, at HL-LHC (FCC-hh) from single parameter fits are:κλ=[0.531.7]([0.971.03])κu=[−470430]([−5855])κd=[−360360]([−2628]) We show that the simultaneous modification of the Yukawa couplings can dilute the constraints on the trilinear coupling significantly. We perform similar analyses for FCC-hh. We discuss some motivated flavourful new physics scenarios where such an analysis prevails.",True,"The abstract discusses the use of interpretable machine learning to extract the trilinear Higgs self-coupling and light-quark Yukawa couplings from Higgs pair production processes. It mentions a topological decomposition of the production process, which suggests that the analysis is aimed at understanding the underlying physics rather than merely explaining model behavior. The focus on extracting physical parameters and discussing their implications indicates that the insights drawn from the machine learning analysis are related to the underlying phenomena in high energy physics.
",True,"Step 1: Identify if any insights are being drawn by explaining the ML model.
- The abstract mentions the use of interpretable machine learning and cooperative game theory for the extraction of the trilinear Higgs self-coupling in Higgs pair production.
- It also discusses the use of a topological decomposition to simplify the machine learning analysis flow.

Step 2: Determine if the explanations help understand the underlying process or just the model.
- The focus is on extracting physical parameters (trilinear Higgs self-coupling and light-quark Yukawa couplings) from the Higgs pair production process.
- The constraints on these parameters are derived from the analysis, which implies that the interpretable ML is used to understand the underlying physical processes (Higgs pair production and its couplings).

Conclusion: The explanations help understand the underlying process.
",,True,"In the provided abstract, the researchers are using interpretable machine learning techniques to extract specific parameters related to the Higgs boson, such as the trilinear Higgs self-coupling and light-quark Yukawa couplings. They mention using a topological decomposition of the Higgs pair production process, which suggests that they are not merely focused on the model's performance but are also interested in understanding the underlying physics of the Higgs production mechanisms.

The use of cooperative game theory and the analysis of kinematic shapes indicate that the researchers are attempting to draw connections between their machine learning findings and fundamental physical parameters. They are making claims about the constraints on these couplings and discussing implications for new physics scenarios, which implies that they are using the model explanations to gain insights into the underlying scientific phenomena.

Given that the researchers are explicitly using the model explanations to make new claims about the Higgs couplings and their implications for physics, this suggests that their work is contributing to scientific discovery rather than just aiding in model deployment.
",True,"Step 1: Identify the main goal of the research.
- The main goal is to explore the use of interpretable machine learning and cooperative game theory for the extraction of the trilinear Higgs self-coupling in Higgs pair production.

Step 2: Determine the role of interpretable machine learning in the research.
- The researchers mention using interpretable machine learning and cooperative game theory to simplify the machine learning analysis flow and to extract specific physical parameters (trilinear Higgs coupling and light-quark Yukawa couplings).

Step 3: Assess whether the explanations are used to understand the model or the underlying natural processes.
- The abstract discusses using machine learning to extract and bound physical parameters, which are related to the Higgs pair production process. The researchers are using the model to make predictions about these parameters and to understand how modifications in Yukawa couplings affect the constraints on the trilinear coupling.

Step 4: Evaluate if new scientific claims are made based on model explanations.
- The researchers are making claims about the constraints on the rescaling of the trilinear Higgs self-coupling and light-quark Yukawa couplings. They also discuss the impact of simultaneous modifications of these couplings on the constraints.

Conclusion: The researchers are using model explanations to make new claims about the physical parameters related to Higgs pair production. They are not merely using the explanations to understand the model but are extending their findings to make scientific claims about the underlying natural processes.
"
726,https://api.elsevier.com/content/abstract/scopus_id/85139347369,SCOPUS_ID:85139347369,2-s2.0-85139347369,Deep learning explains the biology of branched glycans from single-cell sequencing data,Qin R.,iScience,10.1016/j.isci.2022.105163,Journal,ar,Article,"Glycosylation is ubiquitous and often dysregulated in disease. However, the regulation and functional significance of various types of glycosylation at cellular levels is hard to unravel experimentally. Multi-omics, single-cell measurements such as SUGAR-seq, which quantifies transcriptomes and cell surface glycans, facilitate addressing this issue. Using SUGAR-seq data, we pioneered a deep learning model to predict the glycan phenotypes of cells (mouse T lymphocytes) from transcripts, with the example of predicting β1,6GlcNAc-branching across T cell subtypes (test set F1 score: 0.9351). Model interpretation via SHAP (SHapley Additive exPlanations) identified highly predictive genes, in part known to impact (i) branched glycan levels and (ii) the biology of branched glycans. These genes included physiologically relevant low-abundance genes that were not captured by conventional differential expression analysis. Our work shows that interpretable deep learning models are promising for uncovering novel functions and regulatory mechanisms of glycans from integrated transcriptomic and glycomic datasets.",True,"1. The research uses SHAP to interpret a deep learning model that predicts glycan phenotypes from transcriptomic data.
2. The interpretation identifies highly predictive genes that are relevant to the biology of branched glycans, including low-abundance genes not captured by traditional methods.
3. The insights drawn from the SHAP explanations contribute to understanding the regulatory mechanisms and functions of glycans, rather than just explaining the model's behavior.

True
",True,"1. The research uses a deep learning model to predict glycan phenotypes from transcript data.
2. SHAP is used to interpret the model and identify highly predictive genes.
3. These genes are linked to known impacts on branched glycan levels and their biology.
4. The identified genes include low-abundance genes not captured by conventional methods.
5. The insights from SHAP help uncover novel functions and regulatory mechanisms of glycans.
",,True,"In the provided abstract, the researchers utilize SHAP to interpret their deep learning model, which predicts glycan phenotypes from transcriptomic data. They claim that the model interpretation identified highly predictive genes that are relevant to the biology of branched glycans, including low-abundance genes not captured by traditional methods. This suggests that the explanations derived from the model are being used to uncover novel functions and regulatory mechanisms of glycans, indicating a deeper understanding of the biological processes involved.

The researchers explicitly state that their work shows the potential of interpretable deep learning models to reveal new insights into the biology of branched glycans, which implies that they are using the model explanations not just for model validation or deployment, but to make new scientific claims about the underlying biological phenomena.

Given this context, the explanations are being used for scientific discovery rather than merely for understanding the model.
",True,"Step-by-step analysis:

1. **Title Analysis**: The title suggests that deep learning is being used to explain biological processes related to branched glycans.

2. **Abstract Analysis**:
   - **Problem Statement**: The regulation and functional significance of glycosylation at the cellular level is difficult to unravel experimentally.
   - **Data and Method**: The researchers use SUGAR-seq data and a deep learning model to predict glycan phenotypes from transcripts.
   - **Model Performance**: The model achieves a high F1 score (0.9351) in predicting β1,6GlcNAc-branching across T cell subtypes.
   - **Model Interpretation**: SHAP is used to identify highly predictive genes.
   - **Scientific Claims**: The abstract states that some of these genes are known to impact branched glycan levels and the biology of branched glycans. It also mentions that the model identified physiologically relevant low-abundance genes not captured by conventional differential expression analysis.
   - **Conclusion**: The researchers claim that interpretable deep learning models are promising for uncovering novel functions and regulatory mechanisms of glycans.

3. **Interpretation of Model Explanations**:
   - The researchers use SHAP to identify genes that are highly predictive of glycan phenotypes.
   - They make a connection between these genes and known biological impacts on branched glycan levels.
   - They also highlight the discovery of low-abundance genes that were not identified by traditional methods.

4. **New Claims**:
   - The researchers are making new claims about the functions and regulatory mechanisms of glycans based on the genes identified by the model.
   - They suggest that these findings could not have been made using conventional differential expression analysis alone.

Conclusion: The researchers are using model explanations to make new scientific claims about the biology of branched glycans, indicating that they are using the model for scientific discovery.
"
732,https://api.elsevier.com/content/abstract/scopus_id/85168661631,SCOPUS_ID:85168661631,2-s2.0-85168661631,Spinel nitride solid solutions: charting properties in the configurational space with explainable machine learning†,Sánchez-Palencia P.,Digital Discovery,10.1039/d2dd00038e,Journal,ar,Article,"Ab initio prediction of the variation of properties in the configurational space of solid solutions is computationally very demanding. We present an approach to accelerate these predictions via a combination of density functional theory and machine learning, using the cubic spinel nitride GeSn2N4 as a case study, exploring how formation energy and electronic bandgap are affected by configurational variations. Furthermore, we demonstrate the utility of applying explainable machine learning to understand the crystal chemistry origins of the trends that we observe. Different configuration descriptors (Coulomb matrix eigenspectrum, many-body tensor representation, and cluster correlation function vectors) are combined with different models (linear regression, gradient-boosted decision trees, and multi-layer perceptron) to extrapolate the calculation of ab initio properties from a small set of configurations to the full space with thousands of configurations. We discuss the performance of different descriptors and models. SHAP (SHapley Additive exPlanations) analysis of the machine learning models highlights how values of formation energy are dominated by variations in local crystal structure (single polyhedral environments), while values of electronic bandgap are dominated by variations in more extended structural motifs. Finally, we demonstrate the usefulness of this approach by constructing structure–property maps, identifying important configurations of GeSn2N4 with extremal properties, as well as by calculating accurate equilibrium properties using configurational averaging.",True,"The research abstract describes the use of explainable machine learning (specifically SHAP) to analyze the effects of configurational variations on properties like formation energy and electronic bandgap in spinel nitride solid solutions. The authors highlight how the variations in local crystal structure and extended structural motifs influence these properties. The explanations provided by SHAP help to identify which structural features are most significant in determining the properties, thus offering insights into the underlying crystal chemistry and the relationships between structure and properties.

Since the explanations derived from the machine learning model contribute to understanding the underlying processes (i.e., the relationship between crystal structure and material properties), the answer is true.
",True,"Step-by-step analysis:

1. **Objective**: The research aims to accelerate ab initio predictions of properties in the configurational space of solid solutions using a combination of density functional theory and machine learning.
2. **Use of Explainable ML**: The study employs SHAP (SHapley Additive exPlanations) to analyze machine learning models.
3. **Insights from SHAP**:
   - Formation energy is influenced by variations in local crystal structure (single polyhedral environments).
   - Electronic bandgap is influenced by variations in more extended structural motifs.
4. **Understanding Underlying Processes**: The SHAP analysis provides insights into how specific structural variations affect formation energy and electronic bandgap, which are intrinsic properties of the material.

Conclusion: The explanations derived from SHAP help understand the underlying crystal chemistry processes, not just the model behavior.
",,True,"The researchers in the abstract are using explainable machine learning (XAI) to gain insights into the underlying physical properties of the material they are studying, specifically the formation energy and electronic bandgap of the cubic spinel nitride GeSn2N4. They apply SHAP analysis to understand how different structural configurations influence these properties, indicating that they are not merely using the model explanations for deployment or prediction purposes. Instead, they are leveraging the insights gained from the model to make claims about the relationship between local crystal structures and the properties of the material, which suggests a deeper understanding of the natural processes involved.

The use of terms like ""understand the crystal chemistry origins of the trends"" and ""identifying important configurations with extremal properties"" implies that the researchers are making new scientific claims based on the explanations provided by the model. This indicates that the explanations are being used to inform scientific discovery rather than just to validate the model's predictions.
",True,"Step 1: Identify the main goal of the research.
- The main goal is to accelerate the prediction of properties in the configurational space of solid solutions using a combination of density functional theory and machine learning.

Step 2: Determine the role of explainable machine learning (XAI) in the research.
- The researchers use SHAP analysis to understand how different configurations affect formation energy and electronic bandgap.

Step 3: Assess if the explanations are used to understand the model or the underlying natural processes.
- The SHAP analysis highlights how formation energy and electronic bandgap values are influenced by variations in local crystal structure and extended structural motifs, respectively.

Step 4: Evaluate if the researchers make new scientific claims based on the model explanations.
- The researchers use the SHAP analysis to identify important configurations with extremal properties and to construct structure-property maps. They also calculate accurate equilibrium properties using configurational averaging.

Step 5: Determine if the explanations are used for scientific discovery or model deployment.
- The researchers are using the SHAP analysis to make claims about the crystal chemistry origins of observed trends and to identify important configurations, which suggests they are using the explanations to understand natural processes and make scientific discoveries.
"
741,https://api.elsevier.com/content/abstract/scopus_id/85133894596,SCOPUS_ID:85133894596,2-s2.0-85133894596,Machine learning and symbolic regression for adsorption of atmospheric molecules on low-dimensional TiO<inf>2</inf>,Xie J.,Applied Surface Science,10.1016/j.apsusc.2022.153728,Journal,ar,Article,"The adsorption of atmospheric gas molecules and the low-dimensional TiO2 species are relevant for the atmospheric photochemistry and energy-related photoelectrochemistry. In this manuscript, an accurate and interpretable machine learning model for the adsorption energies of the atmospheric and green-house molecules on a representative low-dimensional TiO2 surface is constructed, while the symbolic regression based on the genetic algorithm is employed to automatically design relevant molecular descriptors for the target adsorption outputs. Different algorithms are compared and the random forest algorithm achieves highest accuracies (r = 0.98, MAE = 0.29 and R2 = 0.96) to describe the adsorption energies of the atmospheric gas/TiO2 interface subjected to various external electric fields. The scientific analysis is performed to visualize the relationships between the input features and output target, including the impacts of the elemental chemical compositions and external electric field of the atmospheric gases on the adsorption energies; the beneficial effects of the NH/OH groups in the atmospheric molecules for the surface adsorption and the negatively effects of the atomic van der Waals volumes as well as the number of the heavy atoms are revealed. Importantly, a highly relevant and chemical-aware hybrid molecular descriptor is automatically designed via the symbolic regression process, which complements the machine learning model. This study highlights the machine learning and symbolic regression for the fundamental understanding of the structural interactions between the gas molecules and the low-dimensional metal oxide surfaces.",True,"The abstract describes the use of machine learning and symbolic regression to analyze the adsorption of atmospheric molecules on TiO2 surfaces. It mentions that the model is interpretable and that scientific analysis is performed to visualize relationships between input features (like elemental compositions and external electric fields) and output targets (adsorption energies). The insights drawn from the analysis, such as the effects of specific molecular groups and atomic volumes on adsorption, indicate an understanding of the underlying chemical processes rather than just the model behavior.
",True,"Step-by-step analysis:

1. **Title Analysis**: The title mentions machine learning and symbolic regression for adsorption of atmospheric molecules on TiO2, suggesting a focus on understanding adsorption processes.

2. **Abstract Analysis**:
   - **Model Construction**: An interpretable machine learning model is constructed for adsorption energies.
   - **Symbolic Regression**: Used to design molecular descriptors relevant to adsorption.
   - **Algorithm Comparison**: Random forest achieves high accuracy.
   - **Scientific Analysis**: Relationships between input features (e.g., chemical compositions, external electric field) and adsorption energies are visualized.
   - **Insights**: 
     - NH/OH groups in atmospheric molecules benefit surface adsorption.
     - Atomic van der Waals volumes and number of heavy atoms negatively affect adsorption.
   - **Descriptor Design**: A chemical-aware hybrid molecular descriptor is designed via symbolic regression, complementing the ML model.

3. **Insight Evaluation**:
   - The insights about NH/OH groups, van der Waals volumes, and heavy atoms provide understanding of the adsorption process, not just the model behavior.
   - The designed molecular descriptor aids in understanding the chemical interactions at play.

Conclusion: The research uses explainable ML to understand the underlying adsorption processes.
",,True,"In the provided abstract, the researchers utilize machine learning and symbolic regression to model the adsorption energies of atmospheric gas molecules on TiO2 surfaces. They emphasize the interpretability of their model and perform a scientific analysis to visualize the relationships between input features (like elemental chemical compositions and external electric fields) and the output target (adsorption energies). 

The abstract indicates that the researchers are not merely using model explanations for deployment or prediction purposes; instead, they are leveraging these explanations to gain insights into the underlying chemical interactions and phenomena. They make specific claims about the impacts of certain molecular features on adsorption, which suggests that they are using the model explanations to enhance their understanding of the scientific processes involved.

Given this analysis, it is clear that the researchers are using the model explanations to contribute to scientific discovery rather than just for model interpretation or deployment.
",True,"Step-by-step analysis:

1. **Title and Abstract Overview**:
   - The title suggests a focus on machine learning and symbolic regression for understanding adsorption processes.
   - The abstract mentions constructing an interpretable machine learning model and using symbolic regression to design molecular descriptors.

2. **Model Performance**:
   - The random forest algorithm achieves high accuracy in predicting adsorption energies.
   - This indicates the model is effective in making predictions.

3. **Scientific Analysis**:
   - The abstract states that scientific analysis is performed to visualize relationships between input features and output targets.
   - Specific relationships are identified, such as the impact of elemental chemical compositions and external electric fields on adsorption energies.
   - The beneficial effects of NH/OH groups and the negative effects of atomic van der Waals volumes and heavy atoms are revealed.

4. **Symbolic Regression**:
   - Symbolic regression is used to design a hybrid molecular descriptor that is chemically relevant.
   - This descriptor complements the machine learning model, suggesting it has a role in understanding the underlying chemical interactions.

5. **Claims and Discoveries**:
   - The abstract explicitly mentions that the study highlights machine learning and symbolic regression for the fundamental understanding of structural interactions between gas molecules and metal oxide surfaces.
   - This indicates that the researchers are using the model explanations to make new scientific claims about the interactions.

Conclusion:
- The researchers are not just using the model explanations to aid in deploying their ML system and making predictions. They are explicitly using these explanations to understand natural processes and make new scientific claims about the adsorption phenomena.
"
751,https://api.elsevier.com/content/abstract/scopus_id/85140903977,SCOPUS_ID:85140903977,2-s2.0-85140903977,Explainable machine learning model for prediction of ground motion parameters with uncertainty quantification,Chen M.,Acta Geophysica Sinica,10.6038/cjg2022P0428,Journal,ar,Article,"Ground motion parameters prediction (peak ground acceleration, PGA and peak ground velocity, PGV) is of the essence in rescue efforts aftermath of earthquakes and seismic hazard analysis. As new developed approaches for predicting ground motion parameters, machine learning algorithms do have some advantages, but also have difficulties in estimating predictive uncertainties and interpreting machine learning models. In this study, we use the natural gradient boosting (NGBoost) algorithm to evaluate predictive uncertainties, and use the SHAP values to interpret trained machine learning models. Based on NGA-WEST2 database, we trained machine learning models which are suitable for predicting PGA and PGV in active tectonic regions. The correlation coefficients between the predicted PGA and PGV and observations in testing dataset reach up to 0.972 and 0.984, respectively. The trained machine learning models also provide reasonable probability distributions of predicted values. With the computed SHAP values, we figured out the influence of the input features (moment magnitude, MW; Joyner-Boore distance, Rjb; VS over top 30 m, VS30; rake angle, Rake; dip angle, Dip; depth to the top of fault, ZTOR; and depth to VS=2.5 km·s-1, Z2.5) on the outputs of machine learning models. According to the SHAP values of input parameters, we find that the predicting mechanisms of trained machine learning models make sense in physics which illustrates the machine learning models are reasonable. In addition, SHAP values also revealed some facts which are ignored in previous studies: (1) The SHAP values of ZTOR in general are low when the depths of rupture planes are shallow (ZTOR < ~5 km), indicating that the ground motions from ruptures in the shallow part of crust may be controlled by velocity strengthening and are systematically weaker.The SHAP values of ZTOR decrease with ZTOR, which indicate ground motions from ruptures in the shallow part of crust may also be affected by depth-varying geometrical attenuation; (2) When depths of ruptures are large (ZTOR > ~5 km), the SHAP values of ZTOR increase with ZTOR, which indicate ground motions from ruptures in the deep part of crust may highly be impacted by depth-varying stress drops or quality factors (Q); (3) The variations of SHAP values of Z2.5 are different for predictions of PGA and PGV when Z2.5 are low (Z2.5 < ~1 km), which indicate impacts of differences in resonance frequencies of sediments caused by variations of Z2.5 on PGA and PGV are different, since the frequencies of velocity and acceleration are different.",True,"1. The research uses SHAP values to interpret the influence of input features on the outputs of machine learning models predicting ground motion parameters.
2. The insights drawn from SHAP values include specific observations about how different parameters (like ZTOR and Z2.5) affect ground motion predictions, which are linked to physical phenomena (e.g., depth of rupture affecting ground motion strength).
3. The explanations provided by SHAP values reveal underlying processes related to ground motion, such as the impact of depth on ground motion characteristics and the role of geological factors.

Based on this analysis, the explanations do help understand underlying processes.
",True,"Step-by-step analysis:

1. **Objective**: The study aims to predict ground motion parameters (PGA and PGV) using machine learning and to interpret these predictions using SHAP values.
2. **Methodology**: The NGBoost algorithm is used for prediction, and SHAP values are used to interpret the model.
3. **SHAP Analysis**: The SHAP values are used to understand the influence of input features on the model's predictions.
4. **Insights from SHAP**:
   - **ZTOR**: Low SHAP values for shallow depths suggest weaker ground motions due to velocity strengthening and geometrical attenuation.
   - **ZTOR**: High SHAP values for greater depths suggest influence from depth-varying stress drops or quality factors.
   - **Z2.5**: Different SHAP value variations for PGA and PGV at low Z2.5 indicate different impacts due to resonance frequencies of sediments.

**Conclusion**: The SHAP values provide insights into the physical phenomena affecting ground motion parameters, such as velocity strengthening, geometrical attenuation, stress drops, and resonance frequencies. These insights go beyond merely explaining the model and help understand the underlying seismic processes.
",,True,"The researchers in this study utilize SHAP values to interpret their machine learning models and to understand the influence of various input features on the predicted ground motion parameters. They explicitly state that the SHAP values reveal insights that were previously ignored in other studies, such as the relationship between the depth of rupture planes and the characteristics of ground motion. This indicates that they are not merely using the explanations to understand the model's predictions but are also making new claims about the underlying physical processes that govern ground motion.

The findings suggest that the researchers are using the model explanations to draw conclusions about natural processes related to seismic activity, which goes beyond just model interpretation. They are making scientific claims based on the insights gained from the SHAP values, indicating a deeper understanding of the phenomena involved.

Therefore, the explanations are being used for scientific discovery.
",True,"Let's break down the abstract step by step:

1. **Purpose of the Study**: The study aims to predict ground motion parameters (PGA and PGV) using machine learning, specifically the NGBoost algorithm, and to interpret these models using SHAP values.

2. **Model Performance**: The researchers report high correlation coefficients between predicted and observed values, indicating good model performance.

3. **Uncertainty Quantification**: The study also focuses on providing reasonable probability distributions of predicted values, addressing the uncertainty in predictions.

4. **Use of SHAP Values**: The researchers use SHAP values to interpret the influence of input features on the model's outputs. They list several input features and discuss their impact on the predictions.

5. **Scientific Claims Based on SHAP Values**:
   - The researchers claim that the SHAP values make sense in terms of physics, suggesting that the model's predictions are reasonable.
   - They identify new insights that were previously ignored, such as the behavior of ground motions at different depths (ZTOR) and the impact of Z2.5 on PGA and PGV.

6. **New Scientific Insights**: The researchers explicitly state that SHAP values revealed new facts:
   - Ground motions from shallow ruptures may be controlled by velocity strengthening and geometrical attenuation.
   - Ground motions from deeper ruptures may be influenced by depth-varying stress drops or quality factors.
   - Differences in resonance frequencies of sediments affect PGA and PGV differently.

Given these points, the researchers are not merely using SHAP values to understand the model but are making new scientific claims based on these explanations. They are using the model explanations to gain insights into natural processes and scientific phenomena.
"
760,https://api.elsevier.com/content/abstract/scopus_id/85129753724,SCOPUS_ID:85129753724,2-s2.0-85129753724,Onset of heat transfer deterioration caused by pseudo-boiling in CO<inf>2</inf> laminar boundary layers,Longmire N.,International Journal of Heat and Mass Transfer,10.1016/j.ijheatmasstransfer.2022.122957,Journal,ar,Article,"In propulsion and power systems, operating pressures are increasing to improve cycle efficiency, often reaching conditions that approach or exceed the thermodynamic critical pressure of the working fluid. A known phenomenon that occurs at supercritical pressures is supercritical heat transfer deterioration (HTD). Although this phenomenon is well studied, there is still debate about the underlying physics. This paper studies pseudo boiling, the supercritical liquid–gas phase transition, as a possible mechanism that causes HTD, by means of computational fluid dynamics (CFD), boundary layer correlations, and thermodynamic analysis. To this end, we focus on forced laminar convection of supercritical CO2 over a flat plate, excluding alternative factors such as buoyancy or turbulence. In order to accurately represent the strongly non-linear near-critical fluid properties, we use tiny neural networks (TNN) in an interpretable machine learning approach. For use in CFD, TNN combine reference quality accuracy from look-up tables with the memory footprint of equations of state and curve fits. We demonstrate that pseudo boiling theory accurately indicates pressure and temperature regions susceptible to HTD. The simulations show the distinctive boiling curve, with a peak critical heatflux and a Leidenfrost minimum, demonstrating that pseudo boiling is, indeed, a sufficient physical mechanism to cause this effect, in absence of turbulence or boyancy. During HTD, we observe the formation of a supercritical gas film at the wall, with low density, low thermal conductivity, a high compressibility factor, and low viscosity. The boundary of the gaseous film is characterized by a peak in heat capacity, indicative of pseudo boiling, and a sudden transition to a dense supercritical liquid state. This suggests that the subcritical boiling crisis does have a direct representation at supercritical pressures through pseudo boiling, and that pseudo film boiling is a sufficient mechanism to cause HTD.",True,"The abstract describes a study that uses tiny neural networks (TNN) in an interpretable machine learning approach to represent the non-linear properties of supercritical CO2. The focus is on understanding the phenomenon of heat transfer deterioration (HTD) caused by pseudo boiling, rather than predicting outcomes. The use of TNN is aimed at accurately modeling the physical processes involved, and the results indicate specific pressure and temperature regions related to HTD, as well as the formation of a supercritical gas film. 

While the TNN is used in an interpretable manner, the explanations provided primarily serve to validate the physical mechanism of pseudo boiling and its role in HTD, rather than explaining the behavior of the model itself. The insights drawn from the model contribute to understanding the underlying physical processes involved in HTD.

True
",True,"Step-by-step analysis:

1. **Title and Abstract Overview**: The research focuses on understanding heat transfer deterioration (HTD) in supercritical CO2, specifically investigating pseudo boiling as a mechanism.

2. **Methods**: The study uses computational fluid dynamics (CFD), boundary layer correlations, and thermodynamic analysis. Tiny neural networks (TNN) are employed in an interpretable machine learning approach to accurately represent near-critical fluid properties.

3. **Role of TNN**: The TNNs are used to combine the accuracy of look-up tables with the efficiency of equations of state and curve fits. This suggests that TNNs are used to model fluid properties accurately within the CFD simulations.

4. **Insights and Explanations**: The abstract indicates that the study demonstrates pseudo boiling theory's accuracy in predicting regions susceptible to HTD. The simulations reveal the formation of a supercritical gas film and its characteristics, which are indicative of pseudo boiling.

5. **Understanding Underlying Processes**: The explanations provided by the study (e.g., the formation of a supercritical gas film, the peak in heat capacity, and the transition to a dense supercritical liquid state) help understand the physical mechanism of HTD, rather than just explaining the behavior of the TNN model.

Conclusion: The explanations help understand the underlying process of HTD through pseudo boiling.
",,True,"In the provided abstract, the researchers are investigating the phenomenon of heat transfer deterioration (HTD) in supercritical CO2 and are using tiny neural networks (TNN) in an interpretable machine learning approach to represent the non-linear properties of the fluid. The focus of their study is on understanding the physical mechanism of pseudo boiling and its role in HTD, rather than merely deploying a machine learning model for predictions.

The explanations derived from the TNN are used to support their claims about the physical mechanisms at play, such as the formation of a supercritical gas film and the characteristics of the boiling curve. They explicitly state that their findings demonstrate pseudo boiling as a sufficient mechanism for HTD, indicating that the model explanations are being used to draw conclusions about the underlying physical processes.

Since the researchers are using the model explanations to make new claims about the scientific phenomenon of pseudo boiling and its implications for HTD, this indicates that they are engaging in scientific discovery rather than just model deployment.
",True,"Step 1: Identify the main focus of the research.
- The research focuses on understanding the phenomenon of supercritical heat transfer deterioration (HTD) in CO2 laminar boundary layers.

Step 2: Determine the methods used.
- The researchers use computational fluid dynamics (CFD), boundary layer correlations, and thermodynamic analysis.
- They also use tiny neural networks (TNN) in an interpretable machine learning approach to represent non-linear near-critical fluid properties.

Step 3: Assess the role of machine learning in the study.
- TNNs are used to combine reference quality accuracy from look-up tables with the memory footprint of equations of state and curve fits.
- The TNNs are used within the CFD simulations to accurately represent fluid properties.

Step 4: Evaluate if the model explanations are used to understand natural processes or scientific phenomena.
- The researchers use the simulations to demonstrate that pseudo boiling theory accurately indicates pressure and temperature regions susceptible to HTD.
- They observe the formation of a supercritical gas film and characterize its properties, linking these observations to the pseudo boiling mechanism.
- The study makes new claims about the sufficiency of pseudo boiling as a mechanism for HTD, based on the simulation results.

Step 5: Determine if the researchers explicitly use model explanations to make new scientific claims.
- The researchers use the results from the simulations (which include the TNNs) to make new claims about the physical mechanism of HTD.
- They link the observed phenomena in the simulations directly to the underlying physics of pseudo boiling.

Conclusion: The researchers are using the model explanations to make new claims about the scientific phenomenon of HTD, suggesting that pseudo boiling is a sufficient mechanism to cause this effect.
"
761,https://api.elsevier.com/content/abstract/scopus_id/85126034005,SCOPUS_ID:85126034005,2-s2.0-85126034005,Drivers and forecasts of multiple waves of the coronavirus disease 2019 pandemic: A systematic analysis based on an interpretable machine learning framework,Cao Z.,Transboundary and Emerging Diseases,10.1111/tbed.14492,Journal,ar,Article,"Coronavirus disease 2019 (COVID-19) has become a global pandemic and continues to prevail with multiple rebound waves in many countries. The driving factors for the spread of COVID-19 and their quantitative contributions, especially to rebound waves, are not well studied. Multidimensional time-series data, including policy, travel, medical, socioeconomic, environmental, mutant and vaccine-related data, were collected from 39 countries up to 30 June 2021, and an interpretable machine learning framework (XGBoost model with Shapley Additive explanation interpretation) was used to systematically analyze the effect of multiple factors on the spread of COVID-19, using the daily effective reproduction number as an indicator. Based on a model of the pre-vaccine era, policy-related factors were shown to be the main drivers of the spread of COVID-19, with a contribution of 60.81%. In the post-vaccine era, the contribution of policy-related factors decreased to 28.34%, accompanied by an increase in the contribution of travel-related factors, such as domestic flights, and contributions emerged for mutant-related (16.49%) and vaccine-related (7.06%) factors. For single-peak countries, the dominant ones were policy-related factors during both the rising and fading stages, with overall contributions of 33.7% and 37.7%, respectively. For double-peak countries, factors from the rebound stage contributed 45.8% and policy-related factors showed the greatest contribution in both the rebound (32.6%) and fading (25.0%) stages. For multiple-peak countries, the Delta variant, domestic flights (current month) and the daily vaccination population are the three greatest contributors (8.12%, 7.59% and 7.26%, respectively). Forecasting models to predict the rebound risk were built based on these findings, with accuracies of 0.78 and 0.81 for the pre- and post-vaccine eras, respectively. These findings quantitatively demonstrate the systematic drivers of the spread of COVID-19, and the framework proposed in this study will facilitate the targeted prevention and control of the ongoing COVID-19 pandemic.",True,"The research abstract describes the use of an interpretable machine learning framework (specifically XGBoost with SHAP) to analyze the driving factors behind the spread of COVID-19. The authors identify and quantify the contributions of various factors (policy, travel, mutant, and vaccine-related) to the spread of the virus across different time periods and country types. The insights drawn from the SHAP analysis provide a clear understanding of how these factors influence the pandemic's dynamics, rather than merely explaining the behavior of the machine learning model itself.

Since the explanations derived from the model help to understand the underlying processes driving the spread of COVID-19, the answer is true.
",True,"Step-by-step analysis:

1. **Objective**: The study aims to identify and quantify the driving factors for the spread of COVID-19, particularly focusing on rebound waves.
2. **Data**: Multidimensional time-series data from 39 countries, including policy, travel, medical, socioeconomic, environmental, mutant, and vaccine-related data.
3. **Method**: An interpretable machine learning framework (XGBoost model with SHAP interpretation) is used.
4. **Findings**:
   - Pre-vaccine era: Policy-related factors are the main drivers (60.81% contribution).
   - Post-vaccine era: Policy-related factors' contribution decreases (28.34%), with increased contributions from travel, mutant, and vaccine-related factors.
   - Single-peak countries: Policy-related factors dominate both rising and fading stages.
   - Double-peak countries: Policy-related factors dominate both rebound and fading stages.
   - Multiple-peak countries: Delta variant, domestic flights, and daily vaccination population are significant contributors.
5. **Conclusion**: The study quantitatively demonstrates the systematic drivers of COVID-19 spread and suggests targeted prevention and control measures.

**Determination**:
- The study uses SHAP to explain the contributions of various factors to the spread of COVID-19.
- These explanations help understand the underlying processes driving the pandemic, not just the model's behavior.

**Final Answer**:",,True,"The researchers in the abstract are using an interpretable machine learning framework to analyze the factors driving the spread of COVID-19. They employ SHAP values to quantify the contributions of various factors, such as policy, travel, and vaccine-related data, to the effective reproduction number of the virus. The findings are presented in a way that highlights the systematic drivers of the pandemic, indicating that the researchers are making claims about the underlying natural processes influencing the spread of COVID-19.

The use of model explanations here goes beyond merely understanding the model itself; it is being used to derive insights about the pandemic's dynamics and to inform public health strategies. The researchers explicitly state how different factors contribute to the spread of the virus in different contexts (pre-vaccine vs. post-vaccine), which suggests that they are using these explanations to make new claims about the scientific phenomena at play.

Given this analysis, the explanations are being used for scientific discovery rather than just for model deployment.
",True,"Let's analyze the abstract step by step:

1. **Objective**: The study aims to identify the driving factors for the spread of COVID-19 and their quantitative contributions, especially to rebound waves.

2. **Data**: Multidimensional time-series data from 39 countries, including policy, travel, medical, socioeconomic, environmental, mutant, and vaccine-related data.

3. **Methodology**: An interpretable machine learning framework (XGBoost model with Shapley Additive explanation interpretation) is used to analyze the effect of multiple factors on the spread of COVID-19.

4. **Findings**:
   - **Pre-vaccine era**: Policy-related factors are the main drivers (60.81% contribution).
   - **Post-vaccine era**: Decrease in policy-related factors' contribution (28.34%), with increased contributions from travel-related, mutant-related, and vaccine-related factors.
   - **Single-peak countries**: Policy-related factors dominate both rising and fading stages.
   - **Double-peak countries**: Factors from the rebound stage and policy-related factors are significant.
   - **Multiple-peak countries**: Delta variant, domestic flights, and daily vaccination population are the greatest contributors.

5. **Forecasting Models**: Built to predict rebound risk with accuracies of 0.78 and 0.81 for pre- and post-vaccine eras, respectively.

6. **Conclusion**: The findings quantitatively demonstrate the systematic drivers of the spread of COVID-19, and the proposed framework will facilitate targeted prevention and control.

**Analysis**:
- The researchers use the model explanations (SHAP values) to identify and quantify the contributions of various factors to the spread of COVID-19.
- They make explicit claims about the importance of different factors in different eras and stages of the pandemic.
- The explanations are used to derive new insights about the drivers of COVID-19 spread, which are then used to inform forecasting models and targeted prevention strategies.

Given that the researchers are using the model explanations to make new claims about the driving factors of COVID-19 spread and their contributions, it appears they are using these explanations to understand natural processes and scientific phenomena.
"
770,https://api.elsevier.com/content/abstract/scopus_id/85136543897,SCOPUS_ID:85136543897,2-s2.0-85136543897,An Interpretable Machine-Learning Algorithm to Predict Disordered Protein Phase Separation Based on Biophysical Interactions,Cai H.,Biomolecules,10.3390/biom12081131,Journal,ar,Article,"Protein phase separation is increasingly understood to be an important mechanism of biological organization and biomaterial formation. Intrinsically disordered protein regions (IDRs) are often significant drivers of protein phase separation. A number of protein phase-separation-prediction algorithms are available, with many being specific for particular classes of proteins and others providing results that are not amenable to the interpretation of the contributing biophysical interactions. Here, we describe LLPhyScore, a new predictor of IDR-driven phase separation, based on a broad set of physical interactions or features. LLPhyScore uses sequence-based statistics from the RCSB PDB database of folded structures for these interactions, and is trained on a manually curated set of phase-separation-driving proteins with different negative training sets including the PDB and human proteome. Competitive training for a variety of physical chemical interactions shows the greatest contribution of solvent contacts, disorder, hydrogen bonds, pi–pi contacts, and kinked beta-structures to the score, with electrostatics, cation–pi contacts, and the absence of a helical secondary structure also contributing. LLPhyScore has strong phase-separation-prediction recall statistics and enables a breakdown of the contribution from each physical feature to a sequence’s phase-separation propensity, while recognizing the interdependence of many of these features. The tool should be a valuable resource for guiding experiments and providing hypotheses for protein function in normal and pathological states, as well as for understanding how specificity emerges in defining individual biomolecular condensates.",True,"The abstract describes a machine learning algorithm (LLPhyScore) that predicts disordered protein phase separation based on various biophysical interactions. It emphasizes the contributions of specific physical features (like solvent contacts, disorder, hydrogen bonds, etc.) to the prediction of phase separation propensity. The breakdown of contributions from each feature suggests that the model provides insights into the underlying biophysical interactions that drive protein phase separation, rather than merely explaining the model's behavior.

Since the explanations provided by LLPhyScore help to understand the underlying processes of protein phase separation, the answer is true.
",True,"Step-by-step analysis:

1. **Title Analysis**: The title mentions an interpretable machine-learning algorithm to predict disordered protein phase separation based on biophysical interactions. This suggests a focus on understanding the biophysical interactions driving the phenomenon.

2. **Abstract Analysis**:
   - **Introduction**: The abstract starts by discussing the importance of protein phase separation and the role of intrinsically disordered protein regions (IDRs).
   - **Algorithm Description**: LLPhyScore is introduced as a predictor based on physical interactions, using sequence-based statistics and trained on curated datasets.
   - **Feature Contribution**: The abstract details the contributions of various physical features (solvent contacts, disorder, hydrogen bonds, etc.) to the phase-separation score.
   - **Interpretability**: It mentions that LLPhyScore enables a breakdown of the contribution from each physical feature to a sequence’s phase-separation propensity.
   - **Application**: The tool is described as valuable for guiding experiments and providing hypotheses for protein function and understanding biomolecular condensates.

3. **Insight Extraction**:
   - The abstract indicates that the ML model (LLPhyScore) provides insights into the biophysical interactions (solvent contacts, disorder, hydrogen bonds, etc.) that drive protein phase separation.
   - These insights are derived from the model's interpretability, which breaks down the contribution of each feature to the phase-separation propensity.

4. **Conclusion**:
   - The explanations provided by LLPhyScore help understand the underlying biophysical processes driving protein phase separation, not just the model's behavior.
",,True,"The abstract describes the development of LLPhyScore, a machine-learning algorithm designed to predict IDR-driven protein phase separation based on various biophysical interactions. The researchers emphasize the interpretability of their model, highlighting how it breaks down the contributions of different physical features to the prediction of phase-separation propensity. They mention that the tool can guide experiments and provide hypotheses for protein function, indicating that the explanations derived from the model are being used to inform scientific understanding and experimental design.

The researchers are not merely using the model explanations to improve the deployment of their ML system; they are leveraging these explanations to make claims about the underlying biological processes and to generate hypotheses regarding protein function in both normal and pathological states. This suggests that the explanations are contributing to scientific discovery rather than just model interpretation.
",True,"Step 1: Identify the purpose of the study.
- The study aims to predict disordered protein phase separation based on biophysical interactions using a machine-learning algorithm called LLPhyScore.

Step 2: Determine the role of model explanations.
- The abstract mentions that LLPhyScore enables a breakdown of the contribution from each physical feature to a sequence’s phase-separation propensity.
- It also states that the tool should be valuable for guiding experiments and providing hypotheses for protein function in normal and pathological states.

Step 3: Assess if the explanations are used to understand the model or the underlying data.
- The researchers describe the contributions of various physical interactions (e.g., solvent contacts, disorder, hydrogen bonds) to the phase-separation score.
- They mention that these insights can guide experiments and provide hypotheses, suggesting that they are using the model explanations to infer something about the biological processes.

Step 4: Evaluate if new scientific claims are made based on model explanations.
- The abstract does not explicitly state new scientific discoveries or claims about the natural processes based solely on the model explanations.
- However, it implies that the breakdown of physical features' contributions can help in understanding protein function and specificity in biomolecular condensates.

Conclusion:
- The researchers are using model explanations to infer potential biophysical interactions and guide further scientific inquiry, which suggests they are using the explanations to understand natural processes.
"
776,https://api.elsevier.com/content/abstract/scopus_id/85144762954,SCOPUS_ID:85144762954,2-s2.0-85144762954,Mechanistic Insights into Enzyme Catalysis from Explaining Machine-Learned Quantum Mechanical and Molecular Mechanical Minimum Energy Pathways,Song Z.,ACS Physical Chemistry Au,10.1021/acsphyschemau.2c00005,Journal,ar,Article,"With the increasing popularity of machine learning (ML) applications, the demand for explainable artificial intelligence techniques to explain ML models developed for computational chemistry has also emerged. In this study, we present the development of the Boltzmann-weighted cumulative integrated gradients (BCIG) approach for effective explanation of mechanistic insights into ML models trained on high-level quantum mechanical and molecular mechanical (QM/MM) minimum energy pathways. Using the acylation reactions of the Toho-1 β-lactamase and two antibiotics (ampicillin and cefalexin) as the model systems, we show that the BCIG approach could quantitatively attribute the energetic contribution in one system and the relative reactivity of individual steps across different systems to specific chemical processes such as the bond making/breaking and proton transfers. The proposed BCIG contribution attribution method quantifies chemistry-interpretable insights in terms of contributions from each elementary chemical process, which is in agreement with the validating QM/MM calculations and our intuitive mechanistic understandings of the model reactions.",True,"The abstract describes the development of a method (BCIG) that provides mechanistic insights into enzyme catalysis by attributing energetic contributions and reactivity to specific chemical processes. The focus is on understanding the underlying chemical mechanisms (bond making/breaking and proton transfers) rather than merely explaining the behavior of the ML model itself. The insights drawn from the ML model are aimed at elucidating the actual chemical processes involved in the reactions studied.
",True,"Step-by-step analysis:

1. **Title Analysis**: The title mentions ""Mechanistic Insights into Enzyme Catalysis"" and ""Explaining Machine-Learned Quantum Mechanical and Molecular Mechanical Minimum Energy Pathways,"" suggesting a focus on understanding enzyme catalysis through ML explanations.

2. **Abstract Analysis**:
   - **Objective**: The study aims to develop the Boltzmann-weighted cumulative integrated gradients (BCIG) approach to explain ML models trained on QM/MM minimum energy pathways.
   - **Application**: The BCIG approach is applied to acylation reactions of the Toho-1 β-lactamase and antibiotics.
   - **Insights**: The BCIG approach attributes energetic contributions and relative reactivity to specific chemical processes (bond making/breaking, proton transfers).
   - **Validation**: The insights are validated against QM/MM calculations and align with intuitive mechanistic understandings.

3. **Insight Analysis**:
   - The BCIG method provides quantitative attributions to specific chemical processes.
   - These attributions are chemistry-interpretable and align with known mechanistic understandings.

Conclusion: The explanations provided by the BCIG method help understand the underlying chemical processes, not just the ML model.
",,True,"The researchers in this study are using the Boltzmann-weighted cumulative integrated gradients (BCIG) approach to provide mechanistic insights into enzyme catalysis, specifically focusing on the acylation reactions of β-lactamase and antibiotics. They claim that their method quantitatively attributes energetic contributions and relative reactivity to specific chemical processes, such as bond making/breaking and proton transfers. This indicates that they are not merely using the explanations to understand the model itself but are leveraging these insights to draw conclusions about the underlying chemical processes involved in the reactions.

The abstract emphasizes that the BCIG method provides chemistry-interpretable insights that align with established quantum mechanical/molecular mechanical (QM/MM) calculations and intuitive mechanistic understandings. This suggests that the researchers are making new claims about the natural processes involved in enzyme catalysis, rather than just focusing on the performance or interpretability of their machine learning model.

Given this analysis, the explanations are being used for scientific discovery rather than just model understanding.
",True,"Step-by-step analysis:

1. **Title Analysis**: The title suggests that the study aims to gain mechanistic insights into enzyme catalysis by explaining machine-learned pathways. This already hints at an attempt to understand natural processes.

2. **Abstract Analysis**:
   - **Introduction**: The abstract begins by discussing the need for explainable AI in computational chemistry, which is a common preamble for studies aiming to understand models.
   - **Methodology**: The BCIG approach is introduced as a method for explaining ML models trained on QM/MM pathways. This indicates that the primary focus is on explaining the model.
   - **Application**: The researchers apply the BCIG approach to acylation reactions of Toho-1 β-lactamase and antibiotics. They claim that BCIG can quantitatively attribute energetic contributions and relative reactivity to specific chemical processes.
   - **Validation**: The explanations provided by BCIG are validated against QM/MM calculations and align with intuitive mechanistic understandings. This suggests that the explanations are not only model-centric but also provide insights that are consistent with established scientific knowledge.

3. **Claims**: The researchers claim that the BCIG method quantifies chemistry-interpretable insights and that these insights are in agreement with validating calculations and intuitive mechanistic understandings. This implies that the explanations are being used to make new claims about the chemical processes.

4. **Conclusion**: The abstract indicates that the researchers are using the model explanations to gain mechanistic insights into enzyme catalysis, which goes beyond merely understanding the model and extends into understanding the underlying natural processes.

Given the detailed steps and the explicit use of model explanations to make new claims about chemical processes, it is clear that the researchers are using these explanations for scientific discovery.
"
796,https://api.elsevier.com/content/abstract/scopus_id/85129750017,SCOPUS_ID:85129750017,2-s2.0-85129750017,Automated interpretable discovery of heterogeneous treatment effectiveness: A COVID-19 case study,Lengerich B.J.,Journal of Biomedical Informatics,10.1016/j.jbi.2022.104086,Journal,ar,Article,"Testing multiple treatments for heterogeneous (varying) effectiveness with respect to many underlying risk factors requires many pairwise tests; we would like to instead automatically discover and visualize patient archetypes and predictors of treatment effectiveness using multitask machine learning. In this paper, we present a method to estimate these heterogeneous treatment effects with an interpretable hierarchical framework that uses additive models to visualize expected treatment benefits as a function of patient factors (identifying personalized treatment benefits) and concurrent treatments (identifying combinatorial treatment benefits). This method achieves state-of-the-art predictive power for COVID-19 in-hospital mortality and interpretable identification of heterogeneous treatment benefits. We first validate this method on the large public MIMIC-IV dataset of ICU patients to test recovery of heterogeneous treatment effects. Next we apply this method to a proprietary dataset of over 3000 patients hospitalized for COVID-19, and find evidence of heterogeneous treatment effectiveness predicted largely by indicators of inflammation and thrombosis risk: patients with few indicators of thrombosis risk benefit most from treatments against inflammation, while patients with few indicators of inflammation risk benefit most from treatments against thrombosis. This approach provides an automated methodology to discover heterogeneous and individualized effectiveness of treatments.",True,"The research abstract describes a method for discovering and visualizing heterogeneous treatment effectiveness using an interpretable hierarchical framework. The focus is on identifying patient archetypes and predictors of treatment effectiveness, which suggests that the insights drawn are aimed at understanding the underlying processes related to treatment effectiveness rather than merely explaining the behavior of the machine learning model itself. The findings highlight how different patient factors influence treatment benefits, indicating a deeper understanding of the underlying phenomena related to COVID-19 treatment effectiveness.
",True,"Step-by-step analysis:

1. **Objective**: The research aims to discover and visualize patient archetypes and predictors of treatment effectiveness using multitask machine learning.
2. **Method**: Uses an interpretable hierarchical framework with additive models to visualize expected treatment benefits as a function of patient factors and concurrent treatments.
3. **Validation**: The method is validated on a public dataset (MIMIC-IV) and applied to a proprietary dataset of COVID-19 patients.
4. **Findings**: Evidence of heterogeneous treatment effectiveness is found, largely predicted by indicators of inflammation and thrombosis risk.
5. **Insights**: Patients with few indicators of thrombosis risk benefit most from anti-inflammation treatments, while those with few indicators of inflammation risk benefit most from anti-thrombosis treatments.

**Conclusion**: The explanations provided by the model help understand the underlying process of treatment effectiveness in relation to patient-specific factors, not just the model behavior.
",,True,"The researchers in this study are using their machine learning model to identify and visualize heterogeneous treatment effects based on patient factors. They employ an interpretable hierarchical framework that allows them to understand how different predictors influence treatment effectiveness. The abstract indicates that they are not only focused on the predictive power of their model but also on the interpretation of the results, specifically how certain risk factors (inflammation and thrombosis) relate to treatment benefits for different patient archetypes.

The explanations provided by the model are used to make new claims about the nature of treatment effectiveness in relation to specific patient characteristics. This suggests that the researchers are leveraging the model explanations to gain insights into the underlying biological processes and treatment responses, which aligns with scientific discovery.

Therefore, the explanations are not limited to aiding in model deployment or prediction; they are being used to derive new scientific insights about treatment effectiveness in COVID-19 patients.
",True,"Step 1: **Understanding the Abstract**  
The abstract describes a method to estimate heterogeneous treatment effects using a hierarchical framework with additive models. The goal is to visualize expected treatment benefits based on patient factors and concurrent treatments. The method is validated on a public dataset and then applied to a proprietary dataset of COVID-19 patients.

Step 2: **Identifying the Use of Model Explanations**  
The researchers use the model to visualize treatment benefits as a function of patient factors and concurrent treatments. They claim to identify personalized and combinatorial treatment benefits, and they find evidence of heterogeneous treatment effectiveness based on indicators of inflammation and thrombosis risk.

Step 3: **Determining the Purpose of Model Explanations**  
The explanations are used to identify which patient archetypes benefit most from specific treatments. The researchers claim to find evidence of heterogeneous treatment effectiveness, which suggests they are using the model explanations to make new claims about treatment effectiveness based on patient characteristics.

Step 4: **Evaluating the Claims**  
The researchers are not merely using the model explanations to aid in deploying their ML system or making predictions. They are explicitly using the explanations to make new claims about the effectiveness of treatments for different patient groups, which implies they are using the model explanations to understand natural processes or scientific phenomena.

Conclusion: The researchers are using model explanations to make new scientific claims about treatment effectiveness based on patient characteristics, which goes beyond merely understanding the model.
"
800,https://api.elsevier.com/content/abstract/scopus_id/85130336461,SCOPUS_ID:85130336461,2-s2.0-85130336461,Essential Regression: A generalizable framework for inferring causal latent factors from multi-omic datasets,Bing X.,Patterns,10.1016/j.patter.2022.100473,Journal,ar,Article,"High-dimensional cellular and molecular profiling of biological samples highlights the need for analytical approaches that can integrate multi-omic datasets to generate prioritized causal inferences. Current methods are limited by high dimensionality of the combined datasets, the differences in their data distributions, and their integration to infer causal relationships. Here, we present Essential Regression (ER), a novel latent-factor-regression-based interpretable machine-learning approach that addresses these problems by identifying latent factors and their likely cause-effect relationships with system-wide outcomes/properties of interest. ER can integrate many multi-omic datasets without structural or distributional assumptions regarding the data. It outperforms a range of state-of-the-art methods in terms of prediction. ER can be coupled with probabilistic graphical modeling, thereby strengthening the causal inferences. The utility of ER is demonstrated using multi-omic system immunology datasets to generate and validate novel cellular and molecular inferences in a wide range of contexts including immunosenescence and immune dysregulation.",True,"The abstract describes a method called Essential Regression (ER) that aims to infer causal latent factors from multi-omic datasets. It emphasizes the identification of latent factors and their cause-effect relationships with system-wide outcomes, which suggests a focus on understanding underlying biological processes rather than merely explaining model behavior. The mention of generating and validating novel cellular and molecular inferences indicates that the approach is used to derive insights into biological phenomena, rather than just to interpret the machine learning model itself.

Thus, the explanations provided by ER help in understanding the underlying processes in the context of biological systems.
",True,"Step-by-step analysis:

1. **Title Analysis**:
   - The title mentions ""inferring causal latent factors,"" which suggests a focus on understanding underlying processes rather than just prediction.

2. **Abstract Analysis**:
   - The abstract describes ""Essential Regression (ER)"" as a method for identifying latent factors and their cause-effect relationships with system-wide outcomes.
   - It emphasizes the integration of multi-omic datasets to generate prioritized causal inferences.
   - The abstract mentions that ER can be coupled with probabilistic graphical modeling to strengthen causal inferences.
   - The utility of ER is demonstrated in generating and validating novel cellular and molecular inferences.

3. **Key Points**:
   - The focus is on identifying latent factors and their causal relationships, which implies understanding underlying biological processes.
   - The method is used to generate and validate novel inferences in biological contexts, indicating that the insights are about the underlying phenomena.

4. **Conclusion**:
   - The explanations provided by ER are used to understand underlying biological processes, not just the model behavior.
",,True,"The abstract describes a framework called Essential Regression (ER) that aims to infer causal latent factors from multi-omic datasets. The researchers emphasize the ability of ER to identify latent factors and their causal relationships with system-wide outcomes, which suggests a focus on understanding biological processes rather than merely improving model performance. They mention that ER can integrate various datasets and outperform existing methods, indicating that while model performance is a consideration, the primary goal appears to be generating and validating novel biological inferences.

The use of terms like ""causal inferences,"" ""novel cellular and molecular inferences,"" and the application to specific biological contexts (immunosenescence and immune dysregulation) implies that the researchers are leveraging the model explanations to make new claims about natural processes. This suggests that the explanations are not just for understanding the model but are being used to contribute to scientific discovery.

Therefore, the explanations provided by the model are being used to derive insights into biological phenomena, indicating a focus on scientific discovery.
",True,"Step 1: Identify the purpose of the study.
- The study aims to develop a framework called Essential Regression (ER) for inferring causal latent factors from multi-omic datasets.

Step 2: Determine the role of the machine learning model.
- ER is described as a latent-factor-regression-based interpretable machine-learning approach that integrates multi-omic datasets to identify latent factors and their cause-effect relationships with system-wide outcomes.

Step 3: Assess the use of model explanations.
- The abstract mentions that ER can be coupled with probabilistic graphical modeling to strengthen causal inferences.
- The utility of ER is demonstrated by generating and validating novel cellular and molecular inferences in contexts like immunosenescence and immune dysregulation.

Step 4: Evaluate if the explanations are used for scientific discovery.
- The abstract explicitly states that ER is used to generate and validate novel cellular and molecular inferences, which implies that the model explanations are being used to make new scientific claims about biological processes.

Conclusion: The researchers are using the model explanations to understand natural processes and make new scientific discoveries.
"
806,https://api.elsevier.com/content/abstract/scopus_id/85116632644,SCOPUS_ID:85116632644,2-s2.0-85116632644,Interpretable data-driven methods for subgrid-scale closure in LES for transcritical LOX/GCH4 combustion,Chung W.T.,Combustion and Flame,10.1016/j.combustflame.2021.111758,Journal,ar,Article,"Although data-driven methods have shown high accuracy as closure models for simulating turbulent flames, these models are often criticized for lack of physical interpretability, wherein they provide answers but no insight into their underlying rationale. In this work, we show that two interpretable machine learning algorithms, namely the random forest regressor and the sparse symbolic regression, can offer opportunities for discovering analytic expressions for subgrid-scale (SGS) terms of a turbulent transcritical flame. These transcritical conditions are found in various combustion systems that operate under high pressures that surpass the thermodynamic critical limit of fuel-oxidizer mixtures, and require the consideration of complex fluid behaviors that can cast doubts on the validity of existing subgrid-scale (SGS) models in large-eddy simulations. To this end, direct numerical simulations (DNS) of transcritical liquid-oxygen/gaseous-methane (LOX/GCH4) inert and reacting flows are performed. Using this data, a priori analysis is performed on the Favre-filtered DNS data to compare the accuracy of random forest SGS-models with conventional physics-based SGS-models. SGS stresses calculated with the gradient model are shown to have good agreement with the exact terms extracted from filtered DNS. Results demonstrate that random forests can perform as effectively as algebraic models when modeling subgrid stresses, when trained on a sufficiently representative database and with a suitable choice of the feature set. The employment of the random forest feature importance score is shown to enable the discovery of a analytic model for subgrid-scale stresses through sparse symbolic regression. The generalizability of random forest and sparse symbolic regression is demonstrated by modeling the subgrid-scale temperature, a term that arises from filtering the non-linear real-fluid equation-of-state, with good accuracy.",True,"The abstract discusses the use of interpretable machine learning algorithms, specifically random forest regressor and sparse symbolic regression, to derive analytic expressions for subgrid-scale (SGS) terms in turbulent combustion. The focus is on discovering these expressions rather than merely predicting outcomes. The use of feature importance scores from the random forest model is highlighted as a means to uncover underlying relationships in the data, which contributes to understanding the physical processes involved in the combustion system. The results indicate that these methods can provide insights into the SGS stresses and temperature, which are critical for modeling turbulent flames.

The explanations provided by the interpretable machine learning methods do help in understanding the underlying processes of the combustion phenomena, rather than just explaining the model behavior.
",True,"Step-by-step analysis:

1. **Objective**: The research aims to use interpretable machine learning algorithms to discover analytic expressions for subgrid-scale (SGS) terms in turbulent transcritical flames.
2. **Methods**: The study employs random forest regressors and sparse symbolic regression to analyze data from direct numerical simulations (DNS) of transcritical LOX/GCH4 flows.
3. **Comparison**: The accuracy of random forest SGS-models is compared with conventional physics-based SGS-models.
4. **Feature Importance**: The random forest feature importance score is used to discover an analytic model for subgrid-scale stresses through sparse symbolic regression.
5. **Generalizability**: The study demonstrates the generalizability of these models by accurately modeling the subgrid-scale temperature.

**Insight into Underlying Processes**:
- The use of random forest feature importance and sparse symbolic regression to derive analytic expressions suggests that the study is not just explaining the model but is also providing insights into the underlying physical processes of subgrid-scale stresses and temperature in turbulent transcritical flames.

**Conclusion**:
- The explanations derived from the ML models help understand the underlying physical processes, not just the model behavior.
",,True,"In the provided abstract, the researchers are utilizing interpretable machine learning algorithms to derive analytic expressions for subgrid-scale (SGS) terms in turbulent combustion modeling. They emphasize the importance of physical interpretability and aim to bridge the gap between data-driven methods and traditional physics-based models. The use of random forest feature importance scores and sparse symbolic regression indicates that they are not merely using these models for prediction but are actively seeking to understand and derive new insights about the underlying physical processes governing turbulent flames.

The researchers explicitly mention the discovery of analytic models for SGS stresses, which suggests that they are using the model explanations to make new claims about the physical phenomena involved in transcritical combustion. This indicates a clear intent to contribute to scientific understanding rather than just improving model performance.

Given this analysis, the explanations provided by the machine learning models are being used for scientific discovery.
",True,"Let's break down the abstract step by step:

1. **Introduction to the Problem**: The abstract begins by discussing the challenge of physical interpretability in data-driven models for simulating turbulent flames. This sets the stage for the need for interpretable machine learning methods.

2. **Methods Used**: The researchers employ two interpretable machine learning algorithms: random forest regressor and sparse symbolic regression. These methods are chosen for their potential to discover analytic expressions for subgrid-scale (SGS) terms in turbulent transcritical flames.

3. **Context and Importance**: The study focuses on transcritical conditions in combustion systems, which involve complex fluid behaviors. This complexity casts doubt on existing SGS models, highlighting the need for new approaches.

4. **Data and Analysis**: Direct numerical simulations (DNS) are performed, and a priori analysis is conducted on the Favre-filtered DNS data. The accuracy of random forest SGS-models is compared with conventional physics-based SGS-models.

5. **Results**: The results show that random forests can perform as effectively as algebraic models when modeling subgrid stresses. The feature importance score from the random forest is used to discover an analytic model for subgrid-scale stresses through sparse symbolic regression.

6. **Generalizability**: The generalizability of the models is demonstrated by accurately modeling the subgrid-scale temperature, a term arising from the non-linear real-fluid equation-of-state.

**Key Points for Determination**:
- The researchers use the random forest feature importance score to discover an analytic model for subgrid-scale stresses.
- They claim that sparse symbolic regression can lead to the discovery of analytic expressions for SGS terms.
- The abstract suggests that these methods are not just aiding in model deployment but are being used to derive new scientific insights (analytic expressions) about the SGS terms in turbulent transcritical flames.

Given these points, the researchers are explicitly using model explanations to make new claims about the underlying scientific phenomena (SGS terms in turbulent transcritical flames).

**Conclusion**: The explanations are being used for scientific discovery.
"
809,https://api.elsevier.com/content/abstract/scopus_id/85125222918,SCOPUS_ID:85125222918,2-s2.0-85125222918,Evaluating and elucidating the reactivity of OH radicals with atmospheric organic pollutants: Reaction kinetics and mechanisms by machine learning,Sanches-Neto F.O.,Atmospheric Environment,10.1016/j.atmosenv.2022.119019,Journal,ar,Article,"The rate constants of the reactions of OH radicals with atmospheric organic pollutants (AOPs) are crucial physicochemical parameters to guide in the elucidation of the kinetics and mechanisms of the reactive landscape. The experimental and theoretical difficulties in revealing the reactivity of these degradation processes motivated us to develop a protocol based on machine learning combining molecular fingerprints to estimate their rate constants. The present workflow is based on Organization for Economic Cooperation and Development (OECD) guidelines and state-of-the-art techniques involving (i) data collection including 903 AOPs cataloged in the literature, (ii) pre-processing and structuring of data, (iii) development of models based on three machine learning algorithms, (iv) the standard reference of validation, and (v) mechanistic interpretation. The results show that the built model has a high predictive capacity – Rcv2 > 0.959 and RMSEcv < 0.090 for the training set and Rext2 and Qext2 > 0.889 and RMSEext < 0.084 for the test set. Additionally, through the SHapley Additive exPlanations (SHAP) method, it was possible to establish insight into the contribution of chemical classes to reaction kinetics and mechanism and to discuss it consistently with current experimental and theoretical observations. The availability of the evaluated reaction rate constants permitted to elucidate the role of AOPs in the photochemical ozone balance. Finally, to disseminate use of our results, we have presented them in a user-friendly web application that permits compilation of kinetic parameters, and that permits future implementations to account for the temperature dependence in the environmental relevant range, and the consideration of a wider class of chemicals and processes in the mechanistic networks of atmospheric reactivity.",True,"The abstract describes a study that uses machine learning to estimate the rate constants of reactions involving OH radicals and atmospheric organic pollutants. The use of SHAP is mentioned to provide insights into the contribution of chemical classes to reaction kinetics and mechanisms. This suggests that the explanations derived from the SHAP method are aimed at understanding the underlying chemical processes rather than merely explaining the model's behavior. The insights gained are linked to current experimental and theoretical observations, indicating that the explanations help elucidate the reactivity and mechanisms involved.
",True,"Step-by-step analysis:

1. **Title Analysis**: The title suggests the study is focused on understanding the reactivity of OH radicals with atmospheric organic pollutants using machine learning.
2. **Abstract Analysis**:
   - **Objective**: The study aims to elucidate the kinetics and mechanisms of reactions involving OH radicals and atmospheric organic pollutants.
   - **Methodology**: Machine learning models are developed to estimate reaction rate constants.
   - **Validation**: The model's predictive capacity is validated with high accuracy metrics.
   - **SHAP Method**: SHAP is used to gain insights into the contribution of chemical classes to reaction kinetics and mechanisms.
   - **Insights**: The study discusses the insights from SHAP in the context of current experimental and theoretical observations.
   - **Outcome**: The evaluated reaction rate constants help elucidate the role of AOPs in the photochemical ozone balance.

3. **Insight Analysis**:
   - The use of SHAP is explicitly mentioned to establish insights into the contribution of chemical classes to reaction kinetics and mechanisms.
   - These insights are discussed in relation to experimental and theoretical observations, indicating that the explanations help understand the underlying processes.

Conclusion: The explanations provided by the SHAP method in this research help understand the underlying processes of reaction kinetics and mechanisms, not just the model behavior.
",,True,"The researchers in the abstract are using machine learning to estimate the rate constants of reactions involving OH radicals and atmospheric organic pollutants. They mention using SHAP to gain insights into the contributions of different chemical classes to reaction kinetics and mechanisms. This suggests that they are not merely using SHAP for model validation or deployment but are actively interpreting the results in the context of existing experimental and theoretical observations. They also claim that their findings help elucidate the role of AOPs in the photochemical ozone balance, which indicates a scientific discovery aspect.

The use of SHAP in this context appears to go beyond just understanding the model; it is being used to derive insights that contribute to the understanding of natural processes and chemical mechanisms. Therefore, the explanations provided by the model are being used to make new claims about the underlying scientific phenomena.
",True,"Step-by-step analysis:

1. **Title Analysis**: The title suggests that the study is focused on understanding the reactivity of OH radicals with atmospheric organic pollutants using machine learning. This indicates a potential interest in scientific phenomena.

2. **Abstract Breakdown**:
   - **Objective**: The study aims to estimate the rate constants of reactions between OH radicals and atmospheric organic pollutants using machine learning.
   - **Methodology**: The researchers use a combination of molecular fingerprints and machine learning algorithms to develop predictive models. They follow OECD guidelines and employ state-of-the-art techniques.
   - **Results**: The model shows high predictive capacity with strong validation metrics.
   - **SHAP Method**: The researchers use SHAP to gain insight into the contribution of chemical classes to reaction kinetics and mechanisms. They discuss these insights in the context of current experimental and theoretical observations.
   - **Application**: The results are presented in a web application for broader use and future implementations.

3. **Model Explanations**:
   - The use of SHAP is explicitly mentioned to establish insight into the contribution of chemical classes to reaction kinetics and mechanisms.
   - The insights are discussed in relation to current experimental and theoretical observations, suggesting an attempt to align model explanations with known scientific phenomena.

4. **New Claims**:
   - The abstract mentions that the availability of evaluated reaction rate constants helps elucidate the role of AOPs in the photochemical ozone balance. This indicates that the researchers are using the model's outputs to make claims about natural processes.

5. **Conclusion**:
   - The researchers are not just using the model explanations to aid in deploying their ML system or making predictions. They are explicitly using these explanations to understand and make claims about the underlying scientific phenomena, such as the role of AOPs in the photochemical ozone balance.

Based on the detailed analysis, it is clear that the researchers are using model explanations to make new scientific claims.
"
811,https://api.elsevier.com/content/abstract/scopus_id/85132266346,SCOPUS_ID:85132266346,2-s2.0-85132266346,Exploring kinase family inhibitors and their moiety preferences using deep SHapley additive exPlanations,Fan Y.W.,BMC Bioinformatics,10.1186/s12859-022-04760-5,Journal,ar,Article,"Background: While it has been known that human protein kinases mediate most signal transductions in cells and their dysfunction can result in inflammatory diseases and cancers, it remains a challenge to find effective kinase inhibitor as drugs for these diseases. One major challenge is the compensatory upregulation of related kinases following some critical kinase inhibition. To circumvent the compensatory effect, it is desirable to have inhibitors that inhibit all the kinases belonging to the same family, instead of targeting only a few kinases. However, finding inhibitors that target a whole kinase family is laborious and time consuming in wet lab. Results: In this paper, we present a computational approach taking advantage of interpretable deep learning models to address this challenge. Specifically, we firstly collected 9,037 inhibitor bioassay results (with 3991 active and 5046 inactive pairs) for eight kinase families (including EGFR, Jak, GSK, CLK, PIM, PKD, Akt and PKG) from the ChEMBL25 Database and the Metz Kinase Profiling Data. We generated 238 binary moiety features for each inhibitor, and used the features as input to train eight deep neural networks (DNN) models to predict whether an inhibitor is active for each kinase family. We then employed the SHapley Additive exPlanations (SHAP) to analyze the importance of each moiety feature in each classification model, identifying moieties that are in the common kinase hinge sites across the eight kinase families, as well as moieties that are specific to some kinase families. We finally validated these identified moieties using experimental crystal structures to reveal their functional importance in kinase inhibition. Conclusion: With the SHAP methodology, we identified two common moieties for eight kinase families, 9 EGFR-specific moieties, and 6 Akt-specific moieties, that bear functional importance in kinase inhibition. Our result suggests that SHAP has the potential to help finding effective pan-kinase family inhibitors.",True,"1. The research uses SHAP to analyze the importance of moiety features in predicting kinase inhibitor activity.
2. The insights drawn from SHAP include identifying common and specific moieties that are functionally important in kinase inhibition.
3. These insights help understand the underlying biological processes related to kinase inhibition rather than just explaining the model's behavior.

True
",True,"Step-by-step analysis:

1. **Objective**: The research aims to find effective kinase inhibitors that target entire kinase families to circumvent compensatory upregulation.
2. **Data and Methods**: The study uses bioassay results and binary moiety features to train deep neural networks (DNN) for predicting inhibitor activity across eight kinase families.
3. **Use of SHAP**: SHAP is employed to analyze the importance of each moiety feature in the DNN models.
4. **Insights from SHAP**: The SHAP analysis identifies moieties that are common across kinase families and those specific to certain families.
5. **Validation**: The identified moieties are validated using experimental crystal structures to confirm their functional importance in kinase inhibition.

**Conclusion**: The research uses SHAP not just to explain the model's behavior but to derive insights into the functional importance of specific moieties in kinase inhibition, which helps understand the underlying biological process.
",,True,"In the provided abstract, the researchers utilize SHAP to analyze the importance of moiety features in their classification models for predicting kinase inhibitor activity. They identify common and specific moieties associated with different kinase families, which they then validate through experimental crystal structures. This indicates that the explanations derived from the model are not merely used to understand the model's predictions but are actively contributing to the understanding of the underlying biological processes related to kinase inhibition.

The researchers make new claims about the functional importance of specific moieties in kinase inhibition based on their findings from the SHAP analysis. This suggests that the explanations are being used to derive insights into the natural processes of kinase interactions and inhibitor design, rather than just for model interpretability.

Given this analysis, the use of SHAP in this context is aimed at scientific discovery, as it leads to new insights about the biological mechanisms involved in kinase inhibition.
",True,"Step-by-step analysis:

1. **Background and Challenge**: The abstract begins by discussing the biological significance of human protein kinases and the challenge of finding effective kinase inhibitors due to compensatory upregulation.

2. **Computational Approach**: The researchers describe their computational approach, which involves collecting bioassay results and generating binary moiety features for inhibitors. They train deep neural networks (DNN) to predict inhibitor activity for different kinase families.

3. **Use of SHAP**: The researchers employ SHapley Additive exPlanations (SHAP) to analyze the importance of each moiety feature in the classification models. This step is crucial as it aims to identify moieties that are common or specific to certain kinase families.

4. **Validation**: The identified moieties are validated using experimental crystal structures to reveal their functional importance in kinase inhibition.

5. **Conclusion**: The researchers conclude that SHAP helped identify moieties with functional importance in kinase inhibition, suggesting that SHAP has potential in finding effective pan-kinase family inhibitors.

**Key Points**:
- The researchers use SHAP to analyze and interpret the model's predictions.
- They identify specific moieties and validate them using experimental data.
- The conclusion suggests that SHAP can help in scientific discovery by identifying functionally important moieties.

**Determination**:
The researchers are using SHAP not just to understand the model but to make new claims about the functional importance of specific moieties in kinase inhibition. They validate these claims with experimental data, indicating that they are using model explanations to understand natural processes and scientific phenomena.

**Conclusion**:"
822,https://api.elsevier.com/content/abstract/scopus_id/85126731669,SCOPUS_ID:85126731669,2-s2.0-85126731669,Interpretable machine learning for knowledge generation in heterogeneous catalysis,Esterhuizen J.A.,Nature Catalysis,10.1038/s41929-022-00744-z,Journal,re,Review,"Most applications of machine learning in heterogeneous catalysis thus far have used black-box models to predict computable physical properties (descriptors), such as adsorption or formation energies, that can be related to catalytic performance (that is, activity or stability). Extracting meaningful physical insights from these black-box models has proved challenging, as the internal logic of these black-box models is not readily interpretable due to their high degree of complexity. Interpretable machine learning methods that merge the predictive capacity of black-box models with the physical interpretability of physics-based models offer an alternative to black-box models. In this Perspective, we discuss the various interpretable machine learning methods available to catalysis researchers, highlight the potential of interpretable machine learning to accelerate hypothesis formation and knowledge generation, and outline critical challenges and opportunities for interpretable machine learning in heterogeneous catalysis. [Figure not available: see fulltext.]",True,"The abstract discusses the use of interpretable machine learning methods to extract meaningful physical insights from complex black-box models in heterogeneous catalysis. It emphasizes the potential of these methods to accelerate hypothesis formation and knowledge generation, indicating that the focus is on understanding underlying processes rather than merely explaining model behavior. The mention of merging predictive capacity with physical interpretability suggests that the goal is to derive insights about catalytic performance and related phenomena.
",True,"Step-by-step analysis:

1. **Title Analysis**: The title suggests the use of interpretable machine learning for knowledge generation in heterogeneous catalysis, which implies a focus on understanding underlying processes rather than just model behavior.

2. **Abstract Analysis**:
   - **Current State**: The abstract mentions that most applications use black-box models to predict physical properties related to catalytic performance.
   - **Challenge**: It highlights the difficulty in extracting meaningful physical insights from these black-box models due to their complexity.
   - **Proposed Solution**: The abstract proposes using interpretable machine learning methods that combine the predictive power of black-box models with the interpretability of physics-based models.
   - **Objective**: The goal is to accelerate hypothesis formation and knowledge generation, which indicates a focus on understanding the underlying phenomena in heterogeneous catalysis.

3. **Insight Extraction**: The abstract explicitly states that the purpose of using interpretable machine learning is to generate meaningful physical insights and accelerate hypothesis formation, which directly relates to understanding the underlying processes in catalysis.

4. **Conclusion**: The explanations provided by the interpretable machine learning methods are intended to help understand the underlying physical processes in heterogeneous catalysis, not just the model behavior.
",,True,"The abstract discusses the use of interpretable machine learning methods in the context of heterogeneous catalysis, emphasizing their potential to extract meaningful physical insights from complex black-box models. The researchers highlight the ability of these methods to merge predictive capacity with physical interpretability, suggesting that they can aid in hypothesis formation and knowledge generation. This indicates that the researchers are not merely using model explanations for deployment or prediction purposes; they are actively engaging with the explanations to derive new insights about the underlying physical processes in catalysis.

The mention of ""accelerate hypothesis formation and knowledge generation"" implies that the researchers are leveraging the explanations to make new claims about the scientific phenomena involved in heterogeneous catalysis, rather than just understanding the model itself. Therefore, the use of interpretable machine learning in this context appears to extend beyond mere model interpretation and into the realm of scientific discovery.

Given this analysis, I conclude that the researchers are using the explanations for scientific discovery.
",True,"Step-by-step analysis:

1. **Title Analysis**: The title suggests that the focus is on using interpretable machine learning (ML) for knowledge generation in heterogeneous catalysis. This implies a potential use of ML explanations for scientific discovery.

2. **Abstract Analysis**:
   - **Current Use of ML**: The abstract mentions that most applications of ML in heterogeneous catalysis have used black-box models to predict physical properties related to catalytic performance. This indicates a traditional use of ML for prediction rather than understanding.
   - **Challenge with Black-box Models**: It is noted that extracting meaningful physical insights from black-box models is challenging due to their complexity. This highlights a limitation in using these models for scientific understanding.
   - **Interpretable ML Methods**: The abstract introduces interpretable ML methods as an alternative, combining predictive capacity with physical interpretability. This suggests a move towards using ML explanations for more than just model deployment.
   - **Potential for Hypothesis Formation and Knowledge Generation**: The abstract explicitly states that interpretable ML has the potential to accelerate hypothesis formation and knowledge generation. This indicates an intention to use model explanations to understand natural processes or scientific phenomena.

3. **Conclusion**: The researchers are discussing the potential of interpretable ML to generate new scientific knowledge and form hypotheses, which goes beyond merely aiding in deploying ML systems and making predictions.

Given the explicit mention of hypothesis formation and knowledge generation, it is clear that the researchers are using model explanations to make new scientific claims.
"
829,https://api.elsevier.com/content/abstract/scopus_id/85127132076,SCOPUS_ID:85127132076,2-s2.0-85127132076,Combinatorial Polycation Synthesis and Causal Machine Learning Reveal Divergent Polymer Design Rules for Effective pDNA and Ribonucleoprotein Delivery,Kumar R.,JACS Au,10.1021/jacsau.1c00467,Journal,ar,Article,"The development of polymers that can replace engineered viral vectors in clinical gene therapy has proven elusive despite the vast portfolios of multifunctional polymers generated by advances in polymer synthesis. Functional delivery of payloads such as plasmids (pDNA) and ribonucleoproteins (RNP) to various cellular populations and tissue types requires design precision. Herein, we systematically screen a combinatorially designed library of 43 well-defined polymers, ultimately identifying a lead polycationic vehicle (P38) for efficient pDNA delivery. Further, we demonstrate the versatility of P38 in codelivering spCas9 RNP and pDNA payloads to mediate homology-directed repair as well as in facilitating efficient pDNA delivery in ARPE-19 cells. P38 achieves nuclear import of pDNA and eludes lysosomal processing far more effectively than a structural analogue that does not deliver pDNA as efficiently. To reveal the physicochemical drivers of P38's gene delivery performance, SHapley Additive exPlanations (SHAP) are computed for nine polyplex features, and a causal model is applied to evaluate the average treatment effect of the most important features selected by SHAP. Our machine learning interpretability and causal inference approach derives structure-function relationships underlying delivery efficiency, polyplex uptake, and cellular viability and probes the overlap in polymer design criteria between RNP and pDNA payloads. Together, combinatorial polymer synthesis, parallelized biological screening, and machine learning establish that pDNA delivery demands careful tuning of polycation protonation equilibria while RNP payloads are delivered most efficaciously by polymers that deprotonate cooperatively via hydrophobic interactions. These payload-specific design guidelines will inform further design of bespoke polymers for specific therapeutic contexts.",True,"The research abstract describes the use of SHAP to compute the contributions of various polyplex features to the gene delivery performance of a specific polymer (P38). The authors utilize SHAP to identify the most important features influencing delivery efficiency, polyplex uptake, and cellular viability. They then apply a causal model to evaluate the average treatment effect of these features, which helps derive structure-function relationships.

The insights drawn from the SHAP explanations are not merely about the model's behavior but are used to understand the underlying physicochemical drivers of the polymer's performance in gene delivery. The findings provide specific design guidelines based on the identified relationships, indicating that the explanations contribute to understanding the underlying processes involved in polymer design for gene delivery.

True
",True,"Step-by-step analysis:

1. **Research Context**: The study focuses on developing polymers for gene therapy, specifically for delivering plasmids (pDNA) and ribonucleoproteins (RNP).

2. **Use of SHAP**: SHapley Additive exPlanations (SHAP) are used to compute the importance of nine polyplex features.

3. **Causal Model**: A causal model is applied to evaluate the average treatment effect of the most important features selected by SHAP.

4. **Insights Derived**: The study aims to derive structure-function relationships underlying delivery efficiency, polyplex uptake, and cellular viability. It also probes the overlap in polymer design criteria between RNP and pDNA payloads.

5. **Understanding Underlying Processes**: The insights derived from SHAP and the causal model are used to understand the physicochemical drivers of gene delivery performance, such as polycation protonation equilibria for pDNA and cooperative deprotonation via hydrophobic interactions for RNP.

Conclusion: The explanations provided by SHAP and the causal model help understand the underlying processes of gene delivery, not just the model behavior.
",,True,"The researchers in this abstract utilize SHAP to compute explanations for the features of polyplexes that influence gene delivery performance. They explicitly state that they derive structure-function relationships from these explanations, which suggests that they are using the insights gained from SHAP not just to understand their model, but to make claims about the underlying biological processes and design rules for polymer delivery systems. They identify specific physicochemical drivers of delivery efficiency and propose design guidelines based on their findings, indicating a clear link to scientific discovery rather than merely model interpretation.

Thus, the explanations are being used to inform new claims about polymer design and its implications for gene therapy, which goes beyond the scope of just understanding the model.
",True,"Step-by-step analysis:

1. **Title Analysis**: The title mentions ""Causal Machine Learning"" and ""Reveal Divergent Polymer Design Rules,"" suggesting that the researchers are using machine learning to uncover new insights about polymer design.

2. **Abstract Breakdown**:
   - **Objective**: The study aims to develop polymers for gene therapy, specifically for delivering pDNA and RNP.
   - **Methodology**: They use a combinatorial library of polymers and identify a lead polymer (P38) for efficient delivery.
   - **Findings**: P38 is effective in delivering pDNA and RNP, and the researchers investigate why it performs well.
   - **Use of SHAP**: SHAP values are computed to understand the importance of different polyplex features.
   - **Causal Model**: A causal model is applied to evaluate the average treatment effect of features selected by SHAP.
   - **Insights Derived**: The study derives structure-function relationships and specific design guidelines for polymers based on the SHAP and causal model results.

3. **Model Explanations**:
   - The researchers use SHAP to identify important features influencing polymer performance.
   - They apply a causal model to understand the effect of these features on delivery efficiency, uptake, and viability.

4. **Claims and Discoveries**:
   - The researchers derive new structure-function relationships and design guidelines for polymers.
   - They make specific claims about the physicochemical properties required for effective pDNA and RNP delivery.

Conclusion:
The researchers are using model explanations (SHAP) and causal inference not just to understand the model but to make new scientific claims about the design rules for polymers. They explicitly use these explanations to derive new insights into the natural processes of gene delivery.
"
830,https://api.elsevier.com/content/abstract/scopus_id/85126208614,SCOPUS_ID:85126208614,2-s2.0-85126208614,Identifying and Predicting Autism Spectrum Disorder Based on Multi-Site Structural MRI With Machine Learning,Duan Y.M.,Frontiers in Human Neuroscience,10.3389/fnhum.2021.765517,Journal,ar,Article,"Although emerging evidence has implicated structural/functional abnormalities of patients with Autism Spectrum Disorder(ASD), definitive neuroimaging markers remain obscured due to inconsistent or incompatible findings, especially for structural imaging. Furthermore, brain differences defined by statistical analysis are difficult to implement individual prediction. The present study has employed the machine learning techniques under the unified framework in neuroimaging to identify the neuroimaging markers of patients with ASD and distinguish them from typically developing controls(TDC). To enhance the interpretability of the machine learning model, the study has processed three levels of assessments including model-level assessment, feature-level assessment, and biology-level assessment. According to these three levels assessment, the study has identified neuroimaging markers of ASD including the opercular part of bilateral inferior frontal gyrus, the orbital part of right inferior frontal gyrus, right rolandic operculum, right olfactory cortex, right gyrus rectus, right insula, left inferior parietal gyrus, bilateral supramarginal gyrus, bilateral angular gyrus, bilateral superior temporal gyrus, bilateral middle temporal gyrus, and left inferior temporal gyrus. In addition, negative correlations between the communication skill score in the Autism Diagnostic Observation Schedule (ADOS_G) and regional gray matter (GM) volume in the gyrus rectus, left middle temporal gyrus, and inferior temporal gyrus have been detected. A significant negative correlation has been found between the communication skill score in ADOS_G and the orbital part of the left inferior frontal gyrus. A negative correlation between verbal skill score and right angular gyrus and a significant negative correlation between non-verbal communication skill and right angular gyrus have been found. These findings in the study have suggested the GM alteration of ASD and correlated with the clinical severity of ASD disease symptoms. The interpretable machine learning framework gives sight to the pathophysiological mechanism of ASD but can also be extended to other diseases.",True,"The abstract describes a study that employs machine learning techniques to identify neuroimaging markers associated with Autism Spectrum Disorder (ASD). It mentions three levels of assessment aimed at enhancing interpretability, which suggests that the study is focused on understanding the underlying neurobiological processes related to ASD rather than merely explaining the behavior of the machine learning model itself. The identified neuroimaging markers and their correlations with clinical scores provide insights into the pathophysiological mechanisms of ASD, indicating that the explanations derived from the model contribute to understanding the underlying phenomena.

True
",True,"Step-by-step analysis:

1. **Objective**: The study aims to identify neuroimaging markers of ASD and distinguish them from typically developing controls using machine learning.
2. **Techniques Used**: Machine learning techniques under a unified framework in neuroimaging.
3. **Interpretability**: The study enhances interpretability through three levels of assessments: model-level, feature-level, and biology-level.
4. **Findings**: 
   - Identified specific brain regions as neuroimaging markers of ASD.
   - Found correlations between these markers and clinical severity of ASD symptoms.
5. **Insights**: The study suggests that gray matter alterations in specific brain regions are associated with ASD and its clinical severity.

**Conclusion**: The explanations provided by the machine learning model help understand the underlying pathophysiological mechanisms of ASD, not just the model behavior.
",,True,"The researchers in this study are using machine learning techniques to identify neuroimaging markers associated with Autism Spectrum Disorder (ASD) and to understand the relationship between these markers and clinical symptoms. They mention three levels of assessment: model-level, feature-level, and biology-level. The feature-level assessment indicates that they are analyzing specific neuroimaging features that correlate with clinical scores, which suggests an attempt to understand the underlying biological processes related to ASD.

The findings of significant correlations between brain regions and communication skills imply that the researchers are making claims about the pathophysiological mechanisms of ASD based on their model's outputs. They are not merely using the model for predictions; they are interpreting the results to draw conclusions about the nature of ASD and its neurobiological underpinnings.

Given that the researchers are using the model explanations to make new claims about the biological mechanisms of ASD, this indicates a use of the model for scientific discovery rather than just for model deployment or prediction.
",True,"Step-by-step analysis:

1. **Title and Abstract Overview**: The study aims to identify and predict Autism Spectrum Disorder (ASD) using structural MRI and machine learning. The researchers mention enhancing the interpretability of the machine learning model through various assessments.

2. **Model Explanations**: The abstract details the use of model-level, feature-level, and biology-level assessments to identify neuroimaging markers of ASD. These markers include specific brain regions and their correlations with clinical severity scores.

3. **Correlation with Clinical Scores**: The study finds significant negative correlations between brain regions and communication skill scores, verbal skill scores, and non-verbal communication skills.

4. **Claims of Pathophysiological Mechanism**: The abstract states that the findings suggest GM alteration in ASD and correlate with clinical severity, implying a deeper understanding of the disease's pathophysiology.

5. **Use of Explanations**: The researchers explicitly use the model explanations to make new claims about the pathophysiological mechanisms of ASD. They suggest that the identified neuroimaging markers and their correlations with clinical scores provide insights into the disease.

Given the detailed correlations and the explicit claim that the findings give sight to the pathophysiological mechanism of ASD, the researchers are using the model explanations to make new scientific claims about the natural processes underlying ASD.
"
831,https://api.elsevier.com/content/abstract/scopus_id/85125258317,SCOPUS_ID:85125258317,2-s2.0-85125258317,Explainable Artificial Intelligence for Mechanics: Physics-Explaining Neural Networks for Constitutive Models,Koeppe A.,Frontiers in Materials,10.3389/fmats.2021.824958,Journal,ar,Article,"(Artificial) neural networks have become increasingly popular in mechanics and materials sciences to accelerate computations with model order reduction techniques and as universal models for a wide variety of materials. However, the major disadvantage of neural networks remains: their numerous parameters are challenging to interpret and explain. Thus, neural networks are often labeled as black boxes, and their results often elude human interpretation. The new and active field of physics-informed neural networks attempts to mitigate this disadvantage by designing deep neural networks on the basis of mechanical knowledge. By using this a priori knowledge, deeper and more complex neural networks became feasible, since the mechanical assumptions can be explained. However, the internal reasoning and explanation of neural network parameters remain mysterious. Complementary to the physics-informed approach, we propose a first step towards a physics-explaining approach, which interprets neural networks trained on mechanical data a posteriori. This proof-of-concept explainable artificial intelligence approach aims at elucidating the black box of neural networks and their high-dimensional representations. Therein, the principal component analysis decorrelates the distributed representations in cell states of RNNs and allows the comparison to known and fundamental functions. The novel approach is supported by a systematic hyperparameter search strategy that identifies the best neural network architectures and training parameters. The findings of three case studies on fundamental constitutive models (hyperelasticity, elastoplasticity, and viscoelasticity) imply that the proposed strategy can help identify numerical and analytical closed-form solutions to characterize new materials.",True,"The abstract discusses the use of neural networks in mechanics and materials sciences, focusing on a physics-informed approach to improve interpretability. It mentions a physics-explaining approach that interprets neural networks trained on mechanical data, aiming to elucidate the black box nature of these models. The use of principal component analysis to compare neural network representations to known functions suggests an effort to draw insights about the underlying mechanical processes. The findings from case studies imply that this approach can help identify solutions for characterizing new materials, indicating that the explanations derived from the model contribute to understanding the underlying phenomena rather than just the model itself.
",True,"Step-by-step analysis:

1. **Title Analysis**: The title suggests the use of explainable AI for understanding mechanics and constitutive models, which implies a focus on underlying physical processes.

2. **Abstract Analysis**:
   - **Introduction**: The abstract starts by discussing the popularity of neural networks in mechanics and materials sciences and their black-box nature.
   - **Physics-Informed Neural Networks**: It mentions the use of mechanical knowledge to design neural networks, which helps in explaining mechanical assumptions.
   - **Physics-Explaining Approach**: The core of the abstract introduces a physics-explaining approach that interprets neural networks trained on mechanical data a posteriori.
   - **Principal Component Analysis (PCA)**: PCA is used to decorrelate representations in cell states of RNNs and compare them to known functions.
   - **Systematic Hyperparameter Search**: This strategy identifies the best neural network architectures and training parameters.
   - **Case Studies**: The findings from case studies on hyperelasticity, elastoplasticity, and viscoelasticity suggest that the approach can help identify numerical and analytical solutions to characterize new materials.

3. **Insight Analysis**:
   - The abstract indicates that the approach helps in interpreting neural networks in a way that elucidates the underlying mechanical processes.
   - The use of PCA to compare neural network representations to known functions implies that the insights are drawn about the underlying physical phenomena, not just the model behavior.

4. **Conclusion**: The explanations provided by the approach help in understanding the underlying mechanical processes and constitutive models.
",,True,"The abstract discusses the use of neural networks in mechanics and materials sciences, particularly focusing on the challenge of interpreting these models. The researchers propose a physics-explaining approach to interpret neural networks trained on mechanical data, which suggests an effort to understand the underlying mechanics rather than just the model itself. They mention using principal component analysis to compare neural network representations to known fundamental functions, which indicates an attempt to connect model outputs to established scientific principles.

Furthermore, the findings from their case studies on constitutive models imply that their approach could lead to identifying new numerical and analytical solutions for characterizing materials. This suggests that the researchers are not merely using model explanations for deployment or prediction but are actively seeking to derive new scientific insights from their findings.

Given this context, the explanations provided by the researchers appear to be aimed at understanding and elucidating natural processes in mechanics, rather than solely serving the purpose of model interpretation for practical applications.

Therefore, I conclude that the explanations are being used for scientific discovery.
",True,"Let's break down the abstract step by step:

1. **Introduction to the Problem**:
   - Neural networks are popular in mechanics and materials sciences.
   - They are used for accelerating computations and as universal models for various materials.
   - The challenge is that neural networks have numerous parameters that are hard to interpret, making them black boxes.

2. **Current Solutions**:
   - Physics-informed neural networks incorporate mechanical knowledge to make the models more interpretable.
   - However, even with physics-informed approaches, the internal reasoning of neural networks remains unclear.

3. **Proposed Solution**:
   - The researchers propose a physics-explaining approach to interpret neural networks trained on mechanical data.
   - This approach uses principal component analysis to decorrelate representations in RNNs and compare them to known functions.

4. **Methodology**:
   - The approach is supported by a systematic hyperparameter search to identify the best neural network architectures and training parameters.

5. **Case Studies and Findings**:
   - The approach is tested on three fundamental constitutive models: hyperelasticity, elastoplasticity, and viscoelasticity.
   - The findings suggest that the strategy can help identify numerical and analytical closed-form solutions to characterize new materials.

**Analysis**:
- The researchers are not just using model explanations to aid in deploying their ML system or making predictions.
- They are explicitly using the explanations to interpret neural networks in a way that can lead to new scientific insights.
- The mention of identifying numerical and analytical closed-form solutions to characterize new materials indicates that they are making new claims about the underlying scientific phenomena.

**Conclusion**:
The researchers are using model explanations to understand and make new claims about natural processes or scientific phenomena.
"
841,https://api.elsevier.com/content/abstract/scopus_id/85100837903,SCOPUS_ID:85100837903,2-s2.0-85100837903,Neural Network Augmented Physics Models for Systems with Partially Unknown Dynamics: Application to Slider-Crank Mechanism,De Groote W.,IEEE/ASME Transactions on Mechatronics,10.1109/TMECH.2021.3058536,Journal,ar,Article,"Dynamic models of mechatronic systems are abundantly used in the context of motion control and design of complex servo applications. In practice, these systems are often plagued by unknown interactions, which make the physics-based relations of the system dynamics only partially known. This article presents a neural network augmented physics (NNAP) model as a combination of physics-inspired and neural layers. The neural layers are inserted in the model to compensate for the unmodeled interactions, without requiring direct measurements of these unknown phenomena. In contrast to traditional approaches, both the neural network and physical parameters are simultaneously optimized, solely by using state and control input measurements. The methodology is applied on experimental data of a slider-crank setup, for which the state-dependent load interactions are unknown. The NNAP model proves to be a stable and accurate modeling formalism for dynamic systems that ab initio can only be partially described by physical laws. Moreover, the results show that a recurrent implementation of the NNAP model enables improved robustness and accuracy of the system state predictions, compared to its feedforward counterpart. Besides capturing the system dynamics, the NNAP model provides a means to gain new insights by extracting the neural network from the converged NNAP model. In this way, we discovered accurate representations of the unknown spring force interaction and friction phenomena acting on the slider mechanism.",True,"The abstract describes a neural network augmented physics (NNAP) model that combines physics-based modeling with neural networks to address unknown interactions in a dynamic system. The key point is that the NNAP model not only captures system dynamics but also allows for the extraction of insights regarding unknown phenomena, such as spring force interactions and friction. This suggests that the explanations derived from the model contribute to understanding the underlying physical processes rather than merely explaining the model's behavior.
",True,"Step-by-step analysis:

1. **Title Analysis**: The title suggests the use of neural networks to augment physics models for systems with partially unknown dynamics, specifically applied to a slider-crank mechanism.

2. **Abstract Analysis**:
   - **Purpose**: The study aims to combine physics-based models with neural networks to account for unknown interactions in dynamic systems.
   - **Methodology**: Neural layers are integrated into the physics model to compensate for unmodeled interactions, optimized using state and control input measurements.
   - **Application**: The methodology is applied to a slider-crank setup with unknown state-dependent load interactions.
   - **Results**: The NNAP model is shown to be stable and accurate, with a recurrent implementation providing improved robustness and accuracy.
   - **Insights**: The abstract mentions that the NNAP model allows for the extraction of the neural network from the converged model, leading to the discovery of accurate representations of unknown spring force interaction and friction phenomena.

3. **Insight Extraction**: The key point is that the study claims to gain new insights by extracting the neural network from the converged NNAP model, specifically identifying unknown spring force interaction and friction phenomena.

4. **Understanding Underlying Processes**: The insights gained are about the underlying physical phenomena (spring force interaction and friction) rather than just the model's behavior.

Conclusion: The research does use explainable ML to study and understand the underlying phenomena.
",,True,"In the provided abstract, the researchers describe a neural network augmented physics (NNAP) model that combines physics-based modeling with neural networks to address unknown interactions in a mechatronic system. They emphasize that the neural layers are used to compensate for unmodeled interactions, which suggests a focus on improving the model's predictive capabilities rather than directly understanding the underlying physical phenomena.

However, the researchers also mention that the NNAP model allows for the extraction of insights from the neural network after training, leading to the discovery of accurate representations of unknown interactions such as spring force and friction. This indicates that they are using the model explanations not just for model validation or deployment, but also to gain insights into the physical processes at play.

The key point here is that the researchers explicitly state that they discovered new representations of physical phenomena through the neural network's outputs. This suggests that they are leveraging the model explanations to make claims about the underlying dynamics of the system, which aligns with scientific discovery.

Therefore, the explanations provided by the model are being used to understand and reveal aspects of the natural processes involved in the slider-crank mechanism, rather than being limited to aiding in the deployment of the ML system.
",True,"Let's break down the abstract step by step:

1. **Context and Problem Statement**: The abstract discusses dynamic models of mechatronic systems, which often have unknown interactions that make the physics-based relations only partially known.

2. **Proposed Solution**: The researchers propose a neural network augmented physics (NNAP) model that combines physics-inspired and neural layers to compensate for unmodeled interactions without requiring direct measurements of these unknown phenomena.

3. **Methodology**: Both the neural network and physical parameters are optimized using state and control input measurements. The methodology is applied to a slider-crank setup with unknown state-dependent load interactions.

4. **Results**: The NNAP model is shown to be stable and accurate for dynamic systems that cannot be fully described by physical laws alone. A recurrent implementation of the NNAP model improves robustness and accuracy of system state predictions compared to a feedforward counterpart.

5. **Insights and Discoveries**: The abstract mentions that the NNAP model provides a means to gain new insights by extracting the neural network from the converged NNAP model. Specifically, they discovered accurate representations of the unknown spring force interaction and friction phenomena acting on the slider mechanism.

**Analysis**:
- The researchers are not just using the model explanations to aid in deploying their ML system or making predictions. They explicitly state that they have gained new insights into the unknown spring force interaction and friction phenomena.
- This indicates that they are using the model explanations to understand natural processes or scientific phenomena, which goes beyond merely understanding the model itself.

Given this detailed analysis, it is clear that the researchers are using the model explanations to make new scientific claims about the underlying physical phenomena.
"
842,https://api.elsevier.com/content/abstract/scopus_id/85127493703,SCOPUS_ID:85127493703,2-s2.0-85127493703,Disentangling the effect of doping chemistry on the energy storage properties of barium titanate ferroelectrics using data science tools,Yuan R.,Journal of Materials Chemistry C,10.1039/d1tc05896g,Journal,ar,Article,"Chemical modification is the most commonly used method to improve the energy storage performance of ferroelectrics. However, this strategy gives rise to rather complex compositional formulae owing to multiple elements can be used as dopants, discouraging the use of traditional methods including experiment and theory-based calculations for revealing the effect of dopants on the energy density. We herein employ data science tools, especially machine learning, to disentangle the influence of doping chemistries on the energy density. To make the analysis statistically meaningful, we focus our attention on the crossover region where the compositions possess optimized energy density as a result of singular ferroelectric domain structures. The crossover region with ∼0.7 million compositions is distinguished using a classification model separating the ferroelectric from the relaxor. The energy density for each composition is predicted by a regression model and the distribution of dopants in the compositions is comprehensively examined. The result suggests that the interaction or coupling encoded in Ca and Sn benefits the energy density, agreeing well with the analysis from two interpretable machine learning algorithms. In addition, doping elements with confined content are determined from an initial large range for future candidate design. Our work can shed light on the investigation of doping chemistries on the targeted properties in complicated materials systems.",True,"The abstract describes the use of machine learning to analyze the effects of doping chemistries on the energy storage properties of barium titanate ferroelectrics. It mentions the use of interpretable machine learning algorithms to analyze the interactions between dopants and their influence on energy density. The insights drawn from the analysis suggest that specific interactions between dopants (Ca and Sn) enhance energy density, which indicates an understanding of the underlying chemical processes rather than just the model behavior.

Since the explanations provided by the interpretable machine learning algorithms contribute to understanding the underlying phenomena of how doping affects energy density, the answer is true.
",True,"Step-by-step analysis:

1. **Objective**: The research aims to understand the effect of doping chemistry on the energy storage properties of barium titanate ferroelectrics.
2. **Method**: Uses machine learning to analyze the influence of doping chemistries.
3. **Focus**: The study examines the crossover region with optimized energy density.
4. **Models Used**: Classification model to separate ferroelectric from relaxor and regression model to predict energy density.
5. **Insights**: The study finds that the interaction between Ca and Sn benefits energy density, supported by interpretable machine learning algorithms.
6. **Outcome**: The research identifies specific doping elements for future candidate design.

**Conclusion**: The insights drawn (interaction between Ca and Sn, and specific doping elements) are about the underlying process of how doping affects energy density, not just the model behavior.
",,True,"In the provided abstract, the researchers utilize machine learning to analyze the effects of doping chemistries on the energy storage properties of barium titanate ferroelectrics. They mention using interpretable machine learning algorithms to understand the interactions between different dopants and their influence on energy density. The results indicate that certain interactions, specifically between Ca and Sn, enhance energy density, which aligns with their findings from the machine learning models.

The key aspect here is that the researchers are not merely using the model explanations to improve the predictive performance of their machine learning system; they are leveraging these explanations to draw conclusions about the underlying chemical interactions and to inform future research directions. They explicitly state that their work can ""shed light on the investigation of doping chemistries,"" suggesting that they are making new claims about the scientific phenomena based on the insights gained from the model.

Thus, the explanations provided by the machine learning models are being used to advance scientific understanding rather than just to facilitate model deployment or predictions.
",True,"Step-by-step analysis:

1. **Title Analysis**: The title suggests that the study aims to understand the effect of doping chemistry on energy storage properties using data science tools, including machine learning.

2. **Abstract Analysis**:
   - **Problem Statement**: The abstract begins by stating the complexity of using multiple elements as dopants in ferroelectrics and the limitations of traditional methods in revealing the effects of these dopants.
   - **Methodology**: The researchers employ machine learning to analyze the influence of doping chemistries on energy density. They use a classification model to distinguish compositions and a regression model to predict energy density.
   - **Findings**: The abstract mentions that the interaction between Ca and Sn benefits energy density, which aligns with the analysis from two interpretable machine learning algorithms.
   - **Implications**: The researchers suggest that their findings can guide future candidate design by determining doping elements with confined content.

3. **Model Explanations**:
   - The researchers use machine learning models to predict energy density and classify compositions.
   - They mention that the interaction between specific elements (Ca and Sn) benefits energy density, which is supported by interpretable machine learning algorithms.

4. **Claims**:
   - The researchers make a claim about the beneficial interaction between Ca and Sn based on the model explanations.
   - They also suggest that their findings can inform future candidate design, indicating that they are using the model explanations to make new scientific claims about doping chemistries.

Conclusion:
The researchers are using model explanations to make new claims about the interaction of doping elements and their effects on energy density. They are not merely using the explanations to understand the model but are extending these insights to understand natural processes and guide future research.
"
857,https://api.elsevier.com/content/abstract/scopus_id/85144783815,SCOPUS_ID:85144783815,2-s2.0-85144783815,Unveiling the structural features that regulate carbapenem deacylation in KPC-2 through QM/MM and interpretable machine learning,Yin C.,Physical Chemistry Chemical Physics,10.1039/d2cp03724f,Journal,ar,Article,"Resistance to carbapenem β-lactams presents major clinical and economical challenges for the treatment of pathogen infections. The fast hydrolysis of carbapenems by carbapenemase-producing bacterial strains enables the effective deactivation of carbapenem antibiotics. In this study, we aim to unravel the structural features that distinguish the notable deacylation activity of carbapenemases. The deacylation reactions between imipenem (IPM) and the KPC-2 class A serine-based β-lactamases (ASβLs) are modeled with combined quantum mechanical/molecular mechanical (QM/MM) minimum energy pathway (MEP) calculations and interpretable machine-learning (ML) methods. We first applied a dual-level computational protocol to achieve fast sampling of QM/MM MEPs. A tree-based ensemble ML model was employed to learn the MEP activation barriers from the conformational features of the KPC-2/IPM active site. The barrier-predicting model was then unboxed using the Shapley additive explanation (SHAP) importance attribution methods to derive mechanistic insights, which were also verified by additional QM/MM wavefunction analysis. Essentially, we show that potential hydrogen bonding interactions of the general base and the tautomerization states of the carbapenem pyrroline ring could concertedly regulate the activation barrier of KPC-2/IPM deacylation. Nonetheless, we demonstrate the efficacy of interpretable ML to assist the analysis of QM/MM simulation data for robust extraction of human-interpretable mechanistic insights.",True,"The research abstract describes a study that uses interpretable machine learning (ML) methods, specifically SHAP, to derive mechanistic insights into the deacylation activity of carbapenemases. The authors apply a tree-based ensemble ML model to learn activation barriers from the structural features of the KPC-2/IPM active site. The SHAP method is then used to provide explanations that reveal potential hydrogen bonding interactions and tautomerization states that regulate the activation barrier. These insights are not merely about the model's behavior but contribute to understanding the underlying biochemical processes involved in carbapenem deacylation.
",True,"Step-by-step analysis:

1. **Objective**: The study aims to understand the structural features that regulate carbapenem deacylation in KPC-2.
2. **Methods**: 
   - QM/MM minimum energy pathway (MEP) calculations.
   - Interpretable machine learning (ML) methods.
3. **ML Model**: 
   - A tree-based ensemble ML model is used to learn the MEP activation barriers from the conformational features of the KPC-2/IPM active site.
4. **Explanation Method**: 
   - SHAP (Shapley additive explanation) is used to derive mechanistic insights.
5. **Insights**: 
   - Potential hydrogen bonding interactions and tautomerization states of the carbapenem pyrroline ring are identified as factors regulating the activation barrier.
6. **Verification**: 
   - Insights are verified by additional QM/MM wavefunction analysis.

**Conclusion**: The study uses SHAP to derive mechanistic insights about the underlying process of carbapenem deacylation, not just to explain the ML model.
",,True,"In the provided abstract, the researchers are using interpretable machine learning (ML) methods, specifically SHAP, to derive mechanistic insights into the structural features that regulate carbapenem deacylation in KPC-2. They explicitly state that the SHAP importance attribution methods are used to ""derive mechanistic insights,"" which suggests that they are not merely using the model explanations to understand the model itself, but rather to gain insights into the underlying biological processes involved in the deacylation reactions.

The researchers also validate their findings through additional QM/MM wavefunction analysis, indicating that they are making claims about the natural processes governing the reactions, rather than just focusing on the performance of their ML model. The use of terms like ""mechanistic insights"" and ""regulate the activation barrier"" implies that they are making new claims about the scientific phenomena at play.

Given this analysis, it is clear that the researchers are using the model explanations to contribute to scientific discovery rather than just for model deployment or prediction.
",True,"Step-by-step analysis:

1. **Title Analysis**: The title mentions ""Unveiling the structural features that regulate carbapenem deacylation"" and ""interpretable machine learning,"" suggesting a focus on understanding biological mechanisms.

2. **Abstract Analysis**:
   - **Problem Statement**: The study addresses the clinical challenge of carbapenem resistance due to carbapenemase-producing bacterial strains.
   - **Objective**: The goal is to unravel structural features that influence deacylation activity in carbapenemases.
   - **Methods**: The researchers use QM/MM calculations and interpretable ML methods.
   - **ML Model Use**: A tree-based ensemble ML model is used to predict activation barriers from conformational features.
   - **Explanation Method**: SHAP is used to derive mechanistic insights from the ML model.
   - **Verification**: The mechanistic insights derived from SHAP are verified by additional QM/MM wavefunction analysis.
   - **Findings**: The study identifies potential hydrogen bonding interactions and tautomerization states as factors regulating the activation barrier.

3. **Interpretation**:
   - The researchers use SHAP to derive mechanistic insights, which are then verified through additional QM/MM analysis.
   - The insights derived from the model explanations are used to make new claims about the natural process of carbapenem deacylation.

4. **Conclusion**:
   - The researchers are not just using model explanations to aid in deploying their ML system or making predictions.
   - They are explicitly using the explanations to understand and make new claims about the scientific phenomenon of carbapenem deacylation.
"
884,https://api.elsevier.com/content/abstract/scopus_id/85123877798,SCOPUS_ID:85123877798,2-s2.0-85123877798,Positional SHAP (PoSHAP) for Interpretation of machine learning models trained from biological sequences,Dickinson Q.,PLoS Computational Biology,10.1371/journal.pcbi.1009736,Journal,ar,Article,"Machine learning with multi-layered artificial neural networks, also known as “deep learning,” is effective for making biological predictions. However, model interpretation is challenging, especially for sequential input data used with recurrent neural network architectures. Here, we introduce a framework called “Positional SHAP” (PoSHAP) to interpret models trained from biological sequences by utilizing SHapely Additive exPlanations (SHAP) to generate positional model interpretations. We demonstrate this using three long short-term memory (LSTM) regression models that predict peptide properties, including binding affinity to major histocompatibility complexes (MHC), and collisional cross section (CCS) measured by ion mobility spectrometry. Interpretation of these models with PoSHAP reproduced MHC class I (rhesus macaque Mamu-A1*001 and human A*11:01) peptide binding motifs, reflected known properties of peptide CCS, and provided new insights into interpositional dependencies of amino acid interactions. PoSHAP should have widespread utility for interpreting a variety of models trained from biological sequences.",True,"The abstract describes the use of Positional SHAP (PoSHAP) to interpret machine learning models trained on biological sequences. It mentions that the interpretation of these models reproduced known peptide binding motifs and reflected properties of peptide collisional cross section, as well as providing new insights into interpositional dependencies of amino acid interactions. These insights suggest that the explanations derived from the model help to understand underlying biological processes, rather than just the model behavior itself.
",True,"Step-by-step analysis:

1. **Introduction of PoSHAP**: The abstract introduces Positional SHAP (PoSHAP) as a method to interpret models trained from biological sequences.
2. **Application of PoSHAP**: It is applied to LSTM regression models predicting peptide properties.
3. **Insights from PoSHAP**:
   - Reproduced MHC peptide binding motifs.
   - Reflected known properties of peptide CCS.
   - Provided new insights into interpositional dependencies of amino acid interactions.

**Determination**:
- The insights such as reproducing MHC binding motifs, reflecting known peptide CCS properties, and discovering new interpositional dependencies are related to understanding the underlying biological processes, not just the model behavior.
",,True,"The researchers in the abstract are using Positional SHAP (PoSHAP) to interpret machine learning models trained on biological sequences. They highlight that their framework allows for the generation of positional model interpretations, which are then used to reproduce known peptide binding motifs and reflect properties of peptide collisional cross sections. Importantly, they also mention that their approach provides new insights into interpositional dependencies of amino acid interactions.

The key aspect here is that the researchers are not merely using the explanations to understand the model's predictions or to aid in deploying their ML system. Instead, they are leveraging these explanations to make claims about biological phenomena, such as peptide binding motifs and amino acid interactions, which suggests a deeper understanding of the underlying biological processes.

Given that the explanations are being used to derive new insights and make claims about biological interactions, this indicates that the researchers are using the model explanations for scientific discovery rather than just for model interpretation.
",True,"Let's break down the abstract step by step:

1. **Introduction of PoSHAP**: The researchers introduce a new framework called Positional SHAP (PoSHAP) to interpret models trained from biological sequences. This framework uses SHapely Additive exPlanations (SHAP) to generate positional model interpretations.

2. **Application of PoSHAP**: They apply PoSHAP to three LSTM regression models that predict peptide properties, such as binding affinity to MHC and collisional cross section (CCS).

3. **Results of Interpretation**:
   - **Reproduction of MHC Binding Motifs**: The interpretation with PoSHAP reproduced known MHC class I peptide binding motifs.
   - **Reflection of Known Properties**: The interpretation reflected known properties of peptide CCS.
   - **New Insights**: The interpretation provided new insights into interpositional dependencies of amino acid interactions.

4. **Utility of PoSHAP**: The researchers claim that PoSHAP should have widespread utility for interpreting various models trained from biological sequences.

**Analysis**:
- The researchers use PoSHAP to interpret the models and validate the interpretations by comparing them to known biological phenomena (MHC binding motifs and peptide CCS properties).
- They also mention that PoSHAP provided new insights into interpositional dependencies of amino acid interactions, which suggests that they are using the model explanations to gain new scientific knowledge.

Given that the researchers are explicitly using the model explanations to make new claims about interpositional dependencies of amino acid interactions, it indicates that they are using these explanations to understand natural processes or scientific phenomena.

**Conclusion**:
The researchers are using model explanations not just to understand the model but to make new scientific claims.
"
887,https://api.elsevier.com/content/abstract/scopus_id/85122501230,SCOPUS_ID:85122501230,2-s2.0-85122501230,CloudPred: Predicting Patient Phenotypes From Single-cell RNA-seq,He B.,Pacific Symposium on Biocomputing,10.1142/9789811250477_0031,Journal,cp,Conference Paper,"Single-cell RNA sequencing (scRNA-seq) has the potential to provide powerful, high-resolution signatures to inform disease prognosis and precision medicine. This paper takes an important first step towards this goal by developing an interpretable machine learning algorithm, CloudPred, to predict individuals’ disease phenotypes from their scRNA-seq data. Predicting phenotype from scRNA-seq is challenging for standard machine learning methods—the number of cells measured can vary by orders of magnitude across individuals and the cell populations are also highly heterogeneous. Typical analysis creates pseudo-bulk samples which are biased toward prior annotations and also lose the single cell resolution. CloudPred addresses these challenges via a novel end-to-end differentiable learning algorithm which is coupled with a biologically informed mixture of cell types model. CloudPred automatically infers the cell subpopulation that are salient for the phenotype without prior annotations. We developed a systematic simulation platform to evaluate the performance of CloudPred and several alternative methods we propose, and find that CloudPred outperforms the alternative methods across several settings. We further validated CloudPred on a real scRNA-seq dataset of 142 lupus patients and controls. CloudPred achieves AUROC of 0.98 while identifying a specific subpopulation of CD4 T cells whose presence is highly indicative of lupus. CloudPred is a powerful new framework to predict clinical phenotypes from scRNA-seq data and to identify relevant cells.",True,"1. The abstract describes the development of CloudPred, an interpretable machine learning algorithm designed to predict disease phenotypes from scRNA-seq data.
2. It mentions that CloudPred infers salient cell subpopulations for the phenotype without prior annotations, which suggests that it identifies relevant biological processes.
3. The focus is on predicting clinical phenotypes and identifying specific cell populations associated with lupus, indicating that insights into underlying biological mechanisms are being drawn.
4. The explanations provided by the model (identifying specific subpopulations of CD4 T cells) help understand the underlying processes related to the disease rather than just the model behavior.
",True,"Step-by-step analysis of the abstract:

1. **Title and Abstract Overview**:
   - The title ""CloudPred: Predicting Patient Phenotypes From Single-cell RNA-seq"" suggests a focus on prediction.
   - The abstract describes the development of an interpretable machine learning algorithm, CloudPred, to predict disease phenotypes from scRNA-seq data.

2. **Key Points**:
   - CloudPred addresses challenges in scRNA-seq data analysis by using a biologically informed mixture of cell types model.
   - The algorithm infers cell subpopulations salient for the phenotype without prior annotations.
   - Performance is evaluated through simulations and real data, achieving high AUROC and identifying a specific subpopulation of CD4 T cells indicative of lupus.

3. **Insights from ML Model**:
   - CloudPred identifies a specific subpopulation of CD4 T cells whose presence is highly indicative of lupus.
   - This identification is based on the model's ability to infer relevant cell subpopulations.

4. **Understanding Underlying Processes**:
   - The identification of CD4 T cells as indicative of lupus provides biological insight into the disease mechanism.
   - This insight goes beyond merely explaining the model's behavior and contributes to understanding the underlying biological process.

Conclusion:
- The research uses explainable ML to draw insights that help understand the underlying biological process of lupus.
",,True,"In the provided abstract, the researchers describe the development of CloudPred, an interpretable machine learning algorithm designed to predict disease phenotypes from single-cell RNA sequencing data. They emphasize the challenges associated with standard machine learning methods in this context, such as the variability in cell measurements and the heterogeneity of cell populations. 

The key aspect of their work is the ability of CloudPred to automatically infer salient cell subpopulations relevant to the phenotype without relying on prior annotations. This suggests that the model is not just being used for prediction but also for understanding which specific cell types are important in the context of lupus. The identification of a specific subpopulation of CD4 T cells as highly indicative of lupus indicates that the researchers are making claims about biological relevance based on the model's outputs.

While the abstract does mention the use of an interpretable machine learning algorithm, it also highlights the biological insights gained from the model, particularly the identification of relevant cell types. This suggests that the researchers are using the model explanations to make new claims about the underlying biological processes related to lupus, rather than solely for the purpose of deploying the ML system.

Therefore, the explanations provided by the model are being used to inform scientific understanding and discovery regarding disease phenotypes and the role of specific cell populations in lupus.
",True,"Let's break down the abstract step by step:

1. **Objective**: The paper aims to predict disease phenotypes from single-cell RNA sequencing (scRNA-seq) data using an interpretable machine learning algorithm called CloudPred.

2. **Challenges**: The abstract mentions challenges such as variability in the number of cells measured across individuals and heterogeneity in cell populations. Standard methods create pseudo-bulk samples, which lose single-cell resolution and are biased toward prior annotations.

3. **Solution**: CloudPred is introduced as a novel end-to-end differentiable learning algorithm coupled with a biologically informed mixture of cell types model. It automatically infers the cell subpopulations salient for the phenotype without prior annotations.

4. **Performance Evaluation**: The researchers developed a systematic simulation platform to evaluate CloudPred and found it outperforms alternative methods. They validated CloudPred on a real dataset of lupus patients and controls, achieving a high AUROC of 0.98.

5. **Key Finding**: CloudPred identified a specific subpopulation of CD4 T cells whose presence is highly indicative of lupus.

Now, let's consider the use of model explanations:

- The abstract mentions that CloudPred is interpretable and can infer cell subpopulations relevant to the phenotype without prior annotations.
- The identification of a specific subpopulation of CD4 T cells as highly indicative of lupus suggests that the model explanations are being used to make a new biological claim.

Given these points, it appears that the researchers are using the model explanations not just to understand the model but to make new claims about the biological processes underlying lupus. This indicates that they are using the model explanations for scientific discovery.
"
889,https://api.elsevier.com/content/abstract/scopus_id/85121209833,SCOPUS_ID:85121209833,2-s2.0-85121209833,Baryonic imprints on DM haloes: Population statistics from dwarf galaxies to galaxy clusters,Anbajagane D.,Monthly Notices of the Royal Astronomical Society,10.1093/mnras/stab3177,Journal,ar,Article,"In a purely cold dark matter (CDM) universe, the initial matter power spectrum and its subsequent gravitational growth contain no special mass-or time-scales, and so neither do the emergent population statistics of internal dark matter (DM) halo properties. Using 1.5 million haloes from three illustristng realizations of a ΛCDM universe, we show that galaxy formation physics drives non-monotonic features ('wiggles') into DM property statistics across six decades in halo mass, from dwarf galaxies to galaxy clusters. We characterize these features by extracting the halo mass-dependent statistics of five DM halo properties-velocity dispersion, NFW concentration, density-and velocity-space shapes, and formation time-using kernel-localized linear regression (Kllr). Comparing precise estimates of normalizations, slopes, and covariances between realizations with and without galaxy formation, we find systematic deviations across all mass-scales, with maximum deviations of 25 per cent at the Milky Way mass of 1012, M_\odot. The mass-dependence of the wiggles is set by the interplay between different cooling and feedback mechanisms, and we discuss its observational implications. The property covariances depend strongly on halo mass and physics treatment, but the correlations are mostly robust. Using multivariate Kllr and interpretable machine learning, we show the halo concentration and velocity-space shape are principal contributors, at different mass, to the velocity dispersion variance. Statistics of mass accretion rate and DM surface pressure energy are provided in an appendix. We publicly release halo property catalogues and kllr parameters for the TNG runs at 20 epochs up to z = 12.",True,"The abstract describes the use of kernel-localized linear regression (Kllr) and interpretable machine learning to analyze the relationship between various dark matter halo properties and their mass dependence. The focus is on understanding how galaxy formation physics influences the statistics of dark matter halo properties, particularly through the identification of non-monotonic features ('wiggles') in these statistics. The use of interpretable machine learning is aimed at identifying which halo properties (like concentration and velocity-space shape) contribute to the variance in velocity dispersion across different mass scales.

The insights drawn from the model are not merely about the model's behavior but are aimed at understanding the underlying physical processes that govern the relationship between dark matter halo properties and galaxy formation. The explanations provided by the interpretable machine learning approach help elucidate the contributions of specific halo properties to the observed phenomena, thereby enhancing our understanding of the underlying processes.
",True,"Step-by-step analysis:

1. **Title and Abstract Overview**: The research focuses on the impact of galaxy formation physics on dark matter (DM) halo properties across different mass scales.
2. **Use of Machine Learning**: The study employs kernel-localized linear regression (Kllr) and interpretable machine learning to analyze the data.
3. **Objective**: The goal is to understand how galaxy formation physics introduces non-monotonic features into DM halo property statistics.
4. **Insights from ML**: The abstract mentions that interpretable machine learning is used to show that halo concentration and velocity-space shape are principal contributors to the variance in velocity dispersion.
5. **Understanding Underlying Processes**: The insights derived from the machine learning model are used to understand the physical processes (cooling and feedback mechanisms) affecting DM halo properties, not just the model behavior.

Conclusion: The explanations help understand the underlying processes.
",,True,"The researchers in the abstract are using interpretable machine learning techniques, specifically kernel-localized linear regression (Kllr), to analyze the properties of dark matter (DM) haloes and their relationship to galaxy formation physics. They focus on extracting and characterizing statistical features of DM halo properties, such as velocity dispersion and concentration, and how these features vary with halo mass. 

While they employ machine learning methods to aid in their analysis, the explanations derived from these models are used to make claims about the underlying physical processes driving the observed phenomena, such as the non-monotonic features ('wiggles') in DM property statistics. They discuss the implications of their findings in the context of galaxy formation and provide insights into the interplay of cooling and feedback mechanisms.

The use of model explanations here is not merely for deploying the ML system or making predictions; rather, it is integral to understanding the scientific phenomena related to dark matter and galaxy formation. The researchers are making new claims about the nature of DM halo properties and their dependence on mass and physics treatment, which indicates a scientific discovery aspect.

Therefore, the explanations are being used for scientific discovery.
",True,"Step 1: Identify the main focus of the research.
- The research focuses on the population statistics of dark matter (DM) halo properties and how galaxy formation physics influences these properties.

Step 2: Determine the role of machine learning in the research.
- The researchers use kernel-localized linear regression (Kllr) and interpretable machine learning to analyze the data.

Step 3: Assess whether the explanations from the machine learning models are used to understand the model or the underlying natural processes.
- The researchers use Kllr to extract statistics of DM halo properties and compare these statistics between different realizations (with and without galaxy formation).
- They find systematic deviations in DM halo properties due to galaxy formation physics and discuss the observational implications of these deviations.
- The researchers use interpretable machine learning to show that halo concentration and velocity-space shape are principal contributors to the velocity dispersion variance.

Step 4: Determine if the researchers are making new scientific claims based on the model explanations.
- The researchers are making claims about the influence of galaxy formation physics on DM halo properties and the mass-dependence of these influences.
- They discuss the observational implications of their findings, indicating that they are using the model explanations to make new claims about natural processes.

Conclusion: The researchers are using model explanations to understand the underlying natural processes and make new scientific claims about the influence of galaxy formation physics on DM halo properties.
"
898,https://api.elsevier.com/content/abstract/scopus_id/85123036851,SCOPUS_ID:85123036851,2-s2.0-85123036851,Interpretable network propagation with application to expanding the repertoire of human proteins that interact with SARS-CoV-2,Law J.N.,GigaScience,10.1093/gigascience/giab082,Journal,ar,Article,"Background: Network propagation has been widely used for nearly 20 years to predict gene functions and phenotypes. Despite the popularity of this approach, little attention has been paid to the question of provenance tracing in this context, e.g., determining how much any experimental observation in the input contributes to the score of every prediction. Results: We design a network propagation framework with 2 novel components and apply it to predict human proteins that directly or indirectly interact with SARS-CoV-2 proteins. First, we trace the provenance of each prediction to its experimentally validated sources, which in our case are human proteins experimentally determined to interact with viral proteins. Second, we design a technique that helps to reduce the manual adjustment of parameters by users. We find that for every top-ranking prediction, the highest contribution to its score arises from a direct neighbor in a human protein-protein interaction network. We further analyze these results to develop functional insights on SARS-CoV-2 that expand on known biology such as the connection between endoplasmic reticulum stress, HSPA5, and anti-clotting agents. Conclusions: We examine how our provenance-tracing method can be generalized to a broad class of network-based algorithms. We provide a useful resource for the SARS-CoV-2 community that implicates many previously undocumented proteins with putative functional relationships to viral infection. This resource includes potential drugs that can be opportunistically repositioned to target these proteins. We also discuss how our overall framework can be extended to other, newly emerging viruses.",True,"The research abstract describes a network propagation framework that traces the provenance of predictions to experimentally validated sources. It emphasizes the contributions of specific human proteins to the predictions of interactions with SARS-CoV-2 proteins. The analysis leads to functional insights about the biological processes involved, such as the connection between endoplasmic reticulum stress and anti-clotting agents. This indicates that the explanations derived from the model are used to understand underlying biological processes rather than just the model's behavior.
",True,"1. **Title and Abstract Analysis**:
   - The title suggests the use of interpretable network propagation to expand the repertoire of human proteins interacting with SARS-CoV-2.
   - The abstract mentions the use of a network propagation framework to predict human proteins interacting with SARS-CoV-2 and traces the provenance of each prediction to its experimentally validated sources.

2. **Key Points**:
   - **Provenance Tracing**: The study traces the provenance of each prediction to its experimentally validated sources, which helps understand the contribution of each input to the prediction.
   - **Functional Insights**: The study develops functional insights on SARS-CoV-2, such as the connection between endoplasmic reticulum stress, HSPA5, and anti-clotting agents.
   - **Generalization**: The study discusses how the provenance-tracing method can be generalized to other network-based algorithms.

3. **Determining the Focus**:
   - The study is not just explaining the model's behavior but is using the explanations to understand the underlying biological processes and interactions.
   - The insights drawn (e.g., connections between specific proteins and biological processes) are about the underlying phenomena, not just the model.

4. **Conclusion**:
   - The explanations provided by the provenance-tracing method help understand the underlying biological processes and interactions related to SARS-CoV-2.
",,True,"The researchers in the abstract are using their model explanations to trace the provenance of predictions back to experimentally validated sources, which indicates a focus on understanding the underlying biological processes rather than merely improving model performance. They analyze the contributions of specific proteins to the predictions and derive functional insights related to SARS-CoV-2, suggesting that they are making new claims about biological interactions and potential drug repositioning. This indicates that the explanations are being used to inform scientific discovery rather than just to aid in deploying their machine learning system.
",True,"Let's break down the abstract step by step:

1. **Background**: The researchers mention the use of network propagation to predict gene functions and phenotypes. They highlight the lack of attention to provenance tracing, which is about determining the contribution of experimental observations to predictions.

2. **Results**: They design a network propagation framework with two novel components:
   - Tracing the provenance of each prediction to its experimentally validated sources.
   - Reducing manual adjustment of parameters by users.

3. **Findings**: They find that the highest contribution to the score of top-ranking predictions comes from direct neighbors in a human protein-protein interaction network. They further analyze these results to develop functional insights on SARS-CoV-2, such as connections between endoplasmic reticulum stress, HSPA5, and anti-clotting agents.

4. **Conclusions**: They discuss the generalizability of their provenance-tracing method to other network-based algorithms and provide a resource for the SARS-CoV-2 community. They also mention potential drugs that can be repositioned to target implicated proteins.

**Analysis**:
- The researchers are using model explanations (provenance tracing) to understand the contributions of experimental observations to their predictions.
- They explicitly state that they develop functional insights on SARS-CoV-2 based on these explanations.
- They make new claims about the biological connections and potential drug repositioning based on their analysis.

Given that the researchers are using the model explanations to derive new biological insights and make scientific claims, it is clear that they are using these explanations for scientific discovery.
"
904,https://api.elsevier.com/content/abstract/scopus_id/85115241586,SCOPUS_ID:85115241586,2-s2.0-85115241586,Explainable artificial intelligence based analysis for interpreting infant fNIRS data in developmental cognitive neuroscience,Andreu-Perez J.,Communications Biology,10.1038/s42003-021-02534-y,Journal,ar,Article,"In the last decades, non-invasive and portable neuroimaging techniques, such as functional near infrared spectroscopy (fNIRS), have allowed researchers to study the mechanisms underlying the functional cognitive development of the human brain, thus furthering the potential of Developmental Cognitive Neuroscience (DCN). However, the traditional paradigms used for the analysis of infant fNIRS data are still quite limited. Here, we introduce a multivariate pattern analysis for fNIRS data, xMVPA, that is powered by eXplainable Artificial Intelligence (XAI). The proposed approach is exemplified in a study that investigates visual and auditory processing in six-month-old infants. xMVPA not only identified patterns of cortical interactions, which confirmed the existent literature; in the form of conceptual linguistic representations, it also provided evidence for brain networks engaged in the processing of visual and auditory stimuli that were previously overlooked by other methods, while demonstrating similar statistical performance.",True,"1. The research introduces a multivariate pattern analysis for fNIRS data, which is powered by explainable AI (XAI).
2. The study identifies patterns of cortical interactions and provides evidence for brain networks engaged in processing visual and auditory stimuli.
3. The insights drawn from the analysis confirm existing literature and reveal previously overlooked brain networks.
4. The explanations provided by the XAI approach help in understanding the underlying cognitive processes related to visual and auditory processing in infants, rather than just explaining the model behavior.

True
",True,"Step-by-step analysis:

1. **Title Analysis**: The title mentions ""Explainable artificial intelligence based analysis"" which suggests the use of XAI methods.
2. **Abstract Analysis**:
   - The abstract mentions the use of ""eXplainable Artificial Intelligence (XAI)"".
   - The study investigates visual and auditory processing in infants.
   - The method ""xMVPA"" identified patterns of cortical interactions.
   - It provided evidence for brain networks engaged in processing stimuli that were previously overlooked.
   - The focus is on understanding brain networks and cognitive processes, not just model behavior.

Conclusion: The explanations provided by the XAI method help understand the underlying cognitive processes in infants.
",,True,"In the provided abstract, the researchers describe a new approach, xMVPA, that utilizes explainable artificial intelligence (XAI) to analyze infant fNIRS data. They mention that this method not only identifies patterns of cortical interactions but also provides evidence for brain networks engaged in processing visual and auditory stimuli that were previously overlooked. This suggests that the explanations derived from the model are being used to make new claims about cognitive processes in infants, indicating a deeper understanding of the underlying natural phenomena rather than just improving model performance or deployment.

The researchers explicitly state that their approach confirmed existing literature and revealed new insights, which implies that they are using the model explanations to contribute to scientific discovery in developmental cognitive neuroscience.
",True,"Step 1: **Title Analysis**
- The title mentions ""Explainable artificial intelligence based analysis"" and ""interpreting infant fNIRS data in developmental cognitive neuroscience."" This suggests a focus on using XAI to interpret data related to cognitive neuroscience.

Step 2: **Abstract Analysis**
- The abstract begins by discussing the use of non-invasive neuroimaging techniques like fNIRS to study cognitive development.
- It then introduces a new method, xMVPA, which uses XAI for analyzing fNIRS data.
- The abstract claims that xMVPA identified patterns of cortical interactions that confirmed existing literature.
- Importantly, it also states that xMVPA provided evidence for brain networks engaged in processing visual and auditory stimuli that were previously overlooked by other methods.

Step 3: **Determining the Use of Model Explanations**
- The researchers claim that xMVPA confirmed existing literature, which suggests that the model's explanations align with known scientific findings.
- More critically, they state that xMVPA provided new evidence for brain networks involved in visual and auditory processing that were previously overlooked. This implies that the researchers are using the model explanations to make new scientific claims about brain networks.

Step 4: **Conclusion**
- The researchers are not merely using the model explanations to aid in deploying their ML system or making predictions. Instead, they are using these explanations to make new claims about natural processes and scientific phenomena, specifically about brain networks involved in cognitive processing.
"
907,https://api.elsevier.com/content/abstract/scopus_id/85107011709,SCOPUS_ID:85107011709,2-s2.0-85107011709,SMILE: systems metabolomics using interpretable learning and evolution,Sha C.,BMC Bioinformatics,10.1186/s12859-021-04209-1,Journal,ar,Article,"Background: Direct link between metabolism and cell and organism phenotype in health and disease makes metabolomics, a high throughput study of small molecular metabolites, an essential methodology for understanding and diagnosing disease development and progression. Machine learning methods have seen increasing adoptions in metabolomics thanks to their powerful prediction abilities. However, the “black-box” nature of many machine learning models remains a major challenge for wide acceptance and utility as it makes the interpretation of decision process difficult. This challenge is particularly predominant in biomedical research where understanding of the underlying decision making mechanism is essential for insuring safety and gaining new knowledge. Results: In this article, we proposed a novel computational framework, Systems Metabolomics using Interpretable Learning and Evolution (SMILE), for supervised metabolomics data analysis. Our methodology uses an evolutionary algorithm to learn interpretable predictive models and to identify the most influential metabolites and their interactions in association with disease. Moreover, we have developed a web application with a graphical user interface that can be used for easy analysis, interpretation and visualization of the results. Performance of the method and utilization of the web interface is shown using metabolomics data for Alzheimer’s disease. Conclusions: SMILE was able to identify several influential metabolites on AD and to provide interpretable predictive models that can be further used for a better understanding of the metabolic background of AD. SMILE addresses the emerging issue of interpretability and explainability in machine learning, and contributes to more transparent and powerful applications of machine learning in bioinformatics.",True,"The abstract describes a framework (SMILE) that uses interpretable machine learning to analyze metabolomics data, specifically focusing on identifying influential metabolites and their interactions related to Alzheimer's disease. The emphasis is on providing interpretable predictive models and understanding the metabolic background of the disease. The mention of identifying ""influential metabolites"" suggests that the research aims to uncover insights about the underlying biological processes rather than just explaining the model's behavior.

Since the goal is to understand the metabolic processes associated with Alzheimer's disease through the identification of key metabolites, the explanations provided by the model do contribute to understanding the underlying phenomena.
",True,"Step-by-step analysis:

1. **Background**: The abstract discusses the importance of metabolomics in understanding disease development and progression.
2. **Challenge**: It highlights the challenge of the ""black-box"" nature of many machine learning models, particularly in biomedical research.
3. **Proposed Method**: The SMILE framework is introduced, which uses an evolutionary algorithm to learn interpretable predictive models and identify influential metabolites and their interactions with disease.
4. **Results**: SMILE is shown to identify influential metabolites in Alzheimer's disease and provide interpretable predictive models.
5. **Conclusion**: The framework aims to address interpretability and explainability in machine learning, contributing to more transparent applications in bioinformatics.

**Key Insight**: The abstract mentions that SMILE identifies influential metabolites and their interactions, which implies that the method provides insights into the metabolic background of Alzheimer's disease.

**Determination**: The explanations provided by SMILE help understand the underlying metabolic processes associated with Alzheimer's disease, not just the model behavior.
",,True,"In the provided abstract, the researchers describe a framework (SMILE) that utilizes interpretable machine learning to analyze metabolomics data, particularly in the context of Alzheimer's disease (AD). They emphasize the importance of interpretability in biomedical research, suggesting that understanding the decision-making process of the model is crucial for safety and gaining new knowledge. 

The researchers claim that their methodology can identify influential metabolites and their interactions associated with disease, which implies that they are using the model explanations to derive insights about the underlying biological processes related to AD. They mention that the results can contribute to a better understanding of the metabolic background of AD, indicating that the explanations are not merely for model deployment but are intended to inform scientific understanding.

Given these points, it appears that the researchers are using the model explanations to make claims about the biological phenomena related to Alzheimer's disease, rather than solely for the purpose of improving model interpretability for deployment.

Therefore, I conclude that the explanations are being used for scientific discovery.
",True,"Let's break down the abstract step by step:

1. **Background**: The abstract starts by discussing the importance of metabolomics in understanding and diagnosing diseases. It mentions the increasing adoption of machine learning in metabolomics due to its predictive power but highlights the challenge of the ""black-box"" nature of many ML models, especially in biomedical research where understanding the decision-making process is crucial.

2. **Results**: The researchers propose a novel computational framework called SMILE, which uses an evolutionary algorithm to learn interpretable predictive models and identify influential metabolites and their interactions with diseases. They also developed a web application for easy analysis, interpretation, and visualization of results. The performance of SMILE is demonstrated using metabolomics data for Alzheimer’s disease.

3. **Conclusions**: The abstract concludes that SMILE was able to identify several influential metabolites related to Alzheimer’s disease and provide interpretable predictive models. It claims that these models can be used for a better understanding of the metabolic background of Alzheimer’s disease. The abstract also mentions that SMILE addresses the issue of interpretability and explainability in machine learning, contributing to more transparent and powerful applications in bioinformatics.

**Analysis**:
- The researchers are using the model explanations to identify influential metabolites and their interactions with diseases.
- They claim that these interpretable models can be used for a better understanding of the metabolic background of Alzheimer’s disease.
- The abstract suggests that the explanations provided by the model are being used to gain new knowledge about the disease, not just to aid in deploying the ML system or making predictions.

Given the explicit mention of using the model explanations to understand the metabolic background of Alzheimer’s disease, it appears that the researchers are using these explanations to make new scientific claims.

**Conclusion**: The researchers are using model explanations to understand natural processes or scientific phenomena.
"
944,https://api.elsevier.com/content/abstract/scopus_id/85111515019,SCOPUS_ID:85111515019,2-s2.0-85111515019,Hydrogen Adsorption on Defective Nitrogen-Doped Carbon Nanotubes Explained via Machine Learning Augmented DFT Calculations and Game-Theoretic Feature Attributions,Kronberg R.,Journal of Physical Chemistry C,10.1021/acs.jpcc.1c03858,Journal,ar,Article,"Complex machine learning (ML) models applied within computational chemistry and materials science tend to be seen as black boxes, yielding property predictions given some input features. While the purpose of ML methods is often to circumvent computationally expensive first-principles calculations, the fact that the inner workings of the models are not understood conceals chemical insight and knowledge regarding the underlying data and physical correlations within it. Knowing what a model is learning from the data and how outputs are formed is also useful in facilitating the justification and wider adoption of ML solutions. Here, we present an important contribution in this direction by exploring and explaining the hydrogen adsorption properties of defective nitrogen-doped carbon nanotubes (NCNTs) through density functional theory simulations and machine learning-based data analysis. As the main highlight, we demonstrate the application of a recent game-theoretic approach to deconvolute and interrogate the trained ML models, revealing how various structural, chemical, and electronic features contribute toward the hydrogen affinities of roughly 6500 different NCNT adsorption sites. The employed method of Shapley additive explanations (SHAP) attributes locally accurate importances to the investigated features, unraveling high spin polarization, narrow highest occupied molecular orbital-lowest unoccupied molecular orbital (HOMO-LUMO) gap, small dopant-adsorption site separation, and diverse angle and coordination effects as particularly impactful for increasing hydrogen adsorption strengths. The SHAP method is shown capable of promoting a deep understanding of complex feature-activity relationships, facilitating research efforts such as rational catalyst design for energy conversion applications.",True,"The abstract describes the use of SHAP to analyze the hydrogen adsorption properties of nitrogen-doped carbon nanotubes (NCNTs). It emphasizes how the SHAP method reveals the contributions of various structural, chemical, and electronic features to hydrogen affinities. The insights drawn from the SHAP analysis include identifying specific features that impact hydrogen adsorption strengths, which helps in understanding the underlying physical and chemical processes involved in hydrogen adsorption rather than just the behavior of the ML model itself.

Therefore, the explanations provided by the SHAP method do help in understanding the underlying processes related to hydrogen adsorption.
",True,"Step-by-step analysis:

1. **Research Context**: The study focuses on hydrogen adsorption properties of defective nitrogen-doped carbon nanotubes (NCNTs) using density functional theory (DFT) simulations and machine learning (ML) models.
2. **ML Model Explanation**: The research employs Shapley additive explanations (SHAP) to deconvolute and interrogate the trained ML models.
3. **Insights from SHAP**: The SHAP method reveals how various structural, chemical, and electronic features contribute to hydrogen affinities. Specifically, it identifies high spin polarization, narrow HOMO-LUMO gap, small dopant-adsorption site separation, and diverse angle and coordination effects as impactful for hydrogen adsorption strengths.
4. **Understanding Underlying Processes**: The insights provided by SHAP are related to the physical and chemical properties of the NCNTs and their interaction with hydrogen, which are underlying processes rather than just model behavior.

Conclusion: The explanations help understand the underlying processes.
",,True,"The researchers in the abstract are using machine learning explanations, specifically SHAP, to gain insights into the hydrogen adsorption properties of nitrogen-doped carbon nanotubes. They emphasize that understanding the contributions of various structural, chemical, and electronic features to hydrogen affinities is crucial for unraveling complex feature-activity relationships. This indicates that they are not merely using the explanations to understand the model's predictions but are actively leveraging these insights to make claims about the underlying physical processes and correlations that govern hydrogen adsorption.

The abstract highlights specific features that impact hydrogen adsorption strengths, suggesting that the researchers are using the model explanations to inform scientific understanding and potentially guide future research, such as rational catalyst design for energy conversion applications. This indicates a clear intention to use the insights gained from the model to contribute to scientific discovery rather than just model interpretation.

Therefore, the explanations are being used for scientific discovery.
",True,"Let's break down the abstract step by step to determine the use of model explanations:

1. **Purpose of ML Methods**: The abstract starts by acknowledging that ML models are often used to avoid computationally expensive first-principles calculations. This sets the stage for understanding that the primary goal is to make predictions efficiently.

2. **Understanding the Model**: The abstract mentions that understanding what a model is learning and how outputs are formed is useful for justifying and adopting ML solutions. This suggests an interest in the interpretability of the model itself.

3. **Main Contribution**: The researchers claim to explore and explain hydrogen adsorption properties using DFT simulations and ML-based data analysis. This indicates a combination of traditional computational chemistry methods with ML.

4. **Game-Theoretic Approach**: The use of a game-theoretic approach (SHAP) is highlighted to deconvolute and interrogate the trained ML models. This suggests that the focus is on understanding the model's decision-making process.

5. **Feature Importances**: The SHAP method is used to attribute importances to various features, revealing specific structural, chemical, and electronic features that impact hydrogen adsorption. This is a key point: the researchers are identifying which features the model considers important.

6. **Deep Understanding**: The abstract claims that the SHAP method promotes a deep understanding of complex feature-activity relationships. This implies that the researchers are using the explanations to gain insights into the underlying data and physical correlations.

7. **Rational Catalyst Design**: The final part of the abstract mentions that the SHAP method facilitates research efforts such as rational catalyst design for energy conversion applications. This suggests that the insights gained from the model explanations are being used to inform scientific research and design.

Given these points, it is clear that the researchers are using the model explanations not just to understand the model itself, but to make new claims about the underlying scientific phenomena, specifically the factors influencing hydrogen adsorption on NCNTs.
"
948,https://api.elsevier.com/content/abstract/scopus_id/85109475564,SCOPUS_ID:85109475564,2-s2.0-85109475564,PhaLP: A database for the study of phage lytic proteins and their evolution,Criel B.,Viruses,10.3390/v13071240,Journal,ar,Article,"Phage lytic proteins are a clinically advanced class of novel enzyme-based antibiotics, so-called enzybiotics. A growing community of researchers develops phage lytic proteins with the perspective of their use as enzybiotics. A successful translation of enzybiotics to the market requires well-considered selections of phage lytic proteins in early research stages. Here, we introduce PhaLP, a database of phage lytic proteins, which serves as an open portal to facilitate the development of phage lytic proteins. PhaLP is a comprehensive, easily accessible and automatically updated database (currently 16, 095 entries). Capitalizing on the rich content of PhaLP, we have mapped the high diversity of natural phage lytic proteins and conducted analyses at three levels to gain insight in their host-specific evolution. First, we provide an overview of the modular diversity. Secondly, datamining and interpretable machine learning approaches were adopted to reveal host-specific design rules for domain architectures in endolysins. Lastly, the evolution of phage lytic proteins on the protein sequence level was explored, revealing host-specific clusters. In sum, PhaLP can act as a starting point for the broad community of enzybiotic researchers, while the steadily improving evolutionary insights will serve as a natural inspiration for protein engineers.",True,"1. The abstract mentions the use of ""interpretable machine learning approaches"" to reveal ""host-specific design rules for domain architectures in endolysins."" This suggests that the researchers are using machine learning not just for prediction, but to uncover insights about the underlying biological processes related to phage lytic proteins.

2. The focus on ""host-specific design rules"" indicates that the explanations derived from the machine learning model are aimed at understanding the biological phenomena of phage lytic proteins and their evolution, rather than merely explaining the behavior of the model itself.

3. Since the insights drawn from the machine learning approach are intended to elucidate the underlying processes of phage lytic proteins, the explanations do indeed help in understanding these processes.
",True,"Step 1: Identify if any insights are being drawn by explaining the ML model.
- The abstract mentions ""interpretable machine learning approaches were adopted to reveal host-specific design rules for domain architectures in endolysins.""

Step 2: Determine if the explanations really help understand the underlying process or just the model.
- The insights are about ""host-specific design rules for domain architectures in endolysins"" and ""evolution of phage lytic proteins on the protein sequence level,"" which are underlying biological processes.
",,True,"In the provided abstract, the researchers describe the development of a database (PhaLP) for phage lytic proteins and mention the use of interpretable machine learning approaches to reveal host-specific design rules for domain architectures in endolysins. They also discuss conducting analyses to gain insights into the evolution of these proteins. 

The key point here is that while they are using machine learning techniques, the focus appears to be on understanding the natural processes and evolutionary insights related to phage lytic proteins. The mention of ""revealing host-specific design rules"" suggests that the researchers are not merely using the model explanations to improve predictions or deployment of their ML system, but rather to derive new scientific insights about the proteins and their evolution.

Since the explanations are being used to inform and enhance understanding of biological phenomena, rather than just for model validation or operational purposes, I would classify this as a case of scientific discovery.
",True,"Let's break down the abstract step by step:

1. **Introduction of PhaLP Database**: The abstract introduces PhaLP, a database for phage lytic proteins, which is intended to facilitate the development of these proteins as enzybiotics.

2. **Content and Purpose of PhaLP**: The database is described as comprehensive, easily accessible, and automatically updated, with a significant number of entries (16,095). This suggests that the database is a valuable resource for researchers.

3. **Analyses Conducted**:
   - **Modular Diversity**: An overview of the modular diversity of phage lytic proteins is provided.
   - **Datamining and Interpretable Machine Learning**: These approaches are used to reveal host-specific design rules for domain architectures in endolysins.
   - **Evolutionary Insights**: The evolution of phage lytic proteins on the protein sequence level is explored, revealing host-specific clusters.

4. **Purpose of Analyses**: The insights gained from these analyses are intended to serve as a natural inspiration for protein engineers and to act as a starting point for enzybiotic researchers.

**Key Points to Consider**:
- The researchers use datamining and interpretable machine learning approaches to reveal host-specific design rules and evolutionary insights.
- The abstract mentions that these insights will serve as a natural inspiration for protein engineers, suggesting that the findings are intended to inform scientific understanding and development.

**Conclusion**:
The researchers are using model explanations (interpretable machine learning) to gain insights into the natural processes and evolutionary patterns of phage lytic proteins. They explicitly mention that these insights will inspire further scientific work and protein engineering. Therefore, the explanations are being used for scientific discovery.
"
957,https://api.elsevier.com/content/abstract/scopus_id/85102646464,SCOPUS_ID:85102646464,2-s2.0-85102646464,A solution to the dilemma `limiting similarity vs. limiting dissimilarity' by a method of transparent artificial intelligence,Kalmykov L.V.,"Chaos, Solitons and Fractals",10.1016/j.chaos.2021.110814,Journal,ar,Article,"Ecological hypotheses of ‘limiting similarity’ and ‘limiting dissimilarity’ formulate the alleged conditions for implementing the competitive exclusion. The limiting similarity hypothesis assumes that exceeding a threshold of interspecific similarity leads to competitive exclusion. The hypothesis of limiting dissimilarity states the opposite - a condition of implementing competitive exclusion is exceeding of a threshold of interspecific dissimilarity. These hypotheses clearly contradict each other and we tested them on the model of competition at different values of relative competitiveness of the species. The model of competition under study we implemented as automatic deductive inference by a method of a completely transparent and completely explainable artificial intelligence. In order to strictly verify the hypotheses, we have excluded different possible factors promoting competitive coexistence. We have achieved that by ensuring that all conditions for the studied complete competitors were equal, with the exception of competitiveness of the species. Using our individual-based cellular automata model we demonstrate that two trophically identical species aggressively competing for a single limiting resource, all other things being equal, may coexist in one limited habitat until the threshold of differences in competitiveness exceeds 31%. The obtained results reject the hypothesis of limiting similarity and confirm the hypothesis about the limiting dissimilarity. The results are of importance for evolution theory and for finding pathways to ecological sustainability. Our individual-based modelling approach, based on the transparent and explainable artificial intelligence, opens up great prospects for a variety of theoretical and applied fields.",True,"The abstract describes a study that uses a transparent and explainable artificial intelligence method to test ecological hypotheses related to competition between species. The focus is on understanding the conditions for competitive exclusion, specifically examining the hypotheses of limiting similarity and limiting dissimilarity. The use of a completely explainable AI suggests that the insights drawn from the model are aimed at understanding the underlying ecological processes rather than merely explaining the model's behavior. The results provide evidence that supports the limiting dissimilarity hypothesis, which contributes to the understanding of ecological dynamics.
",True,"Step-by-step analysis:

1. **Title Analysis**: The title mentions ""transparent artificial intelligence,"" which suggests the use of interpretable methods.
2. **Abstract Analysis**:
   - **Hypotheses**: The study tests two ecological hypotheses: limiting similarity and limiting dissimilarity.
   - **Method**: The model of competition is implemented using a ""completely transparent and completely explainable artificial intelligence.""
   - **Verification**: The study ensures all conditions are equal except for the competitiveness of the species.
   - **Results**: The study finds that species coexist until the threshold of differences in competitiveness exceeds 31%, rejecting the limiting similarity hypothesis and confirming the limiting dissimilarity hypothesis.
   - **Implications**: The results are significant for evolution theory and ecological sustainability.

3. **Explanation of ML Model**: The abstract does not detail how the explainable AI (e.g., SHAP) is used to interpret the model. It only mentions that the AI is transparent and explainable.

4. **Insights on Underlying Processes**: The study's results provide insights into the ecological process of competitive exclusion, specifically supporting the limiting dissimilarity hypothesis.

Conclusion: The abstract indicates that the study uses explainable AI to understand the underlying ecological process rather than just explaining the model's behavior.
",,True,"The researchers in the abstract are using a transparent and explainable artificial intelligence model to test ecological hypotheses related to competitive exclusion. They specifically mention that they implemented their model to strictly verify the hypotheses by controlling for various factors, which indicates a focus on understanding the underlying ecological processes rather than merely deploying a machine learning system for predictions. The results they obtained are used to reject one hypothesis and confirm another, which suggests that they are making new claims about ecological theory based on their findings.

While the model is described as explainable, the emphasis on hypothesis testing and the implications for evolution theory and ecological sustainability indicate that the researchers are using the model explanations to gain insights into natural processes. Therefore, the explanations are not limited to aiding in model deployment but are integral to the scientific discovery process.
",True,"Step-by-step analysis:

1. **Title Analysis**: The title suggests that the study aims to resolve an ecological dilemma using transparent artificial intelligence. This indicates a focus on understanding ecological hypotheses through AI.

2. **Abstract Analysis**:
   - **Hypotheses**: The study tests two ecological hypotheses: limiting similarity and limiting dissimilarity.
   - **Model Implementation**: The researchers implemented a model of competition using a method described as ""completely transparent and completely explainable artificial intelligence.""
   - **Verification**: They aimed to strictly verify the hypotheses by controlling for various factors, ensuring that only the competitiveness of species varied.
   - **Results**: The study found that species coexist until a threshold of competitiveness differences exceeds 31%, rejecting the limiting similarity hypothesis and confirming the limiting dissimilarity hypothesis.
   - **Implications**: The results are claimed to be significant for evolution theory and ecological sustainability, suggesting that the findings have broader scientific implications.
   - **Prospects**: The abstract mentions that the individual-based modeling approach using explainable AI opens up prospects for theoretical and applied fields.

3. **Use of Model Explanations**:
   - The researchers used a transparent and explainable AI to implement and verify their model.
   - The results obtained from the model are used to make claims about ecological hypotheses and their implications for evolution theory and sustainability.

4. **Conclusion**:
   - The researchers are not merely using model explanations to aid in deploying their ML system or making predictions.
   - They are explicitly using the results derived from the model to make new scientific claims about ecological hypotheses and natural processes.

Given the detailed use of model explanations to derive and support new scientific claims, it is clear that the researchers are using these explanations for scientific discovery.
"
958,https://api.elsevier.com/content/abstract/scopus_id/85107089164,SCOPUS_ID:85107089164,2-s2.0-85107089164,ECMarker: Interpretable machine learning model identifies gene expression biomarkers predicting clinical outcomes and reveals molecular mechanisms of human disease in early stages,Jin T.,Bioinformatics,10.1093/bioinformatics/btaa935,Journal,ar,Article,"Motivation: Gene expression and regulation, a key molecular mechanism driving human disease development, remains elusive, especially at early stages. Integrating the increasing amount of population-level genomic data and understanding gene regulatory mechanisms in disease development are still challenging. Machine learning has emerged to solve this, but many machine learning methods were typically limited to building an accurate prediction model as a 'black box', barely providing biological and clinical interpretability from the box. Results: To address these challenges, we developed an interpretable and scalable machine learning model, ECMarker, to predict gene expression biomarkers for disease phenotypes and simultaneously reveal underlying regulatory mechanisms. Particularly, ECMarker is built on the integration of semi- and discriminative-restricted Boltzmann machines, a neural network model for classification allowing lateral connections at the input gene layer. This interpretable model is scalable without needing any prior feature selection and enables directly modeling and prioritizing genes and revealing potential gene networks (from lateral connections) for the phenotypes. With application to the gene expression data of non-small-cell lung cancer patients, we found that ECMarker not only achieved a relatively high accuracy for predicting cancer stages but also identified the biomarker genes and gene networks implying the regulatory mechanisms in the lung cancer development. In addition, ECMarker demonstrates clinical interpretability as its prioritized biomarker genes can predict survival rates of early lung cancer patients (P-value < 0.005). Finally, we identified a number of drugs currently in clinical use for late stages or other cancers with effects on these early lung cancer biomarkers, suggesting potential novel candidates on early cancer medicine. Availabilityand implementation: ECMarker is open source as a general-purpose tool at https://github.com/daifengwanglab/ECMarker.",True,"The abstract describes the development of ECMarker, an interpretable machine learning model that not only predicts gene expression biomarkers for disease phenotypes but also reveals underlying regulatory mechanisms. The model identifies biomarker genes and gene networks that imply regulatory mechanisms in lung cancer development. This indicates that the explanations provided by the model contribute to understanding the biological processes involved in disease development rather than merely explaining the model's behavior.

True
",True,"Step-by-step analysis:

1. **Title Analysis**:
   - The title mentions ""interpretable machine learning"" and ""reveals molecular mechanisms of human disease in early stages,"" suggesting a focus on understanding underlying processes.

2. **Abstract Analysis**:
   - **Motivation**: The abstract highlights the challenge of understanding gene regulatory mechanisms in disease development.
   - **Results**: 
     - ECMarker is described as an interpretable model that predicts gene expression biomarkers and reveals underlying regulatory mechanisms.
     - The model integrates semi- and discriminative-restricted Boltzmann machines, allowing for the identification of gene networks.
     - Application to non-small-cell lung cancer data resulted in identifying biomarker genes and gene networks, implying regulatory mechanisms in lung cancer development.
     - The model's findings include potential drug candidates for early cancer treatment, suggesting insights into the disease process.

3. **Insights from ML Model**:
   - The model identifies biomarker genes and gene networks, which are directly related to understanding the regulatory mechanisms of lung cancer.
   - The identification of drugs affecting these biomarkers provides further insights into the disease process and potential treatments.

4. **Conclusion**:
   - The explanations provided by the model help understand the underlying biological processes (gene regulation and disease mechanisms) rather than just explaining the model's behavior.
",,True,"The researchers in the abstract describe the development of ECMarker, an interpretable machine learning model designed to predict gene expression biomarkers and reveal underlying regulatory mechanisms in human disease, specifically in early lung cancer. They emphasize that the model not only achieves high accuracy in predicting cancer stages but also identifies biomarker genes and gene networks that imply regulatory mechanisms in lung cancer development. 

The key points to consider are:

1. **Model Interpretability**: The researchers highlight that ECMarker provides clinical interpretability and can prioritize biomarker genes, which suggests that they are using the model's explanations to derive insights about biological processes.

2. **Scientific Claims**: They make claims about the regulatory mechanisms involved in lung cancer development and suggest potential novel drug candidates based on the identified biomarkers. This indicates that the explanations derived from the model are being used to make new scientific claims about disease mechanisms and treatment options.

3. **Integration of Data**: The model integrates population-level genomic data, which implies that the researchers are not just using the model for predictions but are also interested in understanding the underlying biological phenomena.

Given these points, it is clear that the researchers are using the model explanations to gain insights into natural processes and make claims about scientific phenomena, rather than solely for the purpose of deploying their ML system.
",True,"Step-by-step analysis:

1. **Title Analysis**:
   - The title suggests that the model identifies gene expression biomarkers and reveals molecular mechanisms of human disease. This implies a dual purpose: prediction and understanding biological processes.

2. **Motivation**:
   - The motivation section highlights the challenge of understanding gene regulatory mechanisms in disease development and the limitations of traditional machine learning models in providing biological and clinical interpretability.

3. **Results**:
   - The results section states that ECMarker predicts gene expression biomarkers and reveals underlying regulatory mechanisms. This suggests that the model is not just for prediction but also for understanding biological processes.
   - The model is described as interpretable and scalable, with the ability to model and prioritize genes and reveal potential gene networks.
   - The application to non-small-cell lung cancer data shows that ECMarker identifies biomarker genes and gene networks, implying regulatory mechanisms in lung cancer development.
   - The model's clinical interpretability is demonstrated by its ability to predict survival rates of early lung cancer patients.
   - The identification of drugs with effects on early lung cancer biomarkers suggests potential novel candidates for early cancer medicine.

4. **Conclusion**:
   - The abstract concludes with the availability of ECMarker as an open-source tool, emphasizing its general-purpose utility.

**Determination**:
- The researchers explicitly use the model explanations to make new claims about the regulatory mechanisms in lung cancer development and potential novel drug candidates. This goes beyond merely aiding in deploying the ML system and making predictions.

**Final Decision**:"
959,https://api.elsevier.com/content/abstract/scopus_id/85108389324,SCOPUS_ID:85108389324,2-s2.0-85108389324,Revealing the phase diagram of Kitaev materials by machine learning: Cooperation and competition between spin liquids,Liu K.,Physical Review Research,10.1103/PhysRevResearch.3.023016,Journal,ar,Article,"Kitaev materials are promising materials for hosting quantum spin liquids and investigating the interplay of topological and symmetry-breaking phases. We use an unsupervised and interpretable machine-learning method, the tensorial-kernel support vector machine, to study the honeycomb Kitaev-Γ model in a magnetic field. Our machine learns the global classical phase diagram and the associated analytical order parameters, including several distinct spin liquids, two exotic S3 magnets, and two modulated S3×Z3 magnets. We find that the extension of Kitaev spin liquids and a field-induced suppression of magnetic order already occur in the large-S limit, implying that critical parts of the physics of Kitaev materials can be understood at the classical level. Moreover, the two S3×Z3 orders are induced by competition between Kitaev and Γ spin liquids and feature a different type of spin-lattice entangled modulation, which requires a matrix description instead of scalar phase factors. Our work provides a direct instance of a machine detecting new phases and paves the way towards the development of automated tools to explore unsolved problems in many-body physics.",True,"The abstract describes the use of a machine learning method to study the phase diagram of Kitaev materials, focusing on the identification of distinct phases and their relationships. The insights drawn from the machine learning model include the discovery of new phases, the understanding of the competition between different spin liquids, and the identification of order parameters. These insights contribute to understanding the underlying physical processes in the materials rather than just explaining the behavior of the machine learning model itself.
",True,"Step-by-step analysis:

1. **Title Analysis**: The title suggests the use of machine learning to reveal the phase diagram of Kitaev materials, focusing on the cooperation and competition between spin liquids.

2. **Abstract Analysis**:
   - **Method**: The study uses an unsupervised and interpretable machine-learning method, specifically the tensorial-kernel support vector machine.
   - **Objective**: The goal is to study the honeycomb Kitaev-Γ model in a magnetic field.
   - **Findings**: The machine learning model learns the global classical phase diagram and identifies analytical order parameters, including various spin liquids and exotic magnets.
   - **Insights**: The study finds that critical parts of the physics of Kitaev materials can be understood at the classical level, and it identifies new phases induced by the competition between different spin liquids.
   - **Conclusion**: The work demonstrates that the machine learning model detects new phases and provides insights into the underlying physical processes.

3. **Explanation of ML Model**: The abstract does not focus on explaining the behavior of the machine learning model itself but rather on the insights gained about the underlying physical processes of the Kitaev materials.

4. **Understanding Underlying Processes**: The explanations provided by the machine learning model help understand the underlying phenomena, such as the extension of Kitaev spin liquids, field-induced suppression of magnetic order, and the competition between different spin liquids.

Conclusion: The research uses explainable ML to study and understand the underlying processes of the physical phenomena.
",,True,"In the provided abstract, the researchers utilize a machine learning method to study the phase diagram of Kitaev materials, which are of significant interest in the context of quantum spin liquids. They mention that their machine learning approach helps in learning the global classical phase diagram and identifying various distinct phases, including spin liquids and magnetic orders. 

The key aspect here is that the researchers are not merely using the machine learning model for predictions or deployment; they are leveraging the model to uncover and understand complex physical phenomena, such as the interplay between different types of spin liquids and the emergence of new phases. They explicitly state that their work provides a direct instance of a machine detecting new phases, which indicates that the explanations derived from the model are being used to make new scientific claims about the underlying physical processes.

Thus, the explanations are not limited to understanding the model itself but are being used to gain insights into the natural processes governing the behavior of Kitaev materials. This suggests that the researchers are indeed using the model explanations for scientific discovery.
",True,"Step 1: Identify the machine learning method used.
- The researchers use an unsupervised and interpretable machine-learning method, the tensorial-kernel support vector machine.

Step 2: Determine the purpose of the machine learning method.
- The purpose is to study the honeycomb Kitaev-Γ model in a magnetic field and to learn the global classical phase diagram and the associated analytical order parameters.

Step 3: Examine the results and claims made by the researchers.
- The machine learning method identifies several distinct spin liquids, two exotic S3 magnets, and two modulated S3×Z3 magnets.
- The researchers claim that critical parts of the physics of Kitaev materials can be understood at the classical level.
- They also identify new phases induced by competition between Kitaev and Γ spin liquids, which feature a different type of spin-lattice entangled modulation.

Step 4: Assess whether the explanations are used to understand the model or the underlying scientific phenomena.
- The researchers use the machine learning method to detect new phases and understand the interplay of topological and symmetry-breaking phases in Kitaev materials.
- They make new scientific claims about the physics of Kitaev materials, such as the field-induced suppression of magnetic order and the nature of spin-lattice entangled modulation.

Conclusion: The researchers are using the model explanations to make new scientific claims about the underlying natural processes and phenomena in Kitaev materials.
"
1012,https://api.elsevier.com/content/abstract/scopus_id/85098009930,SCOPUS_ID:85098009930,2-s2.0-85098009930,Potentially adaptive SARS-CoV-2 mutations discovered with novel spatiotemporal and explainable AI models,Garvin M.R.,Genome Biology,10.1186/s13059-020-02191-0,Journal,ar,Article,"Background: A mechanistic understanding of the spread of SARS-CoV-2 and diligent tracking of ongoing mutagenesis are of key importance to plan robust strategies for confining its transmission. Large numbers of available sequences and their dates of transmission provide an unprecedented opportunity to analyze evolutionary adaptation in novel ways. Addition of high-resolution structural information can reveal the functional basis of these processes at the molecular level. Integrated systems biology-directed analyses of these data layers afford valuable insights to build a global understanding of the COVID-19 pandemic. Results: Here we identify globally distributed haplotypes from 15,789 SARS-CoV-2 genomes and model their success based on their duration, dispersal, and frequency in the host population. Our models identify mutations that are likely compensatory adaptive changes that allowed for rapid expansion of the virus. Functional predictions from structural analyses indicate that, contrary to previous reports, the Asp614Gly mutation in the spike glycoprotein (S) likely reduced transmission and the subsequent Pro323Leu mutation in the RNA-dependent RNA polymerase led to the precipitous spread of the virus. Our model also suggests that two mutations in the nsp13 helicase allowed for the adaptation of the virus to the Pacific Northwest of the USA. Finally, our explainable artificial intelligence algorithm identified a mutational hotspot in the sequence of S that also displays a signature of positive selection and may have implications for tissue or cell-specific expression of the virus. Conclusions: These results provide valuable insights for the development of drugs and surveillance strategies to combat the current and future pandemics.",True,"1. The research identifies mutations in SARS-CoV-2 and their potential adaptive significance using an explainable AI algorithm.
2. The explanations provided by the model help to identify a mutational hotspot and its implications for viral adaptation and transmission, which are insights into the underlying biological processes rather than just the model behavior.
3. The insights drawn from the explainable AI contribute to understanding the evolutionary adaptation of the virus.
",True,"Step-by-step analysis:

1. **Objective**: The research aims to understand the spread and mutagenesis of SARS-CoV-2.
2. **Data**: Utilizes 15,789 SARS-CoV-2 genomes, their transmission dates, and high-resolution structural information.
3. **Modeling**: Models the success of haplotypes based on duration, dispersal, and frequency.
4. **Findings**:
   - Identifies mutations likely to be compensatory adaptive changes.
   - Functional predictions from structural analyses provide insights into specific mutations (e.g., Asp614Gly, Pro323Leu, nsp13 helicase mutations).
   - An explainable AI algorithm identifies a mutational hotspot with a signature of positive selection.

**Key Insight**: The research uses explainable AI to identify and understand specific mutations and their functional implications, which are directly related to the underlying biological processes of viral adaptation and spread.

**Conclusion**: The explanations provided by the AI model help understand the underlying biological processes, not just the model behavior.
",,True,"In the provided abstract, the researchers utilize explainable AI (XAI) to identify and understand specific mutations in the SARS-CoV-2 virus and their implications for transmission and adaptation. They mention that their explainable AI algorithm identified a mutational hotspot that displays a signature of positive selection, which suggests that the explanations derived from the model are being used to make new claims about the biological significance of these mutations. 

The researchers are not merely using the model explanations to understand the model's predictions; they are leveraging these insights to draw conclusions about the underlying biological processes and evolutionary adaptations of the virus. This indicates that the explanations are contributing to scientific discovery rather than just aiding in model deployment.
",True,"Step 1: Identify the purpose of the study.
- The study aims to understand the spread of SARS-CoV-2 and track ongoing mutations to plan strategies for confining its transmission.

Step 2: Examine the data and methods used.
- The researchers use 15,789 SARS-CoV-2 genomes, their transmission dates, and high-resolution structural information.
- They employ integrated systems biology-directed analyses and explainable AI models.

Step 3: Determine the role of the explainable AI models.
- The models identify globally distributed haplotypes and mutations that are likely compensatory adaptive changes.
- Functional predictions from structural analyses are used to make claims about specific mutations (e.g., Asp614Gly and Pro323Leu) and their effects on transmission and spread.
- The explainable AI algorithm identifies a mutational hotspot with a signature of positive selection.

Step 4: Assess if the researchers use model explanations to make new scientific claims.
- The researchers use the model to identify specific mutations and their potential adaptive significance.
- They make claims about the functional impact of these mutations on the virus's transmission and adaptation.
- The conclusions drawn from the model are used to provide insights for drug development and surveillance strategies.

Conclusion: The researchers are using the model explanations to make new claims about the natural processes and scientific phenomena related to SARS-CoV-2 mutations and their impact on transmission and adaptation. They are not merely using the explanations to aid in deploying the ML system or making predictions.
"
1016,https://api.elsevier.com/content/abstract/scopus_id/85085264249,SCOPUS_ID:85085264249,2-s2.0-85085264249,A biochemically-interpretable machine learning classifier for microbial GWAS,Kavvas E.S.,Nature Communications,10.1038/s41467-020-16310-9,Journal,ar,Article,"Current machine learning classifiers have successfully been applied to whole-genome sequencing data to identify genetic determinants of antimicrobial resistance (AMR), but they lack causal interpretation. Here we present a metabolic model-based machine learning classifier, named Metabolic Allele Classifier (MAC), that uses flux balance analysis to estimate the biochemical effects of alleles. We apply the MAC to a dataset of 1595 drug-tested Mycobacterium tuberculosis strains and show that MACs predict AMR phenotypes with accuracy on par with mechanism-agnostic machine learning models (isoniazid AUC = 0.93) while enabling a biochemical interpretation of the genotype-phenotype map. Interpretation of MACs for three antibiotics (pyrazinamide, para-aminosalicylic acid, and isoniazid) recapitulates known AMR mechanisms and suggest a biochemical basis for how the identified alleles cause AMR. Extending flux balance analysis to identify accurate sequence classifiers thus contributes mechanistic insights to GWAS, a field thus far dominated by mechanism-agnostic results.",True,"The research abstract describes a machine learning classifier (MAC) that integrates flux balance analysis to provide biochemical interpretations of genetic determinants of antimicrobial resistance (AMR). The key focus is on how the identified alleles influence AMR through biochemical mechanisms, rather than merely explaining the model's behavior. The insights drawn from the MAC help elucidate the genotype-phenotype relationships and recapitulate known AMR mechanisms, thereby contributing to a deeper understanding of the underlying biological processes.
",True,"Step-by-step analysis:

1. **Title Analysis**: The title mentions a ""biochemically-interpretable machine learning classifier,"" suggesting a focus on biochemical interpretation rather than just prediction.

2. **Abstract Analysis**:
   - **Objective**: The abstract states the goal is to identify genetic determinants of antimicrobial resistance (AMR) and provide causal interpretation.
   - **Method**: The Metabolic Allele Classifier (MAC) uses flux balance analysis to estimate biochemical effects of alleles.
   - **Results**: The MAC predicts AMR phenotypes with high accuracy and enables biochemical interpretation of the genotype-phenotype map.
   - **Insights**: The interpretation of MACs for three antibiotics recapitulates known AMR mechanisms and suggests a biochemical basis for how identified alleles cause AMR.
   - **Contribution**: Extending flux balance analysis to identify sequence classifiers contributes mechanistic insights to GWAS.

3. **Insight Evaluation**:
   - The abstract indicates that the MAC provides biochemical interpretations that recapitulate known mechanisms and suggest new biochemical bases for AMR.
   - These insights are about the underlying biochemical processes, not just the model's behavior.

Conclusion: The research uses explainable ML to understand underlying biochemical processes.
",,True,"The researchers in the abstract are using their machine learning classifier, the Metabolic Allele Classifier (MAC), not just to make predictions about antimicrobial resistance (AMR) but also to provide biochemical interpretations of the genotype-phenotype relationships. They explicitly state that their model enables a biochemical interpretation of the genotype-phenotype map and that the interpretation recapitulates known AMR mechanisms while suggesting a biochemical basis for how the identified alleles cause AMR. This indicates that they are using the model explanations to gain insights into biological processes and mechanisms, which goes beyond merely deploying the model for predictions.

Given this analysis, the explanations provided by the MAC contribute to scientific discovery by revealing new insights into the biochemical underpinnings of AMR.
",True,"Step 1: Identify the purpose of the machine learning classifier.
- The classifier, named Metabolic Allele Classifier (MAC), is designed to predict antimicrobial resistance (AMR) phenotypes.

Step 2: Determine if the explanations are used to understand the model or the underlying data.
- The abstract states that the MAC uses flux balance analysis to estimate the biochemical effects of alleles.
- The MAC provides a biochemical interpretation of the genotype-phenotype map.
- The interpretation of MACs for three antibiotics recapitulates known AMR mechanisms and suggests a biochemical basis for how the identified alleles cause AMR.

Step 3: Assess if the researchers are making new scientific claims based on the model explanations.
- The abstract claims that the MAC contributes mechanistic insights to GWAS, which has been dominated by mechanism-agnostic results.
- The researchers suggest a biochemical basis for how identified alleles cause AMR, which implies they are using the model explanations to make new scientific claims.

Conclusion: The researchers are using the model explanations to understand natural processes and scientific phenomena, specifically the biochemical basis of AMR.
"
1017,https://api.elsevier.com/content/abstract/scopus_id/85078195701,SCOPUS_ID:85078195701,2-s2.0-85078195701,A Multi-Omics Interpretable Machine Learning Model Reveals Modes of Action of Small Molecules,Patel-Murray N.L.,Scientific Reports,10.1038/s41598-020-57691-7,Journal,ar,Article,"High-throughput screening and gene signature analyses frequently identify lead therapeutic compounds with unknown modes of action (MoAs), and the resulting uncertainties can lead to the failure of clinical trials. We developed an approach for uncovering MoAs through an interpretable machine learning model of transcriptomics, epigenomics, metabolomics, and proteomics. Examining compounds with beneficial effects in models of Huntington’s Disease, we found common MoAs for compounds with unrelated structures, connectivity scores, and binding targets. The approach also predicted highly divergent MoAs for two FDA-approved antihistamines. We experimentally validated these effects, demonstrating that one antihistamine activates autophagy, while the other targets bioenergetics. The use of multiple omics was essential, as some MoAs were virtually undetectable in specific assays. Our approach does not require reference compounds or large databases of experimental data in related systems and thus can be applied to the study of agents with uncharacterized MoAs and to rare or understudied diseases.",True,"The research abstract describes the development of an interpretable machine learning model that integrates multiple omics data to uncover modes of action (MoAs) of small molecules. The focus is on understanding the underlying biological processes associated with the compounds, rather than merely explaining the behavior of the machine learning model itself. The findings reveal common MoAs for compounds with different structures and provide insights into the specific biological effects of the compounds, such as activation of autophagy and targeting bioenergetics. This indicates that the explanations derived from the model contribute to understanding the underlying phenomena related to the compounds' actions.

True
",True,"Step-by-step analysis:

1. **Objective**: The research aims to uncover modes of action (MoAs) of small molecules using an interpretable machine learning model.
2. **Data Used**: The model integrates transcriptomics, epigenomics, metabolomics, and proteomics data.
3. **Findings**: 
   - Common MoAs were identified for compounds with unrelated structures, connectivity scores, and binding targets.
   - Divergent MoAs were predicted for two FDA-approved antihistamines.
4. **Experimental Validation**: 
   - One antihistamine was found to activate autophagy.
   - The other was found to target bioenergetics.
5. **Importance of Multi-Omics**: The study highlights that some MoAs were undetectable in specific assays, emphasizing the necessity of using multiple omics data.
6. **Application**: The approach can be applied to agents with uncharacterized MoAs and to rare or understudied diseases.

**Conclusion**: The research uses interpretable machine learning to draw insights into the underlying biological processes (MoAs) of small molecules, rather than just explaining the model's behavior.
",,True,"In the provided abstract, the researchers developed an interpretable machine learning model to uncover modes of action (MoAs) of small molecules, particularly in the context of Huntington’s Disease. They emphasize that their approach allows for the identification of common MoAs across compounds with unrelated structures and that they experimentally validated these findings. The use of multiple omics data is highlighted as essential for detecting MoAs that might be missed in specific assays.

The explanations derived from the model are not merely for understanding the model itself; they are actively used to make new claims about the biological processes and mechanisms of action of the compounds studied. The researchers are leveraging the model's interpretability to gain insights into natural processes, specifically the biological effects of small molecules on disease mechanisms.

Given that the explanations are being used to derive new scientific insights and validate biological hypotheses, this indicates that the researchers are using the model explanations for scientific discovery rather than just for model deployment or prediction.
",True,"Step 1: The title suggests that the researchers are using an interpretable machine learning model to reveal modes of action (MoAs) of small molecules. This implies that they are using the model to gain insights into biological processes.

Step 2: The abstract mentions that the researchers developed an approach for uncovering MoAs through an interpretable machine learning model that integrates multiple omics data (transcriptomics, epigenomics, metabolomics, and proteomics).

Step 3: The researchers found common MoAs for compounds with unrelated structures, connectivity scores, and binding targets, and predicted divergent MoAs for two FDA-approved antihistamines. They experimentally validated these effects, demonstrating specific biological activities (e.g., autophagy activation and targeting bioenergetics).

Step 4: The abstract states that the use of multiple omics was essential for detecting some MoAs, which were virtually undetectable in specific assays. This indicates that the model provided insights that were not easily obtainable through traditional methods.

Step 5: The researchers claim that their approach can be applied to study agents with uncharacterized MoAs and to rare or understudied diseases, suggesting that the model explanations are being used to make new scientific claims about natural processes.

Conclusion: The researchers are using the model explanations to make new claims about the modes of action of small molecules, which are scientific phenomena. They are not merely using the explanations to aid in deploying their ML system or making predictions.
"
1022,https://api.elsevier.com/content/abstract/scopus_id/85095800721,SCOPUS_ID:85095800721,2-s2.0-85095800721,Global gene network exploration based on explainable artificial intelligence approach,Park H.,PLoS ONE,10.1371/journal.pone.0241508,Journal,ar,Article,"In recent years, personalized gene regulatory networks have received significant attention, and interpretation of the multilayer networks has been a critical issue for a comprehensive understanding of gene regulatory systems. Although several statistical and machine learning approaches have been developed and applied to reveal sample-specific regulatory pathways, integrative understanding of the massive multilayer networks remains a challenge. To resolve this problem, we propose a novel artificial intelligence (AI) strategy for comprehensive gene regulatory network analysis. In our strategy, personalized gene networks corresponding specific clinical characteristic are constructed and the constructed network is considered as a second-order tensor. Then, an explainable AI method based on deep learning is applied to decompose the multilayer networks, thus we can reveal all-encompassing gene regulatory systems characterized by clinical features of patients. To evaluate the proposed methodology, we apply our method to the multilayer gene networks under varying conditions of an epithelial-mesenchymal transition (EMT) process. From the comprehensive analysis of multilayer networks, we identified novel markers, and the biological mechanisms of the identified genes and their reciprocal mechanisms are verified through the literature. Although any biological knowledge about the identified genes was not incorporated in our analysis, our data-driven approach based on AI approach provides biologically reliable results. Furthermore, the results provide crucial evidences to reveal biological mechanism related to various diseases, e.g., keratinocyte proliferation. The use of explainable AI method based on the tensor decomposition enables us to reveal global and novel mechanisms of gene regulatory system from the massive multiple networks, which cannot be demonstrated by existing methods. We expect that the proposed method provides a new insight into network biology and it will be a useful tool to integrative gene network analysis related complex architectures of diseases.",True,"The abstract describes a study that uses an explainable AI method to analyze multilayer gene regulatory networks. The focus is on revealing biological mechanisms and identifying novel markers related to gene regulation and disease processes, rather than merely explaining the behavior of the machine learning model itself. The insights drawn from the analysis are aimed at understanding the underlying biological processes, such as the epithelial-mesenchymal transition (EMT) and keratinocyte proliferation, rather than just the model's predictions.

Therefore, the explanations provided by the explainable AI method contribute to understanding the underlying biological phenomena.
",True,"Step-by-step analysis:

1. **Objective**: The research aims to understand gene regulatory networks and their relation to clinical characteristics.
2. **Methodology**: 
   - Construct personalized gene networks.
   - Represent these networks as second-order tensors.
   - Apply an explainable AI method based on deep learning to decompose these networks.
3. **Outcome**: 
   - Identification of novel markers.
   - Verification of biological mechanisms through literature.
   - Insights into biological mechanisms related to diseases.
4. **Use of Explainable AI**: The explainable AI method is used to decompose the multilayer networks, revealing gene regulatory systems characterized by clinical features.
5. **Insights**: The insights drawn are about the underlying biological mechanisms and gene regulatory systems, not just the model behavior.

Conclusion: The explanations help understand the underlying processes.
",,True,"The researchers in the abstract are using an explainable AI method to analyze multilayer gene regulatory networks and to identify novel markers and biological mechanisms related to diseases. They emphasize that their approach provides biologically reliable results and reveals global and novel mechanisms of gene regulatory systems. The explanations derived from their AI method are not merely for understanding the model itself but are being used to make claims about biological processes and mechanisms, which suggests a deeper exploration of the underlying biological phenomena.

The researchers explicitly state that their data-driven approach provides crucial evidence to reveal biological mechanisms related to various diseases, indicating that they are using the model explanations to support scientific discovery rather than just for model interpretation or deployment.
",True,"Let's break down the abstract step by step:

1. **Objective**: The researchers aim to understand personalized gene regulatory networks and their multilayer structures, which are complex and challenging to interpret.

2. **Methodology**: They propose a novel AI strategy that constructs personalized gene networks and uses an explainable AI method based on deep learning to decompose these networks.

3. **Application**: They apply their method to gene networks under varying conditions of the epithelial-mesenchymal transition (EMT) process.

4. **Findings**: They identify novel markers and verify the biological mechanisms of these genes through literature, despite not incorporating any prior biological knowledge in their analysis.

5. **Implications**: The results provide crucial evidence for understanding biological mechanisms related to diseases, such as keratinocyte proliferation. They claim that their method reveals global and novel mechanisms of gene regulatory systems that existing methods cannot demonstrate.

6. **Conclusion**: They expect their method to provide new insights into network biology and be a useful tool for integrative gene network analysis related to complex disease architectures.

**Analysis**:
- The researchers are using the explainable AI method to decompose multilayer networks and identify novel markers and mechanisms.
- They explicitly state that the identified biological mechanisms are verified through literature, suggesting that they are making new claims about biological processes based on their model's explanations.
- The abstract emphasizes that their AI approach provides biologically reliable results and crucial evidence for understanding disease mechanisms, which indicates that they are using the model explanations to make scientific discoveries.

Given the explicit claims about revealing biological mechanisms and providing new insights into network biology, it is clear that the researchers are using model explanations to understand natural processes and scientific phenomena.
"
1029,https://api.elsevier.com/content/abstract/scopus_id/85092538137,SCOPUS_ID:85092538137,2-s2.0-85092538137,Investigating the physics of tokamak global stability with interpretable machine learning tools,Murari A.,Applied Sciences (Switzerland),10.3390/APP10196683,Journal,ar,Article,"The inadequacies of basic physics models for disruption prediction have induced the community to increasingly rely on data mining tools. In the last decade, it has been shown how machine learning predictors can achieve a much better performance than those obtained with manually identified thresholds or empirical descriptions of the plasma stability limits. The main criticisms of these techniques focus therefore on two different but interrelated issues: poor ""physics fidelity"" and limited interpretability. Insufficient ""physics fidelity"" refers to the fact that the mathematical models of most data mining tools do not reflect the physics of the underlying phenomena. Moreover, they implement a black box approach to learning, which results in very poor interpretability of their outputs. To overcome or at least mitigate these limitations, a general methodology has been devised and tested, with the objective of combining the predictive capability of machine learning tools with the expression of the operational boundary in terms of traditional equations more suited to understanding the underlying physics. The proposed approach relies on the application of machine learning classifiers (such as Support Vector Machines or Classification Trees) and Symbolic Regression via Genetic Programming directly to experimental databases. The results are very encouraging. The obtained equations of the boundary between the safe and disruptive regions of the operational space present almost the same performance as the machine learning classifiers, based on completely independent learning techniques. Moreover, these models possess significantly better predictive power than traditional representations, such as the Hugill or the beta limit. More importantly, they are realistic and intuitive mathematical formulas, which are well suited to supporting theoretical understanding and to benchmarking empirical models. They can also be deployed easily and efficiently in real-time feedback systems.",True,"The research abstract discusses the use of interpretable machine learning tools to derive equations that describe the boundary between safe and disruptive operational regions in tokamak physics. The focus is on combining the predictive capabilities of machine learning with traditional physics equations to enhance understanding of the underlying phenomena. The results indicate that the derived equations are realistic and intuitive, which supports theoretical understanding and benchmarking of empirical models. This suggests that the explanations provided by the interpretable machine learning methods contribute to understanding the underlying processes rather than just the model behavior.
",True,"Step-by-step analysis:

1. **Objective**: The research aims to combine the predictive capability of machine learning tools with traditional equations to understand the underlying physics of tokamak global stability.
2. **Methodology**: The approach involves using machine learning classifiers and Symbolic Regression via Genetic Programming on experimental databases.
3. **Outcome**: The results are mathematical formulas that describe the boundary between safe and disruptive operational spaces.
4. **Interpretability**: These formulas are realistic and intuitive, aiding theoretical understanding and benchmarking empirical models.

The explanations derived from the machine learning models are used to generate equations that help understand the underlying physical processes of tokamak stability, not just the model behavior.
",,True,"The abstract discusses the use of interpretable machine learning tools to address the limitations of traditional physics models in predicting disruptions in tokamak operations. The researchers acknowledge the issues of ""poor physics fidelity"" and ""limited interpretability"" in existing machine learning approaches. They propose a methodology that combines machine learning classifiers with traditional physics equations to enhance understanding of the underlying phenomena.

The key points in the abstract indicate that the researchers are not merely using model explanations for operational purposes but are actively seeking to bridge the gap between machine learning predictions and the underlying physics. They emphasize the development of realistic and intuitive mathematical formulas that not only perform well in predictions but also support theoretical understanding and benchmarking of empirical models. This suggests that the explanations derived from their models are being used to gain insights into the physics of tokamak stability, rather than just for deploying the ML system.

Given this context, it is clear that the researchers are using the model explanations to contribute to scientific discovery by enhancing the understanding of the underlying physical processes involved in tokamak stability.
",True,"Step 1: Identify the main focus of the research.
- The title and abstract indicate that the research is focused on investigating the physics of tokamak global stability using interpretable machine learning tools.

Step 2: Determine the purpose of using machine learning tools.
- The abstract mentions that machine learning predictors are used because they achieve better performance than traditional methods for disruption prediction.
- The researchers aim to combine the predictive capability of machine learning with traditional equations to better understand the underlying physics.

Step 3: Assess the role of interpretability in the research.
- The abstract highlights the issues of poor ""physics fidelity"" and limited interpretability in traditional machine learning models.
- The researchers propose a methodology that uses machine learning classifiers and Symbolic Regression to derive equations that are more interpretable and aligned with traditional physics models.

Step 4: Evaluate if the explanations are used to understand natural processes or scientific phenomena.
- The abstract states that the obtained equations are realistic and intuitive mathematical formulas that support theoretical understanding and benchmarking empirical models.
- The researchers claim that these models have significantly better predictive power and are well-suited for real-time feedback systems.

Step 5: Determine if new scientific claims are made based on the model explanations.
- The researchers explicitly state that the derived equations are almost as performant as the machine learning classifiers and better than traditional representations.
- They emphasize that these equations are realistic and intuitive, suggesting that they contribute to theoretical understanding.

Conclusion:
- The researchers are using the model explanations to derive new equations that are intended to improve theoretical understanding and benchmark empirical models. This indicates that they are making new claims about the underlying physics based on the model explanations.
"
1036,https://api.elsevier.com/content/abstract/scopus_id/85103957076,SCOPUS_ID:85103957076,2-s2.0-85103957076,Incorporating Physical Knowledge Into Machine Learning for Planetary Space Physics,Azari A.R.,Frontiers in Astronomy and Space Sciences,10.3389/fspas.2020.00036,Journal,ar,Article,"Recent improvements in data collection volume from planetary and space physics missions have allowed the application of novel data science techniques. The Cassini mission for example collected over 600 gigabytes of scientific data from 2004 to 2017. This represents a surge of data on the Saturn system. In comparison, the previous mission to Saturn, Voyager over 20 years earlier, had onboard a ~70 kB 8-track storage ability. Machine learning can help scientists work with data on this larger scale. Unlike many applications of machine learning, a primary use in planetary space physics applications is to infer behavior about the system itself. This raises three concerns: first, the performance of the machine learning model, second, the need for interpretable applications to answer scientific questions, and third, how characteristics of spacecraft data change these applications. In comparison to these concerns, uses of “black box” or un-interpretable machine learning methods tend toward evaluations of performance only either ignoring the underlying physical process or, less often, providing misleading explanations for it. The present work uses Cassini data as a case study as these data are similar to space physics and planetary missions at Earth and other solar system objects. We build off a previous effort applying a semi-supervised physics-based classification of plasma instabilities in Saturn's magnetic environment, or magnetosphere. We then use this previous effort in comparison to other machine learning classifiers with varying data size access, and physical information access. We show that incorporating knowledge of these orbiting spacecraft data characteristics improves the performance and interpretability of machine leaning methods, which is essential for deriving scientific meaning. Building on these findings, we present a framework on incorporating physics knowledge into machine learning problems targeting semi-supervised classification for space physics data in planetary environments. These findings present a path forward for incorporating physical knowledge into space physics and planetary mission data analyses for scientific discovery.",True,"The abstract discusses the use of machine learning in the context of planetary space physics, specifically focusing on the incorporation of physical knowledge to improve the interpretability and performance of machine learning methods. It emphasizes the importance of understanding the underlying physical processes rather than merely evaluating model performance. The work aims to derive scientific meaning from the data by using a framework that integrates physical knowledge into the analysis, which suggests that the explanations provided are aimed at understanding the underlying phenomena rather than just the model behavior.
",True,"Step-by-step analysis:

1. **Title Analysis**: The title suggests incorporating physical knowledge into machine learning for planetary space physics, which implies a focus on understanding physical phenomena.

2. **Abstract Analysis**:
   - **Data Collection**: Mentions the large volume of data collected by the Cassini mission.
   - **Machine Learning Application**: States that machine learning is used to infer behavior about the system itself, which aligns with understanding underlying phenomena.
   - **Concerns Addressed**:
     - Performance of the model.
     - Need for interpretable applications to answer scientific questions.
     - Characteristics of spacecraft data affecting applications.
   - **Comparison with Black Box Methods**: Criticizes black box methods for not addressing underlying physical processes.
   - **Case Study**: Uses Cassini data to compare semi-supervised physics-based classification with other classifiers.
   - **Framework Presentation**: Proposes a framework for incorporating physical knowledge into machine learning for scientific discovery.

3. **Insights from ML Model**:
   - The abstract indicates that the study aims to improve the interpretability of machine learning methods by incorporating physical knowledge, which is essential for deriving scientific meaning.
   - The focus is on understanding the physical processes in Saturn's magnetosphere through interpretable machine learning methods.

4. **Conclusion**:
   - The explanations derived from the machine learning model are intended to help understand the underlying physical processes, not just the model behavior.
",,True,"The abstract discusses the application of machine learning in the context of planetary space physics, specifically using data from the Cassini mission. The researchers emphasize the importance of interpretability in their machine learning models, indicating that they are not only concerned with model performance but also with how these models can provide insights into the underlying physical processes of the Saturn system. They explicitly mention the need for interpretable applications to answer scientific questions and highlight the limitations of ""black box"" models that do not provide meaningful explanations of the physical phenomena being studied.

The researchers aim to incorporate physical knowledge into their machine learning framework, which suggests that they are using model explanations to derive scientific meaning and make new claims about the behavior of the system. This indicates a clear intention to use the model explanations for scientific discovery rather than merely for model deployment or performance evaluation.

Given this analysis, the researchers are using model explanations to understand natural processes and contribute to scientific discovery.
",True,"Step 1: Identify the primary use of machine learning in the research.
- The abstract states that a primary use of machine learning in planetary space physics applications is to infer behavior about the system itself.

Step 2: Determine the concerns raised by the researchers.
- The researchers raise three concerns: performance of the machine learning model, the need for interpretable applications to answer scientific questions, and how characteristics of spacecraft data change these applications.

Step 3: Evaluate the use of model explanations.
- The researchers compare their semi-supervised physics-based classification with other machine learning classifiers, emphasizing the importance of incorporating physical knowledge to improve performance and interpretability.
- They claim that incorporating knowledge of spacecraft data characteristics improves the performance and interpretability of machine learning methods, which is essential for deriving scientific meaning.

Step 4: Assess if the researchers are making new scientific claims based on model explanations.
- The researchers present a framework for incorporating physics knowledge into machine learning problems, targeting semi-supervised classification for space physics data.
- They suggest that their findings present a path forward for incorporating physical knowledge into space physics and planetary mission data analyses for scientific discovery.

Conclusion: The researchers are explicitly using model explanations to make new claims about scientific discovery by incorporating physical knowledge into their machine learning models.
"
1048,https://api.elsevier.com/content/abstract/scopus_id/85083804071,SCOPUS_ID:85083804071,2-s2.0-85083804071,Accelerated Discovery of Potential Organic Dyes for Dye-Sensitized Solar Cells by Interpretable Machine Learning Models and Virtual Screening,Wen Y.,Solar RRL,10.1002/solr.202000110,Journal,ar,Article,"The development of highly efficient dye-sensitized solar cells (DSSCs) is greatly hindered by the lack of a reliable and understandable quantitative structure–property relationship (QSPR) model. Herein, an accurate, robust, and interpretable QSPR model is established by combining the machine learning technique and computational quantum chemistry, and with this model, virtual screening as well as the assessment of synthetic accessibility is performed to identify new efficient and synthetically accessible organic dyes for DSSCs. Finally, eight promising organic dyes with high power conversion efficiency and synthetic accessibility are screened out from ≈10 000 candidates. Meanwhile, the interpretability of the model is used for deducing reasonable chemical rules for high-performance organic dyes, which are expected to contribute to further innovations for the practical applications of DSSCs.",True,"The abstract describes the use of an interpretable QSPR model to identify new organic dyes for dye-sensitized solar cells. It mentions that the interpretability of the model is used to deduce reasonable chemical rules for high-performance organic dyes. This indicates that the explanations derived from the model are being used to understand the underlying chemical processes that contribute to the performance of the dyes, rather than just explaining the model's behavior itself.
",True,"Step-by-step analysis:

1. **Title Analysis**: The title mentions ""Interpretable Machine Learning Models"" and ""Virtual Screening,"" suggesting a focus on understanding and discovery.

2. **Abstract Analysis**:
   - **QSPR Model**: The abstract discusses the creation of a QSPR model combining machine learning and computational quantum chemistry.
   - **Virtual Screening**: The model is used for virtual screening to identify new organic dyes.
   - **Interpretability**: The abstract explicitly states that the interpretability of the model is used for deducing reasonable chemical rules for high-performance organic dyes.

3. **Insight Extraction**:
   - The interpretability of the model is used to deduce chemical rules.
   - These rules are expected to contribute to further innovations in DSSCs.

4. **Understanding Underlying Processes**:
   - The chemical rules derived from the model's interpretability help understand the underlying chemical processes that lead to high-performance organic dyes.

Conclusion: The explanations derived from the interpretable machine learning model help understand the underlying chemical processes, not just the model behavior.
",,True,"In the provided abstract, the researchers describe the development of an interpretable quantitative structure–property relationship (QSPR) model to identify new organic dyes for dye-sensitized solar cells (DSSCs). They mention that the interpretability of the model is used to deduce reasonable chemical rules for high-performance organic dyes. This suggests that the explanations derived from the model are being utilized to understand underlying chemical principles and relationships, which can contribute to scientific knowledge and innovation in the field.

The researchers are not merely using the model explanations to improve predictions or aid in deploying their machine learning system; they are actively using the insights gained from the model to make claims about chemical rules and to guide further research in the area of organic dyes for DSSCs. This indicates a clear intention to leverage the model's interpretability for scientific discovery rather than just for model validation or deployment.

Therefore, I conclude that the explanations are being used for scientific discovery.
",True,"Step 1: Identify the purpose of the study.
- The study aims to develop highly efficient dye-sensitized solar cells (DSSCs) by creating an interpretable QSPR model.

Step 2: Determine the role of the interpretable model.
- The QSPR model is used for virtual screening and assessing synthetic accessibility to identify new efficient organic dyes.

Step 3: Examine how the interpretability of the model is utilized.
- The interpretability of the model is used for deducing reasonable chemical rules for high-performance organic dyes.

Step 4: Assess if the researchers are making new scientific claims based on model explanations.
- The researchers claim that the interpretability of the model helps deduce chemical rules, which they expect to contribute to further innovations in DSSCs.

Step 5: Evaluate if these claims are about understanding the model or the underlying natural processes.
- The researchers are using the model's interpretability to deduce chemical rules, which implies they are making claims about the underlying chemical phenomena, not just the model.

Given the researchers are using model explanations to deduce chemical rules and make claims about the underlying chemical phenomena, it appears they are using the explanations for scientific discovery.
"
1052,https://api.elsevier.com/content/abstract/scopus_id/85084026406,SCOPUS_ID:85084026406,2-s2.0-85084026406,"EXplainable Artificial Intelligence (XAI) for the identification of biologically relevant gene expression patterns in longitudinal human studies, insights from obesity research",Anguita-Ruiz A.,PLoS Computational Biology,10.1371/journal.pcbi.1007792,Journal,ar,Article,"Until date, several machine learning approaches have been proposed for the dynamic modeling of temporal omics data. Although they have yielded impressive results in terms of model accuracy and predictive ability, most of these applications are based on “Black-box” algorithms and more interpretable models have been claimed by the research community. The recent eXplainable Artificial Intelligence (XAI) revolution offers a solution for this issue, were rule-based approaches are highly suitable for explanatory purposes. The further integration of the data mining process along with functional-annotation and pathway analyses is an additional way towards more explanatory and biologically soundness models. In this paper, we present a novel rule-based XAI strategy (including pre-processing, knowledge-extraction and functional validation) for finding biologically relevant sequential patterns from longitudinal human gene expression data (GED). To illustrate the performance of our pipeline, we work on in vivo temporal GED collected within the course of a long-term dietary intervention in 57 subjects with obesity (GSE77962). As validation populations, we employ three independent datasets following the same experimental design. As a result, we validate primarily extracted gene patterns and prove the goodness of our strategy for the mining of biologically relevant gene-gene temporal relations. Our whole pipeline has been gathered under open-source software and could be easily extended to other human temporal GED applications.",True,"The abstract describes a novel rule-based XAI strategy aimed at identifying biologically relevant gene expression patterns from longitudinal human studies. The focus is on extracting sequential patterns and validating gene-gene temporal relations, which suggests that the research is more concerned with understanding biological processes rather than merely explaining the behavior of a machine learning model. The integration of functional annotation and pathway analyses indicates an effort to derive insights into underlying biological phenomena.

Since the explanations provided by the XAI approach are used to uncover biologically relevant patterns and relationships, rather than just to elucidate the model's behavior, it can be concluded that the research does indeed help understand underlying processes.
",True,"Step-by-step analysis:

1. **Title Analysis**: The title mentions ""identification of biologically relevant gene expression patterns"" and ""insights from obesity research,"" suggesting a focus on biological insights rather than just model performance.

2. **Abstract Analysis**:
   - The abstract mentions the use of XAI for explanatory purposes, specifically rule-based approaches.
   - It highlights the integration of data mining with functional-annotation and pathway analyses, which are methods to understand biological processes.
   - The goal is to find ""biologically relevant sequential patterns"" from gene expression data.
   - The validation of gene patterns and the mention of ""biologically relevant gene-gene temporal relations"" indicate that the insights are about the underlying biological processes, not just the model.

3. **Conclusion**: The explanations provided by the XAI strategy are used to understand the underlying biological processes in gene expression patterns related to obesity, not just the model behavior.
",,True,"The abstract describes a study that employs a novel rule-based XAI strategy to identify biologically relevant gene expression patterns from longitudinal human gene expression data. The researchers emphasize the integration of data mining with functional annotation and pathway analyses, which suggests that they are not only focused on the model's predictive ability but also on deriving meaningful biological insights from the data. They validate extracted gene patterns and demonstrate the effectiveness of their approach in mining biologically relevant relationships, indicating that they are using the model explanations to make claims about biological processes related to obesity.

The focus on functional validation and the extraction of biologically relevant patterns implies that the researchers are leveraging the model explanations to contribute to scientific understanding rather than merely improving model interpretability for deployment purposes.

Therefore, the explanations are being used for scientific discovery.
",True,"Step 1: The title and abstract indicate that the researchers are using XAI to identify biologically relevant gene expression patterns in longitudinal human studies, specifically in the context of obesity research.

Step 2: The abstract mentions that traditional machine learning approaches have been effective in terms of model accuracy and predictive ability but are often ""Black-box"" algorithms. The researchers claim that XAI offers a solution for making these models more interpretable.

Step 3: The researchers present a novel rule-based XAI strategy for finding biologically relevant sequential patterns from longitudinal human gene expression data. They emphasize the integration of data mining with functional-annotation and pathway analyses to create more explanatory and biologically sound models.

Step 4: The researchers validate their findings using three independent datasets and claim to have validated primarily extracted gene patterns, proving the effectiveness of their strategy for mining biologically relevant gene-gene temporal relations.

Step 5: The abstract concludes by stating that their pipeline is open-source and can be extended to other human temporal GED applications.

Analysis: The researchers are not merely using XAI to aid in deploying their ML system or making predictions. They are explicitly using the explanations provided by their XAI strategy to make new claims about biologically relevant gene expression patterns and gene-gene temporal relations. They validate these patterns with independent datasets, suggesting that they are using the model explanations to understand natural processes and scientific phenomena.
"
1058,https://api.elsevier.com/content/abstract/scopus_id/85076804300,SCOPUS_ID:85076804300,2-s2.0-85076804300,Extracting an Empirical Intermetallic Hydride Design Principle from Limited Data via Interpretable Machine Learning,Witman M.,Journal of Physical Chemistry Letters,10.1021/acs.jpclett.9b02971,Journal,ar,Article,"An open question in the metal hydride community is whether there are simple, physics-based design rules that dictate the thermodynamic properties of these materials across the variety of structures and chemistry they can exhibit. While black box machine learning-based algorithms can predict these properties with some success, they do not directly provide the basis on which these predictions are made, therefore complicating the a priori design of novel materials exhibiting a desired property value. In this work we demonstrate how feature importance, as identified by a gradient boosting tree regressor, uncovers the strong dependence of the metal hydride equilibrium H2 pressure on a volume-based descriptor that can be computed from just the elemental composition of the intermetallic alloy. Elucidation of this simple structure-property relationship is valid across a range of compositions, metal substitutions, and structural classes exhibited by intermetallic hydrides. This permits rational targeting of novel intermetallics for high-pressure hydrogen storage (low-stability hydrides) by their descriptor values, and we predict a known intermetallic to form a low-stability hydride (as confirmed by density functional theory calculations) that has not yet been experimentally investigated.",True,"1. The research abstract discusses the use of interpretable machine learning to uncover a structure-property relationship in intermetallic hydrides.
2. It highlights how feature importance from a gradient boosting tree regressor reveals the dependence of equilibrium H2 pressure on a volume-based descriptor derived from elemental composition.
3. The insights drawn from the model explain a physical relationship (structure-property) rather than just the model's behavior.
4. The explanations provided help understand the underlying thermodynamic properties and design principles of metal hydrides.
",True,"Step-by-step analysis:

1. **Objective**: The research aims to uncover design principles for metal hydrides, specifically focusing on their thermodynamic properties.
2. **Method**: The study uses a gradient boosting tree regressor to identify feature importance.
3. **Insight**: The feature importance analysis reveals a strong dependence of the metal hydride equilibrium H2 pressure on a volume-based descriptor.
4. **Application**: This relationship is valid across various compositions, metal substitutions, and structural classes, allowing for the rational design of new intermetallics.
5. **Validation**: The study predicts a new intermetallic hydride, confirmed by density functional theory calculations.

**Conclusion**: The insights drawn from the ML model (feature importance) help understand the underlying process (the relationship between volume-based descriptors and H2 pressure), not just the model itself.
",,True,"The researchers in the abstract are using model explanations to uncover a structure-property relationship in intermetallic hydrides, which suggests they are not merely using the explanations for model interpretability or deployment. They identify a specific volume-based descriptor that correlates with the equilibrium H2 pressure, which is a significant finding in the context of material design. This relationship allows them to rationally target new materials for hydrogen storage, indicating that the explanations derived from the model are being used to make new scientific claims about the properties of these materials.

The researchers explicitly state that their findings permit the rational targeting of novel intermetallics, and they even predict a new material based on their model's insights, which is confirmed by further theoretical calculations. This indicates that the model explanations are being leveraged to advance scientific understanding and discovery in the field of material science.

Therefore, the explanations are being used for scientific discovery.
",True,"Let's break down the abstract step by step:

1. **Research Question**: The researchers are investigating whether there are simple, physics-based design rules that dictate the thermodynamic properties of metal hydrides.

2. **Current State**: Black box machine learning algorithms can predict these properties but do not provide the basis for these predictions, complicating the design of new materials.

3. **Methodology**: The researchers use feature importance from a gradient boosting tree regressor to identify key features.

4. **Findings**: They uncover a strong dependence of the metal hydride equilibrium H2 pressure on a volume-based descriptor, which can be computed from the elemental composition of the intermetallic alloy.

5. **Implications**: This structure-property relationship is valid across various compositions, metal substitutions, and structural classes. It allows for the rational targeting of novel intermetallics for specific properties.

6. **Validation**: They predict a known intermetallic to form a low-stability hydride, confirmed by density functional theory calculations, which has not yet been experimentally investigated.

**Analysis**:
- The researchers are using the model explanations (feature importance) to uncover a relationship between the equilibrium H2 pressure and a volume-based descriptor.
- They claim this relationship is valid across different compositions and structural classes, suggesting a generalizable scientific principle.
- They use this relationship to predict new materials with desired properties, which is a form of scientific discovery.

Given that the researchers are explicitly using the model explanations to make new claims about the underlying physics and to predict new materials, it is clear they are using these explanations for scientific discovery.
"
1068,https://api.elsevier.com/content/abstract/scopus_id/85099539593,SCOPUS_ID:85099539593,2-s2.0-85099539593,Feature selection for reservoir analogues similarity ranking as model-based causal inference,Voskresenskiy A.,ECMOR 2020 - 17th European Conference on the Mathematics of Oil Recovery,10.3997/2214-4609.202035170,Conference Proceeding,cp,Conference Paper,"Petroleum geoscience has always been an important part of Earth sciences with a focus on investigating subsurface reservoirs of oil and gas. It is conventional to find teleconnections and long-distance dependencies in climate, environmental and social sciences based on available spatially distributed data across the globe. In the same token, similar attempts in subsurface geoscience face numerous obstacles, including very sparse and confidential datasets, a massive stratigraphic time scale of geological events, and scanty classification of the enormous variety of sedimentological and lithological concepts. One of the few data-driven workflows widely accepted inside the petroleum industry is the analysis of reservoir analogs in order to estimate missing values in available data and transfer geological assumptions and development strategies from similar reservoirs. Indeed, most of the datasets suffers with a high number of missing parameters compromising the quality of the predictions. Therefore, the similarity ranking of reservoirs and their formations had a few successful implementations recently. To tackle this issue, we propose enhanced feature selection approaches for similarity ranking enabling to perform robust missing values imputation and visual analytics along with discovering insightful causal relationships between reservoir parameters. Similarity measures for different reservoirs are the primary tool to obtain a ranking of analogs formations. The measure must be constrained for working with categorical and continuous features as key geological parameters (up to 200 parameters in dataset). We conducted several sensitivity analyses of various similarity measures, including a combined approach of Gower function with weighted parameters. The selection of relevant features highly depends on the response feature, which, in our case, is the recovery factor for hydrocarbon reserves. We employed Boruta and SHAP methods for feature selection process based on similarity ranking of reservoir analogs, which allow us to delineate causal relationships between petrophysical parameters across petroleum basins worldwide. Methodology is tested on a few target reservoirs from Middle East region with more than a thousand reservoirs available for ranking.",True,"The research abstract discusses the use of SHAP and other feature selection methods to analyze the similarity ranking of reservoirs and to discover causal relationships between reservoir parameters. The focus is on understanding the relationships and dependencies among geological features rather than merely explaining the behavior of a predictive model. The use of SHAP in this context is aimed at delineating causal relationships, which suggests that the explanations provided by the model are intended to enhance understanding of the underlying geological processes.
",True,"Step-by-step analysis:

1. **Objective**: The research aims to enhance feature selection for similarity ranking of reservoir analogs to improve missing values imputation and visual analytics.
2. **Methods**: The study uses Boruta and SHAP methods for feature selection based on similarity ranking.
3. **Insights**: The abstract mentions that these methods allow delineation of causal relationships between petrophysical parameters across petroleum basins.
4. **Focus**: The focus is on understanding causal relationships between geological parameters, not just on model behavior.

Conclusion: The explanations help understand the underlying geological processes.
",,True,"The abstract discusses the use of feature selection methods, including SHAP, to rank reservoir analogs and to understand causal relationships between petrophysical parameters. The researchers are employing these model explanations to enhance their understanding of the relationships within the data, particularly in the context of geological and petroleum sciences. They explicitly mention discovering insightful causal relationships, which suggests that they are not merely using the explanations for model deployment or prediction but are also aiming to derive scientific insights from the data.

The use of SHAP and other methods to delineate causal relationships indicates that the researchers are attempting to understand the underlying processes governing reservoir behavior, rather than just focusing on improving model performance. This aligns with the notion of scientific discovery, as they are looking to uncover new insights about the geological phenomena they are studying.

Therefore, the explanations provided by the model are being used to make new claims about the relationships between parameters in the context of petroleum geoscience.
",True,"Let's break down the abstract step by step:

1. **Context and Problem Statement**:
   - The research focuses on petroleum geoscience, specifically on subsurface reservoirs of oil and gas.
   - The problem involves sparse and confidential datasets, massive stratigraphic time scales, and a lack of classification in sedimentological and lithological concepts.
   - The goal is to analyze reservoir analogs to estimate missing values and transfer geological assumptions and development strategies.

2. **Proposed Solution**:
   - The researchers propose enhanced feature selection approaches for similarity ranking to perform robust missing values imputation and visual analytics.
   - They aim to discover insightful causal relationships between reservoir parameters.

3. **Methodology**:
   - Similarity measures are used to rank reservoir analogs.
   - Sensitivity analyses of various similarity measures, including the Gower function with weighted parameters, are conducted.
   - Feature selection is performed using Boruta and SHAP methods based on the similarity ranking of reservoir analogs.

4. **Claims and Outcomes**:
   - The researchers claim that their methodology allows them to delineate causal relationships between petrophysical parameters across petroleum basins worldwide.
   - The methodology is tested on target reservoirs from the Middle East region.

**Analysis**:
- The researchers use SHAP and Boruta methods for feature selection, which are tools for understanding the model's behavior and the importance of features.
- They explicitly state that these methods allow them to delineate causal relationships between petrophysical parameters.
- This suggests that they are using the model explanations not just to improve the model or make predictions, but to make new claims about the underlying geological processes.

Given the explicit mention of discovering causal relationships and the application of these methods to understand geological parameters, it appears that the researchers are using model explanations to make scientific claims.

**Conclusion**:
- The researchers are using model explanations to understand natural processes or scientific phenomena.
"
1096,https://api.elsevier.com/content/abstract/scopus_id/85074246163,SCOPUS_ID:85074246163,2-s2.0-85074246163,Identification of advanced spin-driven thermoelectric materials via interpretable machine learning,Iwasaki Y.,npj Computational Materials,10.1038/s41524-019-0241-9,Journal,ar,Article,"Machine learning is becoming a valuable tool for scientific discovery. Particularly attractive is the application of machine learning methods to the field of materials development, which enables innovations by discovering new and better functional materials. To apply machine learning to actual materials development, close collaboration between scientists and machine learning tools is necessary. However, such collaboration has been so far impeded by the black box nature of many machine learning algorithms. It is often difficult for scientists to interpret the data-driven models from the viewpoint of material science and physics. Here, we demonstrate the development of spin-driven thermoelectric materials with anomalous Nernst effect by using an interpretable machine learning method called factorized asymptotic Bayesian inference hierarchical mixture of experts (FAB/HMEs). Based on prior knowledge of material science and physics, we were able to extract from the interpretable machine learning some surprising correlations and new knowledge about spin-driven thermoelectric materials. Guided by this, we carried out an actual material synthesis that led to the identification of a novel spin-driven thermoelectric material. This material shows the largest thermopower to date.",True,"The abstract describes the use of an interpretable machine learning method (FAB/HMEs) to identify advanced spin-driven thermoelectric materials. It emphasizes the extraction of surprising correlations and new knowledge about these materials, which suggests that the explanations derived from the machine learning model are being used to gain insights into the underlying physical processes related to spin-driven thermoelectricity. The collaboration between material science knowledge and the machine learning approach indicates that the explanations are aimed at understanding the phenomena rather than just the model behavior.
",True,"Step-by-step analysis:

1. **Title Analysis**: The title mentions ""interpretable machine learning"" and ""identification of advanced spin-driven thermoelectric materials,"" suggesting a focus on understanding materials through interpretable ML.

2. **Abstract Analysis**:
   - **Introduction**: The abstract starts by highlighting the value of machine learning in scientific discovery, particularly in materials development.
   - **Problem Statement**: It mentions the challenge of the black box nature of many ML algorithms, which hinders collaboration between scientists and ML tools.
   - **Methodology**: The study uses an interpretable machine learning method called FAB/HMEs.
   - **Insights**: The abstract states that based on prior knowledge of material science and physics, the interpretable ML method helped extract surprising correlations and new knowledge about spin-driven thermoelectric materials.
   - **Outcome**: This guided the actual material synthesis, leading to the identification of a novel material with significant thermopower.

3. **Insight Evaluation**:
   - The insights derived from the interpretable ML method are based on material science and physics.
   - The correlations and new knowledge extracted are about the underlying phenomena of spin-driven thermoelectric materials, not just the model behavior.

Conclusion: The explanations provided by the interpretable ML method help understand the underlying processes of spin-driven thermoelectric materials.
",,True,"The researchers in the abstract are using interpretable machine learning to extract insights about spin-driven thermoelectric materials, which indicates a focus on understanding the underlying scientific phenomena rather than just the model itself. They mention that they were able to extract ""surprising correlations and new knowledge"" about the materials, which suggests that the explanations provided by the machine learning model are being used to inform their understanding of material science and physics. Furthermore, the successful identification of a novel material based on these insights implies that the explanations are contributing to scientific discovery rather than merely aiding in model deployment or prediction.

Given this analysis, the explanations are being used to make new claims about the materials and their properties, indicating a clear application in the realm of scientific discovery.
",True,"Let's break down the abstract step by step:

1. **Introduction to the Problem**: The abstract starts by highlighting the value of machine learning in scientific discovery, particularly in materials development. This sets the stage for the importance of the study.

2. **Challenge**: It mentions the challenge posed by the black box nature of many machine learning algorithms, which makes it difficult for scientists to interpret the models from a material science and physics perspective.

3. **Methodology**: The researchers used an interpretable machine learning method called factorized asymptotic Bayesian inference hierarchical mixture of experts (FAB/HMEs).

4. **Interpretation and Discovery**: The key part of the abstract states that ""Based on prior knowledge of material science and physics, we were able to extract from the interpretable machine learning some surprising correlations and new knowledge about spin-driven thermoelectric materials.""

5. **Application and Validation**: They then used this new knowledge to guide actual material synthesis, which led to the identification of a novel spin-driven thermoelectric material with the largest thermopower to date.

**Analysis**:
- The researchers explicitly mention that they extracted ""surprising correlations and new knowledge"" from the interpretable machine learning model.
- They used this new knowledge to guide the synthesis of a new material, which implies that the model explanations were directly used to make new scientific claims and discoveries.

Given this detailed analysis, it is clear that the researchers are using the model explanations not just to understand the model but to make new scientific discoveries about spin-driven thermoelectric materials.

**Conclusion**:"
1120,https://api.elsevier.com/content/abstract/scopus_id/85042180619,SCOPUS_ID:85042180619,2-s2.0-85042180619,Iterative random forests to discover predictive and stable high-order interactions,Basu S.,Proceedings of the National Academy of Sciences of the United States of America,10.1073/pnas.1711236115,Journal,ar,Article,"Genomics has revolutionized biology, enabling the interrogation of whole transcriptomes, genome-wide binding sites for proteins, and many other molecular processes. However, individual genomic assays measure elements that interact in vivo as components of larger molecular machines. Understanding how these high-order interactions drive gene expression presents a substantial statistical challenge. Building on random forests (RFs) and random intersection trees (RITs) and through extensive, biologically inspired simulations, we developed the iterative random forest algorithm (iRF). iRF trains a feature-weighted ensemble of decision trees to detect stable, high-order interactions with the same order of computational cost as the RF. We demonstrate the utility of iRF for high-order interaction discovery in two prediction problems: enhancer activity in the early Drosophila embryo and alternative splicing of primary transcripts in human-derived cell lines. In Drosophila, among the 20 pairwise transcription factor interactions iRF identifies as stable (returned in more than half of bootstrap replicates), 80% have been previously reported as physical interactions. Moreover, third-order interactions, e.g., between Zelda (Zld), Giant (Gt), and Twist (Twi), suggest high-order relationships that are candidates for follow-up experiments. In human-derived cells, iRF rediscovered a central role of H3K36me3 in chromatin-mediated splicing regulation and identified interesting fifth- and sixth-order interactions, indicative of multivalent nucleosomes with specific roles in splicing regulation. By decoupling the order of interactions from the computational cost of identification, iRF opens additional avenues of inquiry into the molecular mechanisms underlying genome biology.",True,"The abstract describes the development of the iterative random forest algorithm (iRF) to identify stable, high-order interactions in genomic data. While it mentions the identification of interactions and their biological relevance, it does not focus on explaining the behavior of the machine learning model itself. Instead, it emphasizes the discovery of biological interactions and their implications for understanding molecular mechanisms, such as enhancer activity and splicing regulation. The insights drawn from the identified interactions contribute to understanding underlying biological processes rather than merely explaining the model's behavior.

True
",True,"Step-by-step analysis:

1. **Title Analysis**: The title mentions ""iterative random forests to discover predictive and stable high-order interactions,"" which suggests a focus on discovering interactions rather than just prediction.

2. **Abstract Analysis**:
   - **Introduction**: The abstract starts by discussing the challenge of understanding high-order interactions in genomics.
   - **Methodology**: It describes the development of the iterative random forest algorithm (iRF) to detect stable, high-order interactions.
   - **Application**: The abstract provides examples of applying iRF to study enhancer activity in Drosophila and alternative splicing in human cells.
   - **Findings**: It mentions that iRF identified known physical interactions and discovered new high-order interactions that are candidates for further experiments.
   - **Conclusion**: The abstract concludes by stating that iRF helps in understanding molecular mechanisms underlying genome biology.

3. **Insight Analysis**:
   - The iRF algorithm is used to identify stable, high-order interactions in genomic data.
   - The identified interactions (e.g., transcription factor interactions in Drosophila and chromatin-mediated splicing regulation in human cells) provide insights into the underlying biological processes.
   - The focus is on understanding the biological interactions and mechanisms, not just explaining the model's behavior.

4. **Conclusion**: The research uses explainable ML (iRF) to understand underlying biological processes by identifying and analyzing high-order interactions.
",,True,"The researchers in this abstract are using the iterative random forest algorithm (iRF) to identify high-order interactions in genomic data, which they claim can lead to new insights into molecular mechanisms. They provide evidence that the interactions identified by iRF correlate with previously known physical interactions, suggesting that the model is not just being used for prediction but also for understanding biological processes. The mention of specific interactions, such as those involving transcription factors in Drosophila and the role of H3K36me3 in splicing regulation, indicates that the researchers are making claims about biological phenomena based on the model's findings.

While the model explanations help in understanding the model's predictions, the researchers explicitly use these findings to propose new biological hypotheses and avenues for further investigation. This suggests that they are leveraging the model not just for deployment but for scientific discovery.

Therefore, the explanations are being used for scientific discovery.
",True,"Step-by-step analysis:

1. **Title Analysis**: The title mentions ""discover predictive and stable high-order interactions,"" which suggests a focus on understanding interactions within the data, potentially hinting at scientific discovery.

2. **Abstract Analysis**:
   - **Introduction**: The abstract begins by discussing the challenges in understanding high-order interactions in genomics, indicating a scientific problem.
   - **Methodology**: The iterative random forest (iRF) algorithm is introduced as a method to detect stable, high-order interactions. This suggests the use of a machine learning model to uncover patterns in the data.
   - **Application**: The abstract describes the application of iRF to two biological problems: enhancer activity in Drosophila embryos and alternative splicing in human-derived cell lines.
   - **Findings**:
     - In Drosophila, the iRF identified pairwise and third-order interactions, with a significant portion of these interactions previously reported as physical interactions. This suggests that the model's findings are consistent with known biological phenomena.
     - In human-derived cells, the iRF rediscovered known roles and identified higher-order interactions, suggesting new hypotheses for follow-up experiments.

3. **Conclusion**: The abstract concludes by stating that iRF opens new avenues of inquiry into molecular mechanisms, indicating that the researchers are using the model's explanations to generate new scientific hypotheses and insights.

**Determination**: The researchers are explicitly using the model explanations to make new claims about biological interactions and mechanisms. They are not just using the model to aid in deployment or prediction but are leveraging it to understand and discover new scientific phenomena.
"
1123,https://api.elsevier.com/content/abstract/scopus_id/85039961228,SCOPUS_ID:85039961228,2-s2.0-85039961228,Kernel methods for interpretable machine learning of order parameters,Ponte P.,Physical Review B,10.1103/PhysRevB.96.205146,Journal,ar,Article,"Machine learning is capable of discriminating phases of matter, and finding associated phase transitions, directly from large data sets of raw state configurations. In the context of condensed matter physics, most progress in the field of supervised learning has come from employing neural networks as classifiers. Although very powerful, such algorithms suffer from a lack of interpretability, which is usually desired in scientific applications in order to associate learned features with physical phenomena. In this paper, we explore support vector machines (SVMs), which are a class of supervised kernel methods that provide interpretable decision functions. We find that SVMs can learn the mathematical form of physical discriminators, such as order parameters and Hamiltonian constraints, for a set of two-dimensional spin models: the ferromagnetic Ising model, a conserved-order-parameter Ising model, and the Ising gauge theory. The ability of SVMs to provide interpretable classification highlights their potential for automating feature detection in both synthetic and experimental data sets for condensed matter and other many-body systems.",True,"The abstract discusses the use of support vector machines (SVMs) to identify and learn the mathematical forms of physical discriminators, such as order parameters and Hamiltonian constraints, in the context of condensed matter physics. The focus is on how SVMs can automate feature detection in data sets related to physical phenomena. The insights drawn from the SVMs are aimed at understanding the underlying physical processes rather than merely explaining the model's behavior. 

Thus, the explanations provided by the SVMs help in understanding the underlying processes of phase transitions and order parameters in physical systems.
",True,"Step-by-step analysis:

1. **Title Analysis**: The title mentions ""Kernel methods for interpretable machine learning of order parameters,"" suggesting a focus on interpretability in the context of machine learning.

2. **Abstract Analysis**:
   - **Machine Learning for Phase Discrimination**: The abstract states that machine learning is used to discriminate phases of matter and find phase transitions from raw data.
   - **Supervised Learning and Neural Networks**: It mentions that neural networks have been used but lack interpretability.
   - **Support Vector Machines (SVMs)**: The paper explores SVMs, which are noted for providing interpretable decision functions.
   - **Learning Physical Discriminators**: The key point is that SVMs can learn the mathematical form of physical discriminators, such as order parameters and Hamiltonian constraints.
   - **Application to Spin Models**: The study applies SVMs to specific spin models, indicating that the learned features are associated with physical phenomena.

3. **Insight Analysis**:
   - The abstract indicates that SVMs help in learning the mathematical form of physical discriminators, which are directly related to the underlying physical processes (order parameters and Hamiltonian constraints).
   - This suggests that the explanations provided by the SVMs are not just about the model's behavior but about the underlying physical phenomena.

4. **Conclusion**: The explanations derived from the SVMs help understand the underlying physical processes, not just the model.
",,True,"The researchers in the abstract are using support vector machines (SVMs) to classify phases of matter and identify phase transitions in condensed matter physics. They emphasize the interpretability of SVMs, which allows them to associate learned features with physical phenomena, such as order parameters and Hamiltonian constraints. This suggests that the explanations provided by the SVMs are not merely for understanding the model itself but are being used to draw connections to underlying physical processes.

The researchers claim that SVMs can learn the mathematical forms of physical discriminators, indicating that they are leveraging the model's interpretability to make new scientific claims about the nature of the systems they are studying. This implies that the explanations are being used to enhance understanding of the scientific phenomena rather than just to aid in model deployment or prediction.

Given this analysis, the explanations are being used for scientific discovery.
",True,"Step 1: Identify the main goal of the research.
- The main goal is to use machine learning, specifically support vector machines (SVMs), to discriminate phases of matter and find associated phase transitions from large data sets of raw state configurations.

Step 2: Determine the type of machine learning model used.
- The researchers are using support vector machines (SVMs), which are known for providing interpretable decision functions.

Step 3: Assess the focus on interpretability.
- The abstract emphasizes the interpretability of SVMs and their ability to learn the mathematical form of physical discriminators, such as order parameters and Hamiltonian constraints.

Step 4: Evaluate if the explanations are used to understand the model or the underlying physical phenomena.
- The researchers claim that SVMs can learn the mathematical form of physical discriminators, which suggests that they are using the model explanations to understand the underlying physical phenomena in the context of condensed matter physics.

Step 5: Determine if new scientific claims are made based on the model explanations.
- The abstract states that SVMs can provide interpretable classification and highlights their potential for automating feature detection in both synthetic and experimental data sets. This implies that the researchers are using the model explanations to make new claims about the physical phenomena.

Conclusion: The researchers are using the model explanations to understand natural processes or scientific phenomena, specifically in the context of condensed matter physics.
"
