Unnamed: 0,prism:url,dc:identifier,eid,dc:title,dc:creator,prism:publicationName,prism:doi,prism:aggregationType,subtype,subtypeDescription,dc:description,is_invalid,reason,is_invalid_4o,reason_4o,manual_label,model_or_science,msreason,model_or_science_4o,msreason_4o,has_shap,has_shap_reason
0,https://api.elsevier.com/content/abstract/scopus_id/85202713320,SCOPUS_ID:85202713320,2-s2.0-85202713320,Accelerating the discovery of type Ⅱ photosensitizer: Experimentally validated machine learning models for predicting the singlet oxygen quantum yield of photosensitive molecule,He L.,Journal of Molecular Structure,10.1016/j.molstruc.2024.139850,Journal,ar,Article,"Photodynamic therapy (PDT) is an emerging cancer treatment that mainly relies on photosensitizer (PS) to generate singlet oxygen for tumor destruction. Developing PSs with high singlet oxygen quantum yields (SO-QYs) requires extensive experimentation, limiting their rapid screening. Herein, to streamline this process, this study introduces several machine learning (ML) models that accurately predicts SO-QY across various experimental conditions. The models’ establishment is based on two feature matrices derived from Morgan fingerprints (MFPs) and descriptors (molecular descriptors and quantum chemical descriptors, MD_QCDs). Comparative and evaluative results indicate that the XGBoost model constructed with MFPs and the AdaBoost model constructed with MD_QCDs exhibit superior predictive performance, with R2 values of 0.8648 and 0.8460, respectively. Furthermore, by utilizing SHapley Additive exPlanations (SHAP) analysis and quantum chemistry, we analyzed that the iodine atoms and larger conjugated systems significantly influenced the SO-QY. Experimental validation, based on this analysis, demonstrates that our models not only possess excellent predictive capabilities but also exhibit strong interpretability. In summary, this work has established several interpretable models with outstanding predictive performance, which can aid in the more rapid screening of PSs, thus promoting their application in PDT.",True,"The abstract describes the use of SHAP analysis to identify that iodine atoms and larger conjugated systems significantly influence the singlet oxygen quantum yield (SO-QY). This indicates that the research is not merely focused on model behavior but is drawing insights about the underlying chemical processes that affect SO-QY. The explanations provided by SHAP help in understanding which molecular features contribute to the phenomenon being studied, thus aiding in scientific discovery.
",True,"Step-by-step analysis:

1. **Title Analysis**:
   - The title suggests the use of machine learning models to predict the singlet oxygen quantum yield (SO-QY) of photosensitive molecules.
   - It mentions ""experimentally validated machine learning models,"" indicating a focus on prediction accuracy.

2. **Abstract Analysis**:
   - The abstract describes the development of ML models to predict SO-QY.
   - It mentions the use of SHAP analysis to understand the influence of specific features (iodine atoms and larger conjugated systems) on SO-QY.
   - The SHAP analysis is used to derive insights about the chemical features that significantly influence SO-QY.
   - The insights derived from SHAP analysis are experimentally validated, suggesting that the explanations are used to understand the underlying chemical processes.

3. **Insight Evaluation**:
   - The SHAP analysis identifies that iodine atoms and larger conjugated systems significantly influence SO-QY.
   - These insights are related to the chemical properties and behavior of the photosensitive molecules, not just the model's behavior.

4. **Conclusion**:
   - The explanations provided by SHAP analysis help understand the underlying chemical processes that affect SO-QY, rather than just explaining the model's behavior.
",INVALID,True,"In the provided abstract, the researchers utilize SHAP analysis to identify which features (specifically, iodine atoms and larger conjugated systems) significantly influence the singlet oxygen quantum yield (SO-QY) of photosensitive molecules. This analysis is not merely for understanding the model's predictions but is explicitly tied to experimental validation, suggesting that the insights gained from the model explanations are being used to inform and guide further experimental work. The researchers claim that their findings can accelerate the discovery of effective photosensitizers for photodynamic therapy, indicating a direct application of the model explanations to understand and potentially discover new scientific phenomena related to photosensitizers.

Given that the explanations are being used to derive insights about the underlying chemical processes and to validate experimental results, this indicates a use of the model explanations for scientific discovery rather than just for model interpretability.
",True,"Step-by-step analysis:

1. **Title Analysis**: The title suggests that the focus is on accelerating the discovery of photosensitizers using machine learning models. It mentions experimentally validated models for predicting singlet oxygen quantum yield (SO-QY).

2. **Abstract Analysis**:
   - **Objective**: The primary goal is to streamline the process of developing photosensitizers with high SO-QYs using machine learning models.
   - **Model Development**: The study introduces several ML models based on feature matrices derived from Morgan fingerprints (MFPs) and molecular descriptors (MD_QCDs).
   - **Performance Metrics**: The models' predictive performance is highlighted with R2 values, indicating their accuracy.
   - **SHAP Analysis**: The researchers use SHapley Additive exPlanations (SHAP) to analyze the influence of specific features (iodine atoms and larger conjugated systems) on SO-QY.
   - **Experimental Validation**: The abstract mentions that the models' predictions were experimentally validated, demonstrating both predictive capabilities and interpretability.
   - **Conclusion**: The work aims to aid in the rapid screening of photosensitizers for photodynamic therapy.

3. **Model Explanations**:
   - The SHAP analysis is used to identify which features (iodine atoms and larger conjugated systems) significantly influence the SO-QY.
   - This analysis is then experimentally validated, suggesting that the researchers are using the model explanations to make new claims about the influence of these features on SO-QY.

4. **Determination**:
   - The researchers are not just using the model explanations to understand the model but are also making new claims about the natural process (influence of iodine atoms and larger conjugated systems on SO-QY) and validating these claims experimentally.

Conclusion: The researchers are using model explanations to make new scientific claims about the natural process, which they then validate experimentally.
",True,"NONE
NONE"
15,https://api.elsevier.com/content/abstract/scopus_id/85192880434,SCOPUS_ID:85192880434,2-s2.0-85192880434,Identifying regions of importance in wall-bounded turbulence through explainable deep learning,Cremades A.,Nature Communications,10.1038/s41467-024-47954-6,Journal,ar,Article,"Despite its great scientific and technological importance, wall-bounded turbulence is an unresolved problem in classical physics that requires new perspectives to be tackled. One of the key strategies has been to study interactions among the energy-containing coherent structures in the flow. Such interactions are explored in this study using an explainable deep-learning method. The instantaneous velocity field obtained from a turbulent channel flow simulation is used to predict the velocity field in time through a U-net architecture. Based on the predicted flow, we assess the importance of each structure for this prediction using the game-theoretic algorithm of SHapley Additive exPlanations (SHAP). This work provides results in agreement with previous observations in the literature and extends them by revealing that the most important structures in the flow are not necessarily the ones with the highest contribution to the Reynolds shear stress. We also apply the method to an experimental database, where we can identify structures based on their importance score. This framework has the potential to shed light on numerous fundamental phenomena of wall-bounded turbulence, including novel strategies for flow control.",True,"1. The research uses explainable deep learning to assess the importance of coherent structures in wall-bounded turbulence.
2. The insights drawn from the SHAP analysis reveal that the most important structures for predicting the velocity field are not necessarily those contributing the most to Reynolds shear stress.
3. This indicates that the explanations provided by the model help to understand the underlying processes of turbulence, rather than just the model behavior.
",True,"1. The study uses an explainable deep-learning method to analyze wall-bounded turbulence.
2. The U-net architecture predicts the velocity field in time.
3. SHAP is used to assess the importance of each structure for the prediction.
4. The results align with previous observations and extend them by identifying important structures not necessarily contributing the most to Reynolds shear stress.
5. The method is applied to an experimental database to identify structures based on their importance score.
6. The framework aims to shed light on fundamental phenomena of wall-bounded turbulence.

The explanations provided by SHAP help understand the underlying processes of wall-bounded turbulence, not just the model behavior.
",INVALID,True,"In the provided abstract, the researchers utilize an explainable deep-learning method to analyze wall-bounded turbulence, a complex phenomenon in classical physics. They employ SHAP to assess the importance of various structures in the flow, which allows them to make claims about the relationships between these structures and their contributions to the Reynolds shear stress. The researchers explicitly state that their findings extend previous observations in the literature and reveal new insights about the importance of certain structures, indicating that they are using the model explanations to gain a deeper understanding of the underlying physical processes.

The use of SHAP in this context is not merely for model interpretability or deployment; rather, it serves as a tool to uncover and validate scientific phenomena related to turbulence. The researchers are making new claims about the nature of wall-bounded turbulence based on the insights gained from the model, which suggests that they are engaging in scientific discovery.

Therefore, the explanations provided by the model are being used to further scientific understanding rather than just to aid in model deployment.
",True,"Step 1: **Understanding the Abstract**  
The abstract discusses the use of explainable deep learning to study wall-bounded turbulence, a complex problem in classical physics. The researchers use a U-net architecture to predict the velocity field in a turbulent channel flow and employ SHAP to assess the importance of different structures in the flow.

Step 2: **Identifying the Purpose of Model Explanations**  
The researchers use SHAP to determine the importance of various structures in the flow for the model's predictions. They compare these findings with previous observations and extend them by identifying that the most important structures for prediction are not necessarily those with the highest contribution to Reynolds shear stress.

Step 3: **Evaluating the Claims**  
The abstract states that the results are in agreement with previous literature and extend these observations. The researchers claim that their framework can shed light on fundamental phenomena of wall-bounded turbulence and suggest novel strategies for flow control.

Step 4: **Determining the Use of Explanations**  
The researchers are using SHAP not just to understand the model but to make new claims about the importance of different structures in wall-bounded turbulence. They suggest that their findings have implications for understanding fundamental phenomena and for developing new flow control strategies.

Conclusion: The researchers are using model explanations to make new scientific claims about the natural process of wall-bounded turbulence. They are not merely using the explanations to aid in deploying their ML system or making predictions.
",True,"NONE
NONE"
44,https://api.elsevier.com/content/abstract/scopus_id/85198531068,SCOPUS_ID:85198531068,2-s2.0-85198531068,Probing nitro(so) and chloro byproducts and their precursors in natural organic matter during UV/NH<inf>2</inf>Cl treatment by FT-ICR MS with machine learning insights,Li J.,Water Research,10.1016/j.watres.2024.122097,Journal,ar,Article,"The UV/monochloramine (UV/NH2Cl) process, while efficiently eliminating micropollutants, produces toxic byproducts. This study utilized Fourier transform ion cyclotron resonance mass spectrometry (FT-ICR MS) to investigate molecular-level changes in natural organic matter (NOM) and to disclose formation pathways of nitro(so) and chloro byproducts in the UV/NH2Cl process. The UV/NH2Cl process significantly increased the saturation and oxidation levels and altered the elemental composition of NOM. Using 15N labeling and a screening workflow, nitro(so) byproducts with nitrogen originating from inorganic sources (i.e., reactive nitrogen species (RNS) and/or NH2Cl) were found to exhibit total intensities comparable to those from NOM. RNS, rather than NH2Cl, played a significant role in incorporating nitrogen into NOM. Through linkage analysis, nitro(so) addition emerged as an important reaction type among the 25 reaction types applied. By using phenol as a representative model compound, the nitro byproducts were confirmed to be mainly generated through the oxidation of nitroso byproducts instead of nitration. Machine learning and SHAP analysis further identified the major molecular indices distinguishing nitro(so) and chloro precursors from non-precursors. This study enhances our fundamental understanding of the mechanisms driving the generation of nitro(so) and chloro byproducts from their precursors in complex NOM during the UV/NH2Cl process.",True,"The abstract describes a study that uses machine learning and SHAP analysis to identify major molecular indices that distinguish nitro(so) and chloro precursors from non-precursors. While the use of SHAP suggests that there is an explanation of model behavior, the focus of the research is on understanding the underlying chemical processes involved in the formation of byproducts from natural organic matter during the UV/NH2Cl treatment. The insights drawn from the machine learning analysis contribute to a deeper understanding of the mechanisms driving these chemical reactions, rather than merely explaining the model itself.

True
",True,"Step-by-step analysis:

1. **Research Focus**: The study investigates molecular-level changes in natural organic matter (NOM) and the formation pathways of nitro(so) and chloro byproducts during the UV/NH2Cl process.
2. **Use of Machine Learning**: The abstract mentions the use of machine learning and SHAP analysis.
3. **Purpose of SHAP Analysis**: The SHAP analysis is used to identify major molecular indices that distinguish nitro(so) and chloro precursors from non-precursors.
4. **Insights from SHAP Analysis**: The insights from SHAP analysis are used to enhance the understanding of the mechanisms driving the generation of nitro(so) and chloro byproducts.

Conclusion: The SHAP analysis is used to explain the underlying processes of byproduct formation, not just the model behavior.
",INVALID,True,"In the provided abstract, the researchers utilize machine learning and SHAP analysis to identify major molecular indices that distinguish nitro(so) and chloro precursors from non-precursors. While they mention using machine learning insights, the focus of the study is on understanding the mechanisms driving the generation of byproducts from their precursors in natural organic matter (NOM) during the UV/NH2Cl process. The explanations derived from the model are used to enhance their understanding of the underlying chemical processes, rather than merely to improve model predictions or deployment.

The researchers explicitly connect the findings from the SHAP analysis to the formation pathways and molecular-level changes in NOM, indicating that the insights gained are contributing to scientific discovery about the natural processes involved in the UV/NH2Cl treatment.

Given this context, the explanations are being used to make new claims about the underlying scientific phenomena rather than just for model interpretation.
",True,"Step 1: The abstract describes the use of Fourier transform ion cyclotron resonance mass spectrometry (FT-ICR MS) to investigate molecular-level changes in natural organic matter (NOM) during the UV/NH2Cl process.

Step 2: The study identifies the formation pathways of nitro(so) and chloro byproducts, noting significant changes in the saturation, oxidation levels, and elemental composition of NOM.

Step 3: The researchers use 15N labeling and a screening workflow to determine the origins of nitrogen in nitro(so) byproducts, finding that reactive nitrogen species (RNS) play a significant role.

Step 4: The study employs linkage analysis to identify nitro(so) addition as an important reaction type among 25 reaction types.

Step 5: Machine learning and SHAP analysis are used to identify major molecular indices distinguishing nitro(so) and chloro precursors from non-precursors.

Step 6: The abstract concludes that the study enhances the fundamental understanding of the mechanisms driving the generation of nitro(so) and chloro byproducts from their precursors in complex NOM during the UV/NH2Cl process.

Analysis: The researchers are using machine learning and SHAP analysis to identify molecular indices that distinguish different types of precursors. This information is then used to make new claims about the mechanisms driving the generation of byproducts. The explanations provided by the model are directly contributing to the scientific understanding of the natural processes involved.
",True,"NONE
NONE"
64,https://api.elsevier.com/content/abstract/scopus_id/85194383710,SCOPUS_ID:85194383710,2-s2.0-85194383710,Machine learning prediction on wetland succession and the impact of artificial structures from a decade of field data,Tseng K.Y.,Science of the Total Environment,10.1016/j.scitotenv.2024.173426,Journal,ar,Article,"The artificial structures can influence wetland topology and sediment properties, thereby shaping plant distribution and composition. Macrobenthos composition was correlated with plant cover. Previous studies on the impact of artificial structures on plant distribution are scarce in incorporating time-series data or extended field surveys. In this study, a machine-learning-based species distribution model with decade-long observation was analyzed to investigate the correlation between the shift in the distribution of B. planiculmis, artificial structure-induced elevation changes and the expansion of other plants, as well as their connection to soil properties and crab composition dynamics under plants in Gaomei Wetland. Long short-term memory model (LSTM) with Shapley additive explanations (SHAP) was employed for predicting the distribution of B. planiculmis and explaining feature importance. The results indicated that wetland topology was influenced by both artificial structures and plants. Areas initially colonized by B. planiculmis were replaced by other species. Soil properties showed significant differences among plant patches; however, principal component analysis (PCA) of sediment properties and niche similarity analysis showed that the niche of plants was overlapped. Crab composition was different under different plants. The presence probability of B. planiculmis near woody paths decreased according to LSTM and field survey data. SHAP analysis suggested that the distribution of other plants, historical distribution of B. planiculmis and sediment properties significantly contributed to the presence probability of B. planiculmis. A sharp decrease in SHAP values with increasing NDVI at suitable elevations, overlap in PCA of sediment properties and niche similarity indicated potential competition among plants. This decade-long time-series field survey revealed the joint effects of artificial structure and vegetation on the topology and soil properties dynamics. These changes influenced the plant distribution through potential plant competition. LSTM with SHAP provided valuable insights in the underlying the mechanisms of artificial structure effects on the plant zonation process.",True,"The research abstract describes the use of a machine learning model (LSTM) combined with SHAP to analyze the distribution of a specific plant species (B. planiculmis) in relation to artificial structures and other ecological factors. While SHAP is typically used to explain model predictions, in this context, it is employed to identify significant factors influencing plant distribution, such as soil properties and competition among species. The insights drawn from SHAP analysis, such as the relationship between plant competition and environmental factors, contribute to understanding the underlying ecological processes rather than merely explaining the model's behavior.
",True,"Step-by-step analysis:

1. **Objective**: The study aims to investigate the correlation between the shift in the distribution of B. planiculmis, artificial structure-induced elevation changes, and the expansion of other plants, as well as their connection to soil properties and crab composition dynamics.

2. **Methodology**: 
   - Uses a Long Short-Term Memory (LSTM) model for predicting the distribution of B. planiculmis.
   - Employs Shapley Additive Explanations (SHAP) to explain feature importance.

3. **Insights from SHAP**:
   - SHAP analysis suggested that the distribution of other plants, historical distribution of B. planiculmis, and sediment properties significantly contributed to the presence probability of B. planiculmis.
   - A sharp decrease in SHAP values with increasing NDVI at suitable elevations, overlap in PCA of sediment properties, and niche similarity indicated potential competition among plants.

4. **Understanding Underlying Processes**:
   - The study uses SHAP to identify significant features affecting the distribution of B. planiculmis.
   - The insights from SHAP (e.g., the role of other plants, historical distribution, and sediment properties) help understand the underlying ecological processes, such as plant competition and the impact of artificial structures on wetland topology and soil properties.

Conclusion: The explanations provided by SHAP in this study help understand the underlying ecological processes rather than just the model behavior.
",INVALID,True,"The researchers in this study utilize SHAP to explain the feature importance related to the distribution of B. planiculmis and its interactions with artificial structures and other environmental factors. They analyze how various factors, such as soil properties and plant competition, influence the presence probability of B. planiculmis. The use of SHAP analysis to identify significant contributors to plant distribution suggests that the researchers are not merely using the model explanations for operational purposes but are also drawing insights about ecological dynamics and interactions.

The abstract indicates that the researchers are making claims about the underlying mechanisms of plant zonation processes influenced by artificial structures, which implies a deeper understanding of the natural processes at play. They discuss the implications of their findings in terms of ecological competition and the effects of artificial structures on wetland topology, indicating that they are using the model explanations to inform scientific understanding rather than just for model validation or deployment.

Given this analysis, the researchers are indeed using the explanations to contribute to scientific discovery regarding wetland ecology and plant interactions.
",True,"Let's break down the abstract step by step:

1. **Research Context**: The study focuses on the impact of artificial structures on wetland topology, sediment properties, and plant distribution over a decade.

2. **Machine Learning Model**: The researchers used a Long Short-Term Memory (LSTM) model to predict the distribution of B. planiculmis and employed Shapley additive explanations (SHAP) to explain feature importance.

3. **Findings**:
   - The LSTM model predicted the distribution of B. planiculmis.
   - SHAP analysis indicated that the distribution of other plants, historical distribution of B. planiculmis, and sediment properties significantly contributed to the presence probability of B. planiculmis.
   - The study found a sharp decrease in SHAP values with increasing NDVI at suitable elevations, suggesting potential competition among plants.

4. **Interpretation**:
   - The researchers used SHAP to identify important features influencing the model's predictions.
   - They correlated these features with field survey data to draw conclusions about the influence of artificial structures and vegetation on wetland topology and soil properties.

5. **Claims**:
   - The researchers claim that the joint effects of artificial structures and vegetation influence plant distribution through potential competition.
   - They state that LSTM with SHAP provided valuable insights into the underlying mechanisms of artificial structure effects on the plant zonation process.

**Analysis**:
- The researchers are using SHAP to interpret the model's predictions and identify important features.
- They are correlating these features with field data to make claims about natural processes (e.g., plant competition, influence of artificial structures).
- The use of SHAP is not just to understand the model but to draw new scientific conclusions about the wetland ecosystem.

Given the explicit use of SHAP explanations to make new claims about the underlying natural processes, it is clear that the researchers are using model explanations for scientific discovery.
",True,"NONE
NONE"
66,https://api.elsevier.com/content/abstract/scopus_id/85195087825,SCOPUS_ID:85195087825,2-s2.0-85195087825,"Construction of an antidepressant priority list based on functional, environmental, and health risks using an interpretable mixup-transformer deep learning model",Sun P.,Journal of Hazardous Materials,10.1016/j.jhazmat.2024.134651,Journal,ar,Article,"As emerging pollutants, antidepressants (AD) must be urgently investigated for risk identification and assessment. This study constructed a comprehensive-effect risk-priority screening system (ADRank) for ADs by characterizing AD functionality, occurrence, persistence, bioaccumulation and toxicity based on the integrated assignment method. A classification model for ADs was constructed using an improved mixup-transformer deep learning method, and its classification accuracy was compared with those of other models. The accuracy of the proposed model improved by up to 23.25 % compared with the random forest model, and the reliability was 80 % more than that of the TOPSIS method. A priority screening candidate list was proposed to screen 33 high-priority ADs. Finally, SHapley Additive explanation (SHAP) visualization, molecular dynamics, and amino acid analysis were performed to analyze the correlation between AD structure and toxic receptor binding characteristics and reveal the differences in AD risk priority. ADs with more intramolecular hydrogen bonds, higher hydrophobicity, and electronegativity had a more significant risk. Van der Waals and electrostatic interactions were the primary influencing factors, and significant differences in the types and proportions of the main amino acids in the interaction between ADs and receptors were observed. The results of the study provide constructive schemes and insights for AD priority screening and risk management.",True,"The research abstract describes the use of SHAP for analyzing the correlation between antidepressant (AD) structure and their toxic receptor binding characteristics. The insights drawn from SHAP visualization focus on how specific structural features of ADs (like intramolecular hydrogen bonds, hydrophobicity, and electronegativity) relate to their risk profiles. This indicates that the explanations provided by SHAP are being used to understand the underlying biological processes and interactions rather than merely explaining the behavior of the machine learning model itself.

True
",True,"Step-by-step analysis:

1. **Objective**: The study aims to construct a risk-priority screening system for antidepressants (ADs) based on various factors like functionality, occurrence, persistence, bioaccumulation, and toxicity.

2. **Model**: An improved mixup-transformer deep learning method is used to classify ADs, and its performance is compared with other models.

3. **SHAP Analysis**: SHapley Additive explanation (SHAP) visualization is used to analyze the correlation between AD structure and toxic receptor binding characteristics.

4. **Insights**: The study identifies that ADs with more intramolecular hydrogen bonds, higher hydrophobicity, and electronegativity have a more significant risk. It also highlights that Van der Waals and electrostatic interactions are primary influencing factors and notes differences in amino acid interactions.

5. **Understanding Underlying Processes**: The SHAP analysis helps reveal the relationship between AD molecular structure and their toxicological impact, providing insights into the underlying biochemical interactions and risk factors.

Conclusion: The explanations derived from the SHAP analysis help understand the underlying processes related to AD risk, not just the model behavior.
",INVALID,True,"In the provided abstract, the researchers utilize SHAP (SHapley Additive exPlanations) visualization alongside molecular dynamics and amino acid analysis to explore the relationship between the structure of antidepressants (ADs) and their toxic receptor binding characteristics. They claim to reveal differences in AD risk priority based on structural features such as intramolecular hydrogen bonds, hydrophobicity, and electronegativity. 

The use of SHAP in this context appears to go beyond merely understanding the model's predictions; it is employed to draw insights about the underlying biological interactions and risks associated with different ADs. The researchers make specific claims about the factors influencing AD risk, which suggests that they are using the model explanations to inform scientific understanding of the interactions between ADs and their receptors.

Given that the explanations are being used to derive new insights into the natural processes related to ADs and their risks, this indicates a use of model explanations for scientific discovery rather than just for model interpretation.
",True,"Step 1: Identify the purpose of the study.
- The study aims to construct a risk-priority screening system (ADRank) for antidepressants (ADs) based on various factors such as functionality, occurrence, persistence, bioaccumulation, and toxicity.

Step 2: Determine the role of the machine learning model.
- The researchers used an improved mixup-transformer deep learning method to classify ADs and compared its accuracy with other models.

Step 3: Examine the use of SHAP explanations.
- SHAP visualization was used to analyze the correlation between AD structure and toxic receptor binding characteristics.
- The study mentions that ADs with more intramolecular hydrogen bonds, higher hydrophobicity, and electronegativity had a more significant risk.
- Van der Waals and electrostatic interactions were identified as primary influencing factors.
- Differences in the types and proportions of amino acids in the interaction between ADs and receptors were observed.

Step 4: Determine if the explanations are used for scientific discovery.
- The researchers used SHAP explanations to reveal specific chemical and molecular interactions that contribute to the risk of ADs.
- They made new claims about the relationship between AD structure and toxic receptor binding characteristics, as well as the primary influencing factors and amino acid interactions.

Conclusion:
- The researchers explicitly used model explanations to make new claims about the natural processes and scientific phenomena related to AD risk. They went beyond merely understanding the model and used the insights to draw conclusions about the underlying data and interactions.
",True,"NONE
NONE"
69,https://api.elsevier.com/content/abstract/scopus_id/85201412831,SCOPUS_ID:85201412831,2-s2.0-85201412831,Fertilization regulates global thresholds in soil bacteria,Chen C.,Global Change Biology,10.1111/gcb.17466,Journal,ar,Article,"Global patterns in soil microbiomes are driven by non-linear environmental thresholds. Fertilization is known to shape the soil microbiome of terrestrial ecosystems worldwide. Yet, whether fertilization influences global thresholds in soil microbiomes remains virtually unknown. Here, utilizing optimized machine learning models with Shapley additive explanations on a dataset of 10,907 soil samples from 24 countries, we discovered that the microbial community response to fertilization is highly dependent on environmental contexts. Furthermore, the interactions among nitrogen (N) addition, pH, and mean annual temperature contribute to non-linear patterns in soil bacterial diversity. Specifically, we observed positive responses within a soil pH range of 5.2–6.6, with the influence of higher temperature (>15°C) on bacterial diversity being positive within this pH range but reversed in more acidic or alkaline soils. Additionally, we revealed the threshold effect of soil organic carbon and total nitrogen, demonstrating how temperature and N addition amount interacted with microbial communities within specific edaphic concentration ranges. Our findings underscore how complex environmental interactions control soil bacterial diversity under fertilization.",True,"The abstract describes a study that uses SHAP to analyze the effects of fertilization on soil bacterial communities. The focus is on understanding how environmental factors like pH, temperature, and nitrogen addition interact to influence microbial diversity. The use of SHAP here is aimed at uncovering the relationships and interactions among these factors, rather than merely explaining the behavior of the machine learning model itself. The insights drawn from the SHAP analysis contribute to understanding the underlying ecological processes that govern soil bacterial diversity in response to fertilization.

True
",True,"Step-by-step analysis:

1. **Objective**: The research aims to understand how fertilization influences global thresholds in soil microbiomes.
2. **Methodology**: Utilizes optimized machine learning models with Shapley additive explanations (SHAP) on a large dataset of soil samples.
3. **Insights**:
   - The microbial community response to fertilization is highly dependent on environmental contexts.
   - Interactions among nitrogen addition, pH, and mean annual temperature contribute to non-linear patterns in soil bacterial diversity.
   - Specific observations include positive responses within a soil pH range of 5.2–6.6 and temperature effects on bacterial diversity.
   - Threshold effects of soil organic carbon and total nitrogen are revealed, showing interactions with microbial communities within specific concentration ranges.

4. **Explanation of ML Model**: SHAP is used to interpret the model, revealing how different environmental factors interact and influence soil bacterial diversity.

5. **Understanding Underlying Processes**: The explanations provided by SHAP help to understand the underlying environmental interactions and thresholds that control soil bacterial diversity under fertilization, rather than just explaining the model's behavior.

Conclusion: The research uses explainable ML to study and understand the underlying phenomena.
",INVALID,True,"In the provided abstract, the researchers utilize Shapley additive explanations (SHAP) to analyze the impact of fertilization on soil bacterial diversity. They emphasize that their findings reveal complex interactions among various environmental factors, such as nitrogen addition, pH, and temperature, which influence microbial community responses. The explanations derived from the machine learning models are used to uncover specific patterns and thresholds in the data, suggesting that the researchers are not merely using the model for predictions but are also making claims about the underlying biological processes and environmental interactions.

The researchers explicitly state how these interactions contribute to non-linear patterns in soil bacterial diversity and highlight the threshold effects of soil organic carbon and total nitrogen. This indicates that the explanations are being used to gain insights into the natural processes governing soil microbiomes, rather than just to understand the model's predictions.

Given this analysis, it is clear that the researchers are using the model explanations to make new claims about scientific phenomena related to soil bacteria and environmental interactions.
",True,"Step-by-step analysis:

1. **Title and Abstract Overview**: The title and abstract suggest that the study is focused on understanding how fertilization affects soil bacteria on a global scale. The researchers use machine learning models with Shapley additive explanations (SHAP) to analyze a large dataset of soil samples.

2. **Use of SHAP**: The abstract mentions the use of SHAP to interpret the machine learning models. SHAP is a tool for understanding the contribution of each feature to the model's predictions.

3. **Findings**: The researchers report specific findings about the interactions among nitrogen addition, pH, and temperature, and how these factors contribute to non-linear patterns in soil bacterial diversity. They also discuss threshold effects of soil organic carbon and total nitrogen.

4. **Claims**: The abstract states that the researchers ""discovered"" and ""revealed"" specific environmental interactions and threshold effects. These terms suggest that the researchers are making new claims about natural processes based on their analysis.

5. **Context of SHAP Use**: The explanations provided by SHAP are used to interpret the model's predictions, but the researchers are using these interpretations to make broader claims about the underlying environmental processes affecting soil bacterial diversity.

6. **Conclusion**: The researchers are not just using SHAP to understand the model; they are using the model explanations to make new scientific claims about the interactions and thresholds in soil bacterial diversity under fertilization.

Given the explicit use of model explanations to make new claims about natural processes, it is clear that the researchers are using these explanations for scientific discovery.
",True,"NONE
NONE"
85,https://api.elsevier.com/content/abstract/scopus_id/85198360108,SCOPUS_ID:85198360108,2-s2.0-85198360108,Accurately Predicting Spatiotemporal Variations of Near-Surface Nitrous Acid (HONO) Based on a Deep Learning Approach,Li X.,Environmental Science and Technology,10.1021/acs.est.4c02221,Journal,ar,Article,"Gaseous nitrous acid (HONO) is identified as a critical precursor of hydroxyl radicals (OH), influencing atmospheric oxidation capacity and the formation of secondary pollutants. However, large uncertainties persist regarding its formation and elimination mechanisms, impeding accurate simulation of HONO levels using chemical models. In this study, a deep neural network (DNN) model was established based on routine air quality data (O3, NO2, CO, and PM2.5) and meteorological parameters (temperature, relative humidity, solar zenith angle, and season) collected from four typical megacity clusters in China. The model exhibited robust performance on both the train sets [slope = 1.0, r2 = 0.94, root mean squared error (RMSE) = 0.29 ppbv] and two independent test sets (slope = 1.0, r2 = 0.79, and RMSE = 0.39 ppbv), demonstrated excellent capability in reproducing the spatiotemporal variations of HONO, and outperformed an observation-constrained box model incorporated with newly proposed HONO formation mechanisms. Nitrogen dioxide (NO2) was identified as the most impactful features for HONO prediction using the SHapely Additive exPlanation (SHAP) approach, highlighting the importance of NO2 conversion in HONO formation. The DNN model was further employed to predict the future change of HONO levels in different NOx abatement scenarios, which is expected to decrease 27-44% in summer as the result of 30-50% NOx reduction. These results suggest a dual effect brought by abatement of NOx emissions, leading to not only reduction of O3 and nitrate precursors but also decrease in HONO levels and hence primary radical production rates (PROx). In summary, this study demonstrates the feasibility of using deep learning approach to predict HONO concentrations, offering a promising supplement to traditional chemical models. Additionally, stringent NOx abatement would be beneficial for collaborative alleviation of O3 and secondary PM2.5.",True,"The abstract describes a study that uses a deep learning model to predict the concentrations of nitrous acid (HONO) based on various air quality and meteorological parameters. The use of SHAP to identify nitrogen dioxide (NO2) as the most impactful feature for HONO prediction suggests that the authors are drawing insights about the relationship between NO2 and HONO formation. This indicates an understanding of the underlying processes involved in HONO formation rather than merely explaining the model's behavior. 

Thus, the explanations provided by the SHAP analysis help to understand the underlying process of HONO formation influenced by NO2.
",True,"1. **Model Description**: The study uses a deep neural network (DNN) model to predict spatiotemporal variations of near-surface nitrous acid (HONO) based on air quality and meteorological data.

2. **Performance Metrics**: The model shows strong performance metrics (slope, r2, RMSE) on both training and test sets, indicating its accuracy in reproducing HONO variations.

3. **Use of SHAP**: The SHapely Additive exPlanation (SHAP) approach is used to identify the most impactful features for HONO prediction. Specifically, nitrogen dioxide (NO2) is highlighted as the most significant feature, suggesting its importance in HONO formation.

4. **Insights on Underlying Processes**: The identification of NO2 as a critical factor in HONO formation provides insight into the chemical processes involved. This understanding goes beyond merely explaining the model's behavior and offers a scientific explanation of the underlying atmospheric chemistry.

5. **Future Predictions**: The model is also used to predict future changes in HONO levels under different NOx abatement scenarios, providing further insights into the dual effects of NOx reduction on both O3 and secondary PM2.5 levels.

**Conclusion**: The study uses SHAP not just to explain the model but to gain insights into the underlying chemical processes affecting HONO formation.
",INVALID,True,"In the provided abstract, the researchers utilize SHAP to identify nitrogen dioxide (NO2) as the most impactful feature for predicting nitrous acid (HONO) levels. This suggests that they are using the model explanations to understand the relationship between NO2 and HONO formation, which is a natural process. The identification of NO2's significance in the model could lead to insights about the underlying chemical mechanisms of HONO formation, which is a scientific phenomenon.

Furthermore, the researchers discuss the implications of their findings on future HONO levels under different NOx abatement scenarios, indicating that they are not only focused on model performance but also on understanding the environmental processes involved. This suggests a potential for scientific discovery, as they are making claims about the effects of NOx emissions on HONO levels and radical production rates.

Given these points, the explanations provided by the model are being used to draw conclusions about natural processes and contribute to scientific understanding, rather than solely for model deployment or prediction.
",True,"Let's break down the abstract step by step:

1. **Objective**: The study aims to predict spatiotemporal variations of near-surface nitrous acid (HONO) using a deep learning approach.
2. **Data and Model**: The researchers used routine air quality data and meteorological parameters to train a deep neural network (DNN) model.
3. **Model Performance**: The model showed robust performance in both training and test sets, outperforming a traditional chemical model.
4. **Feature Importance**: Using SHAP, the researchers identified nitrogen dioxide (NO2) as the most impactful feature for HONO prediction.
5. **Future Predictions**: The model was used to predict future changes in HONO levels under different NOx abatement scenarios.
6. **Implications**: The results suggest that NOx abatement would reduce HONO levels and primary radical production rates, which has implications for reducing O3 and secondary PM2.5.

**Analysis**:
- The researchers used SHAP to identify NO2 as the most impactful feature for HONO prediction. This is a model explanation that helps understand which features the model relies on most heavily.
- They then used this information to make claims about the importance of NO2 conversion in HONO formation.
- The study also makes predictions about future HONO levels under different NOx abatement scenarios, which are based on the model's predictions.

**Conclusion**:
The researchers are using the SHAP explanations to make new claims about the importance of NO2 in HONO formation and the effects of NOx abatement on HONO levels. This goes beyond merely understanding the model and extends into making scientific claims about natural processes.
",True,"NONE
NONE"
95,https://api.elsevier.com/content/abstract/scopus_id/85188419826,SCOPUS_ID:85188419826,2-s2.0-85188419826,Explainable artificial intelligence in the design of selective carbonic anhydrase I-II inhibitors via molecular fingerprinting,Kırboğa K.K.,Journal of Computational Chemistry,10.1002/jcc.27335,Journal,ar,Article,"Inhibiting the enzymes carbonic anhydrase I (CA I) and carbonic anhydrase II (CA II) presents a potential avenue for addressing nervous system ailments such as glaucoma and Alzheimer's disease. Our study explored harnessing explainable artificial intelligence (XAI) to unveil the molecular traits inherent in CA I and CA II inhibitors. The PubChem molecular fingerprints of these inhibitors, sourced from the ChEMBL database, were subjected to detailed XAI analysis. The study encompassed training 10 regression models using IC50 values, and their efficacy was gauged using metrics including R2, RMSE, and time taken. The Decision Tree Regressor algorithm emerged as the optimal performer (R2: 0.93, RMSE: 0.43, time-taken: 0.07). Furthermore, the PFI method unveiled key molecular features for CA I inhibitors, notably PubChemFP432 (C(=O)N) and PubChemFP6978 (C(=O)O). The SHAP analysis highlighted the significance of attributes like PubChemFP539 (C(=O)NCC), PubChemFP601 (C(=O)OCC), and PubChemFP432 (C(=O)N) in CA I inhibitiotable n. Likewise, features for CA II inhibitors encompassed PubChemFP528(C(=O)OCCN), PubChemFP791 (C(=O)OCCC), PubChemFP696 (C(=O)OCCCC), PubChemFP335 (C(=O)NCCN), PubChemFP580 (C(=O)NCCCN), and PubChemFP180 (C(=O)NCCC), identified through SHAP analysis. The sulfonamide group (S), aromatic ring (A), and hydrogen bonding group (H) exert a substantial impact on CA I and CA II enzyme activities and IC50 values through the XAI approach. These insights into the CA I and CA II inhibitors are poised to guide future drug discovery efforts, serving as a beacon for innovative therapeutic interventions.",True,"The research abstract describes the use of explainable artificial intelligence (XAI) to analyze molecular traits of carbonic anhydrase I and II inhibitors. The study employs SHAP analysis to identify significant molecular features that influence enzyme activities and IC50 values. The insights drawn from the SHAP analysis focus on specific molecular fingerprints and their contributions to the inhibition process, which helps in understanding the underlying biochemical interactions and mechanisms involved in enzyme inhibition rather than merely explaining the model's behavior.

True
",True,"1. The study uses XAI to analyze molecular traits of CA I and CA II inhibitors.
2. The analysis involves identifying key molecular features using SHAP and PFI methods.
3. The identified features (e.g., PubChemFP432, PubChemFP539) are linked to the inhibition of CA I and CA II.
4. The study highlights the impact of specific molecular groups (sulfonamide, aromatic ring, hydrogen bonding) on enzyme activities and IC50 values.
5. These insights are intended to guide future drug discovery efforts.

The explanations provided by the XAI methods help understand the underlying molecular processes affecting enzyme inhibition, not just the model behavior.
",INVALID,True,"The researchers in this study utilize explainable artificial intelligence (XAI) to analyze molecular traits of carbonic anhydrase I and II inhibitors. They employ SHAP analysis to identify significant molecular features that influence the activity of these inhibitors, which suggests that they are not merely using the model explanations for understanding the model's predictions but are also drawing insights about the underlying biological processes related to these inhibitors.

The abstract indicates that the findings from the XAI analysis, particularly the identification of key molecular features, are intended to guide future drug discovery efforts. This implies that the researchers are making claims about the biological significance of these features in relation to the enzymes and their inhibitors, which goes beyond just understanding the model itself.

Thus, the explanations provided by the XAI methods are being used to derive insights into the natural processes of enzyme inhibition and potential therapeutic interventions, indicating a use in scientific discovery.
",True,"Step-by-step analysis:

1. **Title Analysis**: The title suggests the use of XAI in designing inhibitors, which could imply a focus on understanding molecular traits for drug design.

2. **Abstract Analysis**:
   - **Objective**: The study aims to inhibit CA I and CA II enzymes to address ailments like glaucoma and Alzheimer's disease.
   - **Data and Methods**: Molecular fingerprints from the ChEMBL database were analyzed using XAI. Multiple regression models were trained, and their performance was evaluated.
   - **Model Performance**: The Decision Tree Regressor was identified as the best-performing model.
   - **Feature Importance**: PFI and SHAP analyses were used to identify key molecular features for CA I and CA II inhibitors.
   - **Insights**: The study identifies specific molecular features and groups (e.g., sulfonamide group, aromatic ring, hydrogen bonding group) that impact enzyme activities and IC50 values.

3. **Claims and Usage**:
   - The researchers use XAI to identify molecular features that are important for the activity of CA I and CA II inhibitors.
   - They claim that these insights can guide future drug discovery efforts and therapeutic interventions.

4. **Conclusion**:
   - The researchers are using model explanations (PFI and SHAP) to identify and highlight specific molecular features that are important for enzyme inhibition.
   - They are making new claims about the significance of these features in the context of drug discovery and therapeutic interventions.

Given the detailed identification of molecular features and the explicit claim that these insights will guide future drug discovery, it appears that the researchers are using model explanations to make new scientific claims about the molecular traits relevant to CA I and CA II inhibition.
",True,"NONE
NONE"
114,https://api.elsevier.com/content/abstract/scopus_id/85192059508,SCOPUS_ID:85192059508,2-s2.0-85192059508,Leveraging physics-based and explainable machine learning approaches to quantify the relative contributions of rain and air pollutants to wet deposition,Ryu Y.H.,Science of the Total Environment,10.1016/j.scitotenv.2024.172980,Journal,ar,Article,"A quantitative understanding of the roles of rainfall and pollutant concentrations in wet deposition is important because they critically influence terrestrial and aquatic ecosystems. However, their relative contributions to wet deposition, which vary across regions, have not yet been identified. We propose two methods that quantitatively separate the contributions of rain and pollutant concentrations to wet deposition: one is based on simplified equations describing the wet scavenging of pollutants and the other is based on random forest models employing SHapley Additive exPlanations. Three-dimensional long-term air quality simulations from 2003 to 2019 are used as inputs for both the physics-based and machine learning models. Remarkably, the results drawn from the explainable machine learning model are consistent with those from the physics-based approach: overall, rain is a more important limiting factor than pollutant concentrations and the relative contribution of rain is larger than that of pollutants by up to a factor of 3–4 in polluted regions. In polluted regions, pollutant concentrations can remain relatively high even in the presence of precipitation owing to continuous and intense emissions; therefore, wet deposition is limited by rainfall. The contribution of rainfall is larger by 1.5–2.5 than that of pollutant concentrations in regions even with low emissions and this considerably large role of rain suggests that regional or transboundary pollutant transport plays a key role in modulating wet deposition. However, in very remote regions, once the rainfall amount exceeds a certain value, rainfall no longer contributes to increasing wet deposition because atmospheric pollutants are readily removed by rain. So, the contributions of the two factors are comparable in pristine regions. Our results can serve as a basis for explaining interannual variations in wet deposition and for future projections of wet deposition under emission control plans and climate change scenarios across regions.",True,"The research abstract describes a study that uses both physics-based and explainable machine learning approaches to quantify the contributions of rain and air pollutants to wet deposition. The use of SHAP (SHapley Additive exPlanations) in the machine learning model is aimed at understanding the relative contributions of these two factors rather than merely explaining the model's behavior. The findings indicate that rain plays a more significant role than pollutants in wet deposition, and the insights drawn from the explainable machine learning model align with those from the physics-based approach. This suggests that the explanations provided by the machine learning model contribute to understanding the underlying processes affecting wet deposition.

True
",True,"1. The abstract mentions the use of SHapley Additive exPlanations (SHAP) with random forest models.
2. The purpose of using SHAP is to separate the contributions of rain and pollutant concentrations to wet deposition.
3. The results from the SHAP-based model are consistent with those from a physics-based approach.
4. The findings indicate that rain is a more important factor than pollutant concentrations in determining wet deposition.
5. The study provides insights into how rainfall and pollutant concentrations interact and affect wet deposition across different regions.
",INVALID,True,"In the provided abstract, the researchers utilize both physics-based methods and explainable machine learning (specifically random forest models with SHAP) to quantify the contributions of rain and air pollutants to wet deposition. The key aspect here is that while they employ explainable machine learning to interpret the model's predictions, the primary goal appears to be understanding the natural processes involved in wet deposition rather than merely improving model deployment or prediction accuracy.

The researchers make claims about the relative contributions of rain and pollutants based on the results from both the explainable machine learning model and the physics-based approach. They highlight that the findings from the machine learning model are consistent with those from the physics-based model, which suggests that the explanations derived from the machine learning model are being used to support and validate scientific claims about environmental processes.

Furthermore, the abstract discusses implications for understanding interannual variations in wet deposition and future projections under different scenarios, indicating that the researchers are using the insights gained from the model explanations to contribute to scientific knowledge.

Given this analysis, it is clear that the researchers are using the model explanations to make new claims about natural processes, rather than solely for model interpretation or deployment.
",True,"Step-by-step analysis:

1. **Title Analysis**: The title mentions leveraging physics-based and explainable machine learning approaches to quantify contributions to wet deposition. This suggests a dual approach, combining traditional scientific methods with machine learning.

2. **Abstract Analysis**:
   - **Objective**: The objective is to understand the roles of rainfall and pollutant concentrations in wet deposition, which is a natural process.
   - **Methods**: Two methods are proposed: one based on simplified physical equations and the other on random forest models with SHapley Additive exPlanations (SHAP).
   - **Data**: Long-term air quality simulations from 2003 to 2019 are used.
   - **Findings**: The results from the explainable machine learning model are consistent with those from the physics-based approach. The findings indicate that rain is a more important limiting factor than pollutant concentrations in wet deposition.
   - **Implications**: The results are used to explain interannual variations in wet deposition and to make future projections under different scenarios.

3. **Use of Model Explanations**:
   - The researchers use SHAP values to interpret the contributions of rain and pollutant concentrations in their random forest model.
   - They compare these model-derived contributions with those derived from physical equations.
   - The consistency between the two methods is highlighted, suggesting that the SHAP-based model explanations are used to validate and support the physical understanding of wet deposition processes.

4. **New Claims**:
   - The researchers make new claims about the relative importance of rain and pollutant concentrations in different regions.
   - These claims are based on the consistency between the machine learning model explanations and the physics-based approach.

Conclusion:
The researchers are using the model explanations not just to understand the model but to make new scientific claims about the natural process of wet deposition. They are drawing conclusions about the relative contributions of rain and pollutants, which are scientific phenomena.
",True,"NONE
NONE"
118,https://api.elsevier.com/content/abstract/scopus_id/85193756881,SCOPUS_ID:85193756881,2-s2.0-85193756881,Multi-factor Impact Analysis of Grassland Phenology Changes on the Qinghai-Xizang Plateau Based on Interpretable Machine Learning,Liu H.W.,Huanjing Kexue/Environmental Science,10.13227/j.hjkx.202306185,Journal,ar,Article,The vegetation phenology of the Qinghai-Xizang Plateau is changing significantly in the context of climate change. However，there are many hydrothermal factors affecting the phenology，and few studies have focused on the effects of multiple factors on the phenology of the Qinghai-Xizang Plateau，resulting in a lack of understanding of the mechanisms underlying phenological changes on the Qinghai-Xizang Plateau. In this study，we used remote sensing data interpretation to analyze the spatial and temporal variability of grassland phenology on the Qinghai-Xizang Plateau from 2002 to 2021，focusing on precipitation，temperature，altitude，soil，and other aspects to reveal the dominant factors of phenological variability using an interpretable machine learning method（SHAP）and to quantify the interactive effects of multiple factors on phenology. The results showed that：① The growing season start（SOS）of grasslands on the Qinghai-Xizang Plateau mostly ranged from 110 to 150 d，with 56.32% of grasslands showing an early SOS trend；the growing season end （EOS）mostly ranged from 290-320 d，with 67.65% of grasslands showing a delayed EOS trend；and the growing season length（LOS）mostly ranged from 120 to 210 d，with 65.50% of the grasslands showing a trend towards longer growing season lengths. ② SOS in grasslands on the Qinghai-Xizang Plateau was mainly influenced by moisture conditions，in which soil moisture between 10 and 25 kg·m-2 in the 0-10 cm soil layer in March promoted the advancement of SOS and peaked at approximately 20 kg·m-2. EOS was mainly influenced by temperature，with higher temperatures in September and October having a stronger effect on EOS latency promotion and peaking at over 8℃ and -0.5℃，respectively. The main influencing factors of LOS were more consistent with SOS，in which soil moisture between 15 and 25 kg·m-2 in the 0-10 cm soil layer in March promoted the prolongation of LOS and peaked at approximately 18 kg·m-2. ③ There was an obvious interactive effect of water and heat and other factors on phenology；after soil moisture reached 20 kg·m-2 in the 0-10 cm soil layer in March，SOS was more advanced in low-precipitation and low-altitude areas. Better moisture conditions were more conducive to EOS delay at temperatures above 0℃ in October，and soil moisture in high precipitation areas promoted LOS prolongation more when soil moisture was between 12 and 22 kg·m-2 in 0-10 cm in March. The results also demonstrated that interpretable machine learning methods could provide a new approach to the analysis of the multifactorial effects of phenological change.,True,"The research abstract describes the use of interpretable machine learning (specifically SHAP) to analyze the effects of multiple hydrothermal factors on grassland phenology in the Qinghai-Xizang Plateau. The study aims to reveal the dominant factors influencing phenological variability and quantify the interactive effects of these factors. The insights drawn from the SHAP analysis provide information about how specific factors like soil moisture and temperature influence the start, end, and length of the growing season. This indicates that the explanations derived from the machine learning model are used to understand the underlying ecological processes rather than just the model behavior.
",True,"1. **Step-by-Step Analysis:**
   - **Objective:** The study aims to understand the mechanisms underlying phenological changes on the Qinghai-Xizang Plateau.
   - **Method:** Uses SHAP (an interpretable machine learning method) to analyze the impact of multiple factors (precipitation, temperature, altitude, soil moisture) on grassland phenology.
   - **Findings:**
     - **SOS (Start of Season):** Influenced mainly by soil moisture in March.
     - **EOS (End of Season):** Influenced mainly by temperature in September and October.
     - **LOS (Length of Season):** Influenced by soil moisture, similar to SOS.
     - **Interactive Effects:** Water and heat factors interact, influencing phenology in complex ways.

2. **Insights from SHAP:**
   - SHAP is used to identify and quantify the impact of various factors on phenology.
   - The study reveals specific thresholds and conditions (e.g., soil moisture levels, temperature ranges) that affect phenological changes.

3. **Understanding Underlying Processes:**
   - The explanations provided by SHAP help in understanding how soil moisture, temperature, and their interactions influence the timing and duration of the growing season.
   - The study goes beyond explaining the model's behavior and provides insights into the ecological processes driving phenological changes.

**Conclusion:**
- The explanations help understand the underlying processes of phenological changes on the Qinghai-Xizang Plateau.

**Final Answer:**",INVALID,True,"The researchers in this study are using interpretable machine learning methods, specifically SHAP, to analyze the impact of various hydrothermal factors on grassland phenology changes in the Qinghai-Xizang Plateau. They aim to reveal the dominant factors influencing phenological variability and quantify the interactive effects of multiple factors. The results indicate specific relationships between soil moisture, temperature, and phenological events such as the start and end of the growing season.

While the use of SHAP provides insights into the model's predictions, the researchers are explicitly using these explanations to make claims about the underlying natural processes affecting grassland phenology. They discuss how different factors interact and influence phenological changes, which suggests that they are not merely using the model for predictions but are also seeking to understand the scientific phenomena at play.

Given that the explanations are being used to derive new insights into the mechanisms of phenological changes, this indicates a focus on scientific discovery rather than just model interpretation.
",True,"Step-by-step analysis:

1. **Title Analysis**: The title mentions ""Multi-factor Impact Analysis of Grassland Phenology Changes"" and ""Interpretable Machine Learning,"" suggesting a focus on understanding the factors affecting phenology using machine learning.

2. **Abstract Analysis**:
   - **Context and Objective**: The abstract states that the study aims to understand the mechanisms underlying phenological changes on the Qinghai-Xizang Plateau by analyzing multiple factors such as precipitation, temperature, altitude, and soil.
   - **Methodology**: The researchers used remote sensing data and SHAP (an interpretable machine learning method) to reveal dominant factors and quantify interactive effects.
   - **Findings**: The results indicate specific factors influencing the start (SOS), end (EOS), and length (LOS) of the growing season. For example, soil moisture and temperature are identified as key factors.
   - **Interactive Effects**: The study also discusses the interactive effects of water and heat on phenology, providing detailed insights into how these factors interplay.

3. **Use of Model Explanations**:
   - The researchers use SHAP to identify and quantify the impact of various factors on phenology.
   - They make specific claims about the influence of soil moisture, temperature, and their interactions on SOS, EOS, and LOS.
   - The abstract concludes that interpretable machine learning methods offer a new approach to analyzing multifactorial effects on phenological change.

4. **Conclusion**:
   - The researchers are not merely using SHAP to understand the model's behavior but are making explicit claims about the natural processes affecting grassland phenology.
   - They are using the model explanations to derive new scientific insights and understand the underlying mechanisms of phenological changes.

Based on the detailed claims about natural processes and the explicit use of model explanations to understand these processes, it is clear that the researchers are using the explanations for scientific discovery.
",True,"NONE
NONE"
139,https://api.elsevier.com/content/abstract/scopus_id/85190067297,SCOPUS_ID:85190067297,2-s2.0-85190067297,Insights into the transformation of natural organic matter during UV/peroxydisulfate treatment by FT-ICR MS and machine learning: Non-negligible formation of organosulfates,Li J.,Water Research,10.1016/j.watres.2024.121564,Journal,ar,Article,"Natural organic matter (NOM) is a major sink of radicals in advanced oxidation processes (AOPs) and understanding the transformation of NOM is important in water treatment. By using Fourier transform ion cyclotron resonance mass spectrometry (FT-ICR MS) in conjunction with machine learning, we comprehensively investigated the reactivity and transformation of NOM, and the formation of organosulfates during the UV/peroxydisulfate (PDS) process. After 60 min UV/PDS treatment, the CHO formula number and dissolved organic carbon concentration significantly decreased by 83.4 % and 74.8 %, respectively. Concurrently, the CHOS formula number increased substantially from 0.7 % to 20.5 %. Machine learning identifies DBE and AImod as the critical characteristics determining the reactivity of NOM during UV/PDS treatment. Furthermore, linkage analysis suggests that decarboxylation and dealkylation reactions are dominant transformation pathways, while the additions of SO3 and SO4 are also non-negligible. According to SHAP analysis, the m/z, number of oxygens, DBE and O/C of NOM were positively correlated with the formation of organosulfates in UV/PDS process. 92 organosulfates were screened out by precursor ion scan of HPLC-MS/MS and verified by UPLC-Q-TOF-MS, among which, 7 organosufates were quantified by authentic standards with the highest concentrations ranging from 2.1 to 203.0 ng L‒1. In addition, the cytotoxicity of NOM to Chinese Hamster Ovary (CHO) cells increased by 13.8 % after 30 min UV/PDS treatment, likely responsible for the formation of organosulfates. This is the first study to employ FT-ICR MS combined with machine learning to identify the dominant NOM properties affecting its reactivity and confirmed the formation of organosulfates from sulfate radical oxidation of NOM.",True,"The abstract describes a study that uses machine learning, specifically SHAP analysis, to identify critical characteristics of natural organic matter (NOM) that influence its reactivity during UV/peroxydisulfate treatment. The insights drawn from the SHAP analysis, such as the positive correlation between certain molecular features (m/z, number of oxygens, DBE, and O/C) and the formation of organosulfates, provide an understanding of the underlying chemical processes involved in the transformation of NOM. The study goes beyond merely explaining model behavior; it connects the identified features to the chemical reactions and pathways occurring during the treatment process.

True
",True,"Step-by-step analysis:

1. **Research Focus**: The study investigates the transformation of natural organic matter (NOM) during UV/peroxydisulfate (PDS) treatment.
2. **Techniques Used**: Fourier transform ion cyclotron resonance mass spectrometry (FT-ICR MS) and machine learning.
3. **Key Findings**:
   - Significant decrease in CHO formula number and dissolved organic carbon concentration.
   - Increase in CHOS formula number.
   - Identification of critical characteristics (DBE and AImod) determining NOM reactivity.
   - Linkage analysis suggesting dominant transformation pathways (decarboxylation, dealkylation, SO3 and SO4 additions).
   - SHAP analysis showing correlations between NOM properties (m/z, number of oxygens, DBE, O/C) and organosulfate formation.
4. **Insights from SHAP Analysis**: The SHAP analysis provides insights into how specific NOM properties are correlated with the formation of organosulfates, which helps in understanding the underlying chemical processes during UV/PDS treatment.

Conclusion: The explanations derived from the machine learning model (specifically SHAP analysis) help understand the underlying chemical processes and transformations of NOM, not just the model behavior.
",INVALID,True,"The researchers in this study utilize machine learning to analyze the transformation of natural organic matter (NOM) during a specific treatment process. They employ SHAP analysis to identify which characteristics of NOM (such as m/z, number of oxygens, DBE, and O/C) are positively correlated with the formation of organosulfates. This indicates that the explanations provided by the model are being used to understand the underlying chemical processes and transformations occurring in NOM during the UV/peroxydisulfate treatment.

The researchers make new claims about the dominant transformation pathways (decarboxylation and dealkylation) and the significant increase in organosulfate formation, which are directly tied to the insights gained from the model explanations. This suggests that the explanations are not merely for model interpretability but are actively contributing to scientific understanding and discovery regarding the behavior of NOM in water treatment processes.

Given this analysis, the explanations are being used to derive new scientific insights rather than just to aid in model deployment or predictions.
",True,"Step-by-step analysis:

1. **Title and Abstract Overview**: The study investigates the transformation of natural organic matter (NOM) during UV/peroxydisulfate (PDS) treatment using FT-ICR MS and machine learning. The focus is on understanding the reactivity and transformation of NOM and the formation of organosulfates.

2. **Machine Learning Role**: The abstract mentions that machine learning was used to identify critical characteristics (DBE and AImod) determining the reactivity of NOM during the UV/PDS treatment. Additionally, SHAP analysis was used to correlate specific features (m/z, number of oxygens, DBE, and O/C) with the formation of organosulfates.

3. **Scientific Claims**: The researchers make several scientific claims based on their findings:
   - Identification of dominant transformation pathways (decarboxylation and dealkylation).
   - Correlation of NOM properties with the formation of organosulfates.
   - Increased cytotoxicity of NOM to Chinese Hamster Ovary (CHO) cells after treatment, likely due to organosulfate formation.

4. **Use of Model Explanations**: The SHAP analysis is used to correlate specific features of NOM with the formation of organosulfates, which is a scientific claim about the natural process. The researchers are not just using the model to aid in deploying their ML system or making predictions; they are using the model explanations to understand and make new claims about the transformation processes of NOM and the formation of organosulfates.

5. **Conclusion**: The researchers are explicitly using the model explanations to make new scientific claims about the natural processes involved in the transformation of NOM and the formation of organosulfates.
",True,"NONE
NONE"
149,https://api.elsevier.com/content/abstract/scopus_id/85193240024,SCOPUS_ID:85193240024,2-s2.0-85193240024,Machine Learning-Assisted Study of REN<inf>x</inf>C<inf>6-x</inf>-Doped Graphene as Potential Electrocatalysts for Oxygen Electrode Reactions,Fu Q.,Langmuir,10.1021/acs.langmuir.4c00803,Journal,ar,Article,"In the application of renewable energy, the oxidation-reduction reaction (ORR) and oxygen evolution reaction (OER) are two crucial reactions. Single-atom catalysts (SACs) based on metal-doped graphene have been widely employed due to their high activity and high atom utilization efficiency. However, the catalytic activity is significantly influenced by different metals and local coordination, making it challenging to efficiently screen through either experimental or density functional theory (DFT) calculations. To address this issue, this study employed a combination of DFT calculations and machine learning (DFT-ML) to investigate rare earth-modified carbon-based (RENxC6-x) electrocatalysts. Based on computational data from 75 catalysts, we trained two ML models to capture the underlying patterns of physical properties and overpotential. Subsequently, the candidate catalysts were screened, leading to the discovery of four ORR catalysts, nine OER catalysts, and five bifunctional electrocatalysts, all of which were thoroughly validated for their stability. Lastly, by integrating the ML models with the SHAP analysis framework, we revealed the influence of atomic radius, Pauling electronegativity, and other features on the catalytic activity. Additionally, we analyzed the physicochemical properties of potential catalysts through DFT calculations. The revolutionary DFT-ML approach provides a crucial driving force for the design and synthesis of potential catalysts in subsequent studies.",True,"The research abstract describes the use of machine learning in conjunction with DFT calculations to study electrocatalysts. The integration of SHAP analysis is specifically mentioned as a means to reveal the influence of various features (like atomic radius and Pauling electronegativity) on catalytic activity. This indicates that the explanations provided by SHAP are being used to understand how these physical properties affect the underlying catalytic processes, rather than merely explaining the behavior of the machine learning model itself.

Thus, the explanations do help understand the underlying processes.
",True,"1. The abstract mentions the use of SHAP analysis to reveal the influence of atomic radius, Pauling electronegativity, and other features on catalytic activity.
2. These insights are derived from explaining the ML model's behavior.
3. The insights pertain to the underlying physical and chemical properties that affect catalytic activity, not just the model's behavior.
",INVALID,True,"In the provided abstract, the researchers utilize machine learning models to analyze the catalytic activity of various electrocatalysts. They mention using SHAP analysis to reveal the influence of specific features, such as atomic radius and Pauling electronegativity, on catalytic activity. This suggests that they are not merely using the model explanations to understand the model's predictions but are also leveraging these insights to draw conclusions about the underlying physical properties that affect catalytic performance.

The integration of SHAP analysis indicates an attempt to connect the model's outputs to real-world scientific phenomena, specifically the factors influencing electrocatalytic activity. By identifying and validating the influence of these features, the researchers are making claims about the natural processes involved in catalysis, which goes beyond just model interpretation.

Therefore, the explanations provided by the model are being used to support scientific discovery regarding the properties of electrocatalysts.
",True,"Step-by-step analysis:

1. **Title and Abstract Overview**: The study focuses on using machine learning (ML) and density functional theory (DFT) to investigate rare earth-modified carbon-based electrocatalysts for oxygen electrode reactions.

2. **Purpose of ML Models**: The ML models are trained to capture patterns in physical properties and overpotential based on computational data from 75 catalysts.

3. **Screening and Validation**: The ML models are used to screen candidate catalysts, leading to the discovery of several potential catalysts, which are then validated for stability.

4. **Use of SHAP Analysis**: The researchers use SHAP analysis to reveal the influence of features such as atomic radius and Pauling electronegativity on catalytic activity.

5. **Integration with DFT Calculations**: The study integrates ML models with DFT calculations to analyze the physicochemical properties of potential catalysts.

6. **Claims and Discoveries**: The abstract mentions that the SHAP analysis reveals the influence of certain features on catalytic activity, which suggests that the researchers are using model explanations to understand the underlying physical phenomena.

7. **Final Determination**: The researchers are explicitly using the SHAP analysis to make claims about the influence of specific features on catalytic activity, which goes beyond merely understanding the model and extends to understanding the natural processes involved.
",True,"NONE
NONE"
151,https://api.elsevier.com/content/abstract/scopus_id/85192226712,SCOPUS_ID:85192226712,2-s2.0-85192226712,Machine-Learning-Assisted Descriptors Identification for Indoor Formaldehyde Oxidation Catalysts,Cao X.,Environmental Science and Technology,10.1021/acs.est.4c01691,Journal,ar,Article,"The development of highly efficient catalysts for formaldehyde (HCHO) oxidation is of significant interest for the improvement of indoor air quality. Up to 400 works relating to the catalytic oxidation of HCHO have been published to date; however, their analysis for collective inference through conventional literature search is still a challenging task. A machine learning (ML) framework was presented to predict catalyst performance from experimental descriptors based on an HCHO oxidation catalysts database. MnOx, CeO2, Co3O4, TiO2, FeOx, ZrO2, Al2O3, SiO2, and carbon-based catalysts with different promoters were compiled from the literature. Notably, 20 descriptors including reaction catalyst composition, reaction conditions, and catalyst physical properties were collected for data mining (2263 data points). Furthermore, the eXtreme Gradient Boosting algorithm was employed, which successfully predicted the conversion efficiency of HCHO with an R-square value of 0.81. Shapley additive analysis suggested Pt/MnO2 and Ag/Ce-Co3O4 exhibited excellent catalytic performance of HCHO oxidation based on the analysis of the entire database. Validated by experimental tests and theoretical simulations, the key descriptor identified by ML, i.e., the first promoter, was further described as metal-support interactions. This study highlights ML as a useful tool for database establishment and the catalyst rational design strategy based on the importance of analysis between experimental descriptors and the performance of complex catalytic systems.",True,"1. The research uses machine learning to analyze a database of catalysts for formaldehyde oxidation, focusing on predicting catalyst performance based on various descriptors.
2. The use of SHAP (Shapley additive analysis) is mentioned, which helps identify which catalysts (e.g., Pt/MnO2 and Ag/Ce-Co3O4) perform well based on the descriptors.
3. The key descriptor identified is related to metal-support interactions, which provides insight into the underlying catalytic processes.

The explanations derived from the machine learning model do help in understanding the underlying processes involved in catalyst performance, particularly through the identification of important descriptors and their implications.

True
",True,"1. The abstract describes the use of a machine learning framework to predict catalyst performance from experimental descriptors.
2. The eXtreme Gradient Boosting algorithm is used to predict the conversion efficiency of HCHO.
3. Shapley additive analysis (SHAP) is employed to identify key descriptors influencing the model's predictions.
4. The key descriptor identified by SHAP, the first promoter, is further described as metal-support interactions.
5. This insight is validated by experimental tests and theoretical simulations, suggesting that the identified descriptor (metal-support interactions) is crucial for understanding the catalytic performance.

The explanations provided by SHAP help understand the underlying process of catalyst performance, not just the model behavior.
",INVALID,True,"In the provided abstract, the researchers utilize machine learning to predict the performance of catalysts for formaldehyde oxidation. They employ the eXtreme Gradient Boosting algorithm and use Shapley additive analysis to identify key descriptors that influence catalytic performance. The mention of ""key descriptor identified by ML"" and the focus on ""metal-support interactions"" suggests that the researchers are not merely using the model explanations to understand the model itself, but are also making claims about the underlying scientific phenomena related to catalyst performance.

The explanations provided by the model (through SHAP) are being used to draw conclusions about which factors are important in the catalytic process, indicating a deeper understanding of the natural processes involved. This suggests that the researchers are leveraging the model explanations to contribute to scientific discovery, rather than just for model validation or deployment.
",True,"Let's break down the abstract step by step:

1. **Objective**: The study aims to develop efficient catalysts for formaldehyde (HCHO) oxidation to improve indoor air quality.
2. **Data Collection**: The researchers compiled a database of catalysts from the literature, including 20 descriptors such as catalyst composition, reaction conditions, and physical properties.
3. **ML Framework**: They used the eXtreme Gradient Boosting algorithm to predict catalyst performance, achieving an R-square value of 0.81.
4. **Model Explanation**: Shapley additive analysis (SHAP) was used to identify which catalysts exhibited excellent performance.
5. **Validation**: The key descriptor identified by the ML model (the first promoter) was validated through experimental tests and theoretical simulations, and it was further described as metal-support interactions.

**Analysis**:
- The researchers used SHAP to identify important descriptors that contribute to the model's predictions.
- They validated the key descriptor identified by the model through experimental tests and theoretical simulations.
- The study claims that the key descriptor (first promoter) is related to metal-support interactions, which is a scientific phenomenon.

**Conclusion**:
The researchers are using model explanations (SHAP) to make new scientific claims about the importance of the first promoter and its relation to metal-support interactions. This goes beyond merely understanding the model and extends to understanding the underlying scientific phenomena.
",True,"NONE
NONE"
185,https://api.elsevier.com/content/abstract/scopus_id/85190838000,SCOPUS_ID:85190838000,2-s2.0-85190838000,Polymer design via SHAP and Bayesian machine learning optimizes pDNA and CRISPR ribonucleoprotein delivery,Dalal R.J.,Chemical Science,10.1039/d3sc06920f,Journal,ar,Article,"We present the facile synthesis of a clickable polymer library with systematic variations in length, binary composition, pKa, and hydrophobicity (clog P) to optimize intracellular pDNA and CRISPR-Cas9 ribonucleoprotein (RNP) performance. We couple physicochemical characterization and machine learning to interpret quantitative structure-property relationships within the combinatorial design space. For the first time, we reveal unexpected disparate design parameters for nucleic acid carriers; via explainable machine learning on 432 formulations, we discover that lower polymer pKa and higher percentages of benzimidazole ethanethiol enhance pDNA delivery, yet polymer length and captamine cation identity improve RNP delivery. Closed-loop Bayesian optimization of 552 formulation ratios further enhances in vitro performance. The top three polymers yield a higher signal and stable transgene expression over 20 days in vivo, and a 1.7-fold enhancement over controls. Our facile coupling of synthesis, characterization, and machine analysis provides powerful tools to quantitate performance parameters accelerating next-generation vehicles for nucleic acid medicines.",True,"The abstract describes the use of SHAP and Bayesian machine learning to analyze the effects of various polymer design parameters on the delivery of pDNA and CRISPR RNPs. It mentions that the application of explainable machine learning reveals unexpected relationships between design parameters and delivery performance. The insights drawn from the SHAP analysis help identify which specific polymer characteristics enhance delivery, indicating an understanding of the underlying processes involved in nucleic acid carrier performance rather than merely explaining the model's behavior.
",True,"Step-by-step analysis:

1. **Title Analysis**: The title mentions SHAP and Bayesian machine learning in the context of optimizing pDNA and CRISPR ribonucleoprotein delivery, suggesting the use of explainable ML techniques.

2. **Abstract Analysis**:
   - **Synthesis and Characterization**: The study involves the synthesis of a polymer library with variations in specific properties.
   - **Machine Learning for Interpretation**: The abstract states that machine learning is used to interpret quantitative structure-property relationships.
   - **Discovery of Design Parameters**: It mentions the discovery of specific design parameters (e.g., lower polymer pKa and higher percentages of benzimidazole ethanethiol for pDNA delivery) through explainable machine learning.
   - **Bayesian Optimization**: Bayesian optimization is used to further enhance performance, but this is more about optimization rather than understanding underlying processes.

3. **Insights from Explainable ML**:
   - The study reveals specific chemical properties that enhance pDNA and RNP delivery.
   - These insights are derived from explainable ML techniques applied to the data.

4. **Understanding Underlying Processes**:
   - The insights about polymer pKa, benzimidazole ethanethiol percentage, polymer length, and captamine cation identity are related to the underlying chemical and biological processes affecting delivery performance.
   - These insights go beyond just explaining the model's behavior; they provide understanding of the factors influencing the delivery mechanisms.

Conclusion: The explanations derived from the ML model help understand the underlying processes of polymer design and nucleic acid delivery.
",INVALID,True,"In the provided abstract, the researchers utilize SHAP (SHapley Additive exPlanations) to interpret the relationships between the design parameters of polymers and their performance in delivering nucleic acids. They mention discovering ""unexpected disparate design parameters"" that influence the delivery of pDNA and RNP, which suggests that the explanations derived from the model are being used to gain insights into the underlying biological processes and the effects of different polymer characteristics on delivery efficiency.

The researchers are not merely using the model explanations to improve predictions or aid in deploying their machine learning system; they are making new claims about the relationships between specific polymer properties and their performance in biological applications. This indicates that the explanations are contributing to scientific discovery by revealing new insights into the design of nucleic acid carriers.

Therefore, the explanations are being used for scientific discovery rather than just for model understanding.
",True,"Step 1: **Title Analysis**
- The title mentions ""SHAP and Bayesian machine learning"" in the context of optimizing pDNA and CRISPR ribonucleoprotein delivery. This suggests the use of explainable AI (XAI) techniques.

Step 2: **Abstract Analysis**
- The abstract describes the synthesis of a polymer library with variations in several properties to optimize delivery performance.
- It mentions coupling physicochemical characterization with machine learning to interpret quantitative structure-property relationships.
- The phrase ""For the first time, we reveal unexpected disparate design parameters for nucleic acid carriers"" suggests that the researchers are making new claims about the design parameters.
- The use of ""explainable machine learning on 432 formulations"" indicates that SHAP or similar techniques were used to derive these insights.
- Specific findings are mentioned: lower polymer pKa and higher percentages of benzimidazole ethanethiol enhance pDNA delivery, while polymer length and captamine cation identity improve RNP delivery.
- The abstract concludes with the application of Bayesian optimization to further enhance performance, indicating a closed-loop system for optimization.

Step 3: **Determination**
- The researchers explicitly state that they ""reveal unexpected disparate design parameters"" using explainable machine learning. This indicates that they are using model explanations to make new scientific claims about the design parameters affecting nucleic acid delivery.
- The findings about polymer pKa, benzimidazole ethanethiol, polymer length, and captamine cation identity are presented as new insights derived from the model explanations.

Conclusion:
- The researchers are using model explanations to understand natural processes or scientific phenomena, specifically the design parameters for nucleic acid carriers.
",True,"NONE
NONE"
195,https://api.elsevier.com/content/abstract/scopus_id/85184771986,SCOPUS_ID:85184771986,2-s2.0-85184771986,Exploring pollutant joint effects in disease through interpretable machine learning,Wang S.,Journal of Hazardous Materials,10.1016/j.jhazmat.2024.133707,Journal,ar,Article,"Identifying the impact of pollutants on diseases is crucial. However, assessing the health risks posed by the interplay of multiple pollutants is challenging. This study introduces the concept of Pollutants Outcome Disease, integrating multidisciplinary knowledge and employing explainable artificial intelligence (AI) to explore the joint effects of industrial pollutants on diseases. Using lung cancer as a representative case study, an extreme gradient boosting predictive model that integrates meteorological, socio-economic, pollutants, and lung cancer statistical data is developed. The joint effects of industrial pollutants on lung cancer are identified and analyzed by employing the SHAP (Shapley Additive exPlanations) interpretable machine learning technique. Results reveal substantial spatial heterogeneity in emissions from CPG and ILC, highlighting pronounced nonlinear relationships among variables. The model yielded strong predictions (an R of 0.954, an RMSE of 4283, and an R2 of 0.911) and emphasized the impact of pollutant emission amounts on lung cancer responses. Diverse joint effects patterns were observed, varying in terms of patterns, regions (frequency), and the extent of antagonistic and synergistic effects among pollutants. The study provides a new perspective for exploring the joint effects of pollutants on diseases and demonstrates the potential of AI technology to assist scientific discovery.",True,"The research abstract describes the use of explainable machine learning (specifically SHAP) to analyze the joint effects of industrial pollutants on lung cancer. While the study employs a predictive model, the focus is on understanding the relationships and interactions between pollutants and their impact on disease, rather than solely on model performance. The insights drawn from the SHAP analysis aim to reveal the underlying processes, such as the nonlinear relationships and spatial heterogeneity in pollutant effects.

Thus, the explanations provided by the SHAP technique contribute to understanding the underlying phenomena related to pollutant impacts on health, rather than just explaining the model's behavior.
",True,"1. **Title Analysis**: The title suggests the study is focused on exploring the joint effects of pollutants on diseases using interpretable machine learning.

2. **Abstract Analysis**:
   - **Objective**: The study aims to identify the impact of pollutants on diseases, specifically lung cancer.
   - **Methodology**: An extreme gradient boosting model is used, integrating various data types (meteorological, socio-economic, pollutants, and lung cancer statistics).
   - **Interpretable ML**: SHAP is employed to analyze the joint effects of industrial pollutants on lung cancer.
   - **Findings**: The study reveals spatial heterogeneity in emissions and nonlinear relationships among variables. It also identifies diverse joint effects patterns, including antagonistic and synergistic effects among pollutants.

3. **Insights from SHAP**:
   - **Spatial Heterogeneity**: SHAP helps identify variations in pollutant emissions across different regions.
   - **Nonlinear Relationships**: SHAP reveals complex interactions between pollutants and lung cancer incidence.
   - **Joint Effects Patterns**: SHAP uncovers different patterns of how pollutants jointly affect lung cancer, including antagonistic and synergistic effects.

4. **Conclusion**: The insights drawn from SHAP are used to understand the underlying processes of how pollutants interact and affect lung cancer, rather than just explaining the model's behavior.
",INVALID,True,"In the provided abstract, the researchers utilize explainable AI (XAI) techniques, specifically SHAP, to analyze the joint effects of industrial pollutants on lung cancer. They emphasize the identification and analysis of these effects, which suggests that they are not merely using the model explanations to understand the model's predictions but are also leveraging these insights to explore the underlying relationships between pollutants and disease outcomes.

The abstract indicates that the researchers are making claims about the substantial spatial heterogeneity in emissions and the pronounced nonlinear relationships among variables. They also mention diverse joint effects patterns, which implies that the explanations derived from the model are being used to draw conclusions about the natural processes involved in the interplay of pollutants and health outcomes.

Given that the researchers are using the model explanations to derive new insights into the effects of pollutants on diseases, rather than solely for model validation or deployment, it can be concluded that they are engaging in scientific discovery.
",True,"Let's break down the abstract step by step:

1. **Objective**: The study aims to identify the impact of pollutants on diseases, specifically lung cancer, by exploring the joint effects of multiple pollutants.

2. **Methodology**: 
   - They use an extreme gradient boosting predictive model.
   - They integrate various types of data: meteorological, socio-economic, pollutants, and lung cancer statistics.
   - They employ SHAP (Shapley Additive exPlanations) to interpret the model.

3. **Findings**:
   - The model shows strong predictive performance (R of 0.954, RMSE of 4283, and R2 of 0.911).
   - SHAP is used to identify and analyze the joint effects of industrial pollutants on lung cancer.
   - The results reveal spatial heterogeneity in emissions and nonlinear relationships among variables.
   - They observe diverse joint effects patterns, including antagonistic and synergistic effects among pollutants.

4. **Conclusion**: The study claims to provide a new perspective for exploring the joint effects of pollutants on diseases and suggests that AI technology can assist in scientific discovery.

**Analysis**:
- The researchers use SHAP to interpret the model and identify patterns in the data.
- They explicitly mention that SHAP helps in analyzing the joint effects of pollutants, which implies they are using the model explanations to make claims about the natural phenomena (i.e., the impact of pollutants on lung cancer).
- The abstract suggests that the findings about spatial heterogeneity and nonlinear relationships are derived from the SHAP explanations, which they use to draw conclusions about the real-world effects of pollutants.

Given these points, it appears that the researchers are using model explanations not just to understand the model but to make new claims about the joint effects of pollutants on diseases. This indicates they are using the explanations for scientific discovery.
",True,"NONE
NONE"
207,https://api.elsevier.com/content/abstract/scopus_id/85186524433,SCOPUS_ID:85186524433,2-s2.0-85186524433,Exploring novel lead scaffolds for SGLT2 inhibitors: Insights from machine learning and molecular dynamics simulations,Yu Y.,International Journal of Biological Macromolecules,10.1016/j.ijbiomac.2024.130375,Journal,ar,Article,"Sodium-glucose cotransporter 2 (SGLT2) plays a pivotal role in mediating glucose reabsorption within the renal filtrate, representing a well-known target in type 2 diabetes and heart failure. Recent emphasis has been directed toward designing SGLT2 inhibitors, with C-glycoside inhibitors emerging as front-runners. The architecture of SGLT2 has been successfully resolved using cryo-electron microscopy. However, comprehension of the pharmacophores within the binding site of SGLT2 remains unclear. Here, we use machine learning and molecular dynamics simulations on SGLT2 bound with its inhibitors in preclinical or clinical development to shed light on this issue. Our dataset comprises 1240 SGLT2 inhibitors amalgamated from diverse sources, forming the basis for constructing machine learning models. SHapley Additive exPlanation (SHAP) elucidates the crucial fragments that contribute to inhibitor activity, specifically Morgan_3, 162, 310, 325, 366, 470, 597, 714, 926, and 975. Furthermore, the computed binding free energies and per-residue contributions for SGLT2-inhibitor complexes unveil crucial fragments of inhibitors that interact with residues Asn-75, His-80, Val-95, Phe-98, Val-157, Leu-274, and Phe-453 in the binding site of SGLT2. This comprehensive investigation enhances understanding of the binding mechanism for SGLT2 inhibitors, providing a robust framework for evaluating and discovering novel lead scaffolds within this domain.",True,"The abstract describes the use of SHAP to identify crucial fragments of SGLT2 inhibitors that contribute to their activity. While SHAP is a tool for explaining model behavior, in this context, it is used to highlight specific molecular features that interact with the SGLT2 binding site. This suggests that the insights drawn from the SHAP analysis are aimed at understanding the underlying binding mechanism of SGLT2 inhibitors rather than merely explaining the machine learning model itself. Therefore, the explanations provided do help in understanding the underlying processes involved in the interaction between inhibitors and the SGLT2 protein.
",True,"1. The abstract mentions the use of SHAP to elucidate crucial fragments that contribute to inhibitor activity.
2. These crucial fragments are specific molecular features (Morgan_3, 162, 310, etc.) identified by SHAP.
3. The study also uses molecular dynamics simulations to compute binding free energies and per-residue contributions for SGLT2-inhibitor complexes.
4. The identified crucial fragments interact with specific residues (Asn-75, His-80, Val-95, etc.) in the binding site of SGLT2.
5. The insights from SHAP and molecular dynamics simulations are used to understand the binding mechanism of SGLT2 inhibitors.

The explanations provided by SHAP help understand the underlying binding mechanism of SGLT2 inhibitors, not just the model behavior.
",INVALID,True,"The researchers in the abstract are using machine learning and SHAP to identify crucial fragments of SGLT2 inhibitors that contribute to their activity. They mention that SHAP elucidates these fragments, which suggests that they are interpreting the model's output to gain insights into the binding mechanism of SGLT2 inhibitors. The explanations provided by SHAP are not merely for understanding the model's predictions but are being used to enhance the understanding of the underlying biological processes related to SGLT2 and its inhibitors.

The researchers explicitly state that their investigation enhances the understanding of the binding mechanism for SGLT2 inhibitors, which indicates that they are making new claims about the scientific phenomena involved. This suggests that the use of model explanations is contributing to scientific discovery rather than just aiding in model deployment.
",True,"Let's break down the abstract step by step:

1. **Objective**: The study aims to understand the pharmacophores within the binding site of SGLT2, which is crucial for designing inhibitors for type 2 diabetes and heart failure.

2. **Methods**: The researchers use machine learning and molecular dynamics simulations. They have a dataset of 1240 SGLT2 inhibitors.

3. **Model Explanations**: They use SHapley Additive exPlanation (SHAP) to identify crucial fragments that contribute to inhibitor activity. Specific fragments (Morgan_3, 162, 310, etc.) are highlighted.

4. **Scientific Insights**: They also compute binding free energies and per-residue contributions for SGLT2-inhibitor complexes, identifying interactions with specific residues (Asn-75, His-80, etc.).

5. **Claims**: The researchers claim that their investigation enhances understanding of the binding mechanism for SGLT2 inhibitors and provides a framework for discovering novel lead scaffolds.

**Analysis**:
- The SHAP explanations are used to identify crucial fragments contributing to inhibitor activity. This is a model-centric explanation.
- The computed binding free energies and per-residue contributions are derived from molecular dynamics simulations, which are more aligned with traditional scientific methods.
- The researchers use the SHAP results to make claims about the binding mechanism and to propose a framework for discovering new inhibitors.

**Conclusion**:
The researchers are using SHAP explanations to make new claims about the binding mechanism of SGLT2 inhibitors. They are not just using the explanations to understand the model but are extending these insights to make scientific claims about the natural process of inhibitor binding.
",True,"NONE
NONE"
222,https://api.elsevier.com/content/abstract/scopus_id/85183455107,SCOPUS_ID:85183455107,2-s2.0-85183455107,PM<inf>2.5</inf> pollution modulates the response of ozone formation to VOC emitted from various sources: Insights from machine learning,Tao C.,Science of the Total Environment,10.1016/j.scitotenv.2024.170009,Journal,ar,Article,"Numerous studies have linked ozone (O3) production to its precursors and fine particulate matter (PM2.5), while the complex interaction effects of PM2.5 and volatile organic compounds (VOCs) on O3 remain poorly understood. A systematic approach based on an interpretable machine learning (ML) model was utilized to evaluate the primary driving factors that impact O3 and to elucidate how changes in PM2.5, VOCs from different sources, NOx, and meteorological conditions either promote or inhibit O3 formation through their individual and synergistic effects in a tropical coastal city, Haikou, from 2019 to 2020. The results suggest that under low PM2.5 levels, alongside the linear O3-PM2.5 relationship observed, O3 formation is suppressed by PM2.5 with higher proportions of traffic-derived aerosol. Vehicle VOC emissions contributed maximally to O3 formation at midday, despite the lowest concentration. VOCs from fossil fuel combustion and industry emissions, which have opposing effects on O3, act as inhibitors and promoters by inducing diverse photochemical regimes. As PM2.5 pollution escalates, the impact of these VOCs reverses, becoming more pronounced in shaping O3 variation. Sensitivity analysis reveals that the O3 formation regime is VOC-limited, and effective regional O3 mitigation requires prioritizing substantial VOC reductions to offset enhanced VOC sensitivity induced by the co-reduction in PM2.5, with a focus on industrial and vehicular emissions, and subsequently, fossil fuel combustion once PM2.5 is effectively controlled. This study underscores the potential of the SHAP-based ML approach to decode the intricate O3-NOx-VOCs-PM2.5 interplay, considering both meteorological and atmospheric compositional variations.",True,"The abstract describes a study that uses an interpretable machine learning model to evaluate the driving factors impacting ozone (O3) formation and to elucidate the interactions between PM2.5, VOCs, NOx, and meteorological conditions. The use of SHAP-based ML is mentioned as a tool to decode the complex interplay of these factors, which suggests that the insights drawn are aimed at understanding the underlying processes affecting O3 formation rather than merely explaining the model's behavior. The findings highlight how different sources of VOCs interact with PM2.5 levels to influence O3 production, indicating a focus on the scientific phenomena rather than model interpretation.
",True,"Step-by-step analysis:

1. **Objective**: The study aims to understand the interaction effects of PM2.5 and VOCs on O3 formation.
2. **Method**: An interpretable machine learning model, specifically SHAP, is used to evaluate the primary driving factors impacting O3.
3. **Insights**:
   - **PM2.5 and O3 Relationship**: Under low PM2.5 levels, O3 formation is suppressed by PM2.5 with higher proportions of traffic-derived aerosol.
   - **VOC Contributions**: Vehicle VOC emissions contribute maximally to O3 formation at midday. VOCs from fossil fuel combustion and industry emissions have opposing effects on O3.
   - **Impact of Escalating PM2.5**: As PM2.5 pollution increases, the impact of VOCs on O3 formation becomes more pronounced.
   - **Sensitivity Analysis**: The O3 formation regime is VOC-limited, suggesting that effective O3 mitigation requires substantial VOC reductions.
4. **Use of SHAP**: The SHAP-based ML approach is used to decode the intricate interplay between O3, NOx, VOCs, and PM2.5, considering meteorological and atmospheric compositional variations.

**Conclusion**: The explanations provided by the SHAP-based ML model help understand the underlying processes of O3 formation and its interaction with PM2.5 and VOCs, rather than just explaining the model behavior.
",INVALID,True,"The researchers in this study utilize an interpretable machine learning model to analyze the interactions between PM2.5, VOCs, and ozone formation. They employ SHAP-based explanations to identify the primary driving factors affecting ozone levels and to understand the complex relationships among these variables. The abstract indicates that the researchers are not merely using the model for prediction or deployment purposes; instead, they are leveraging the explanations to gain insights into the underlying natural processes that govern ozone formation in relation to PM2.5 and VOC emissions.

The study makes new claims about the interactions between these pollutants and their effects on ozone formation, suggesting that the explanations derived from the model contribute to a deeper understanding of atmospheric chemistry and pollution dynamics. The researchers emphasize the importance of these findings for effective regional ozone mitigation strategies, which further supports the notion that they are engaging in scientific discovery rather than just model interpretation.

Given this analysis, the explanations are being used to inform and enhance understanding of scientific phenomena.
",True,"Let's break down the abstract step by step:

1. **Objective**: The study aims to understand the complex interactions between PM2.5, VOCs, NOx, and meteorological conditions on O3 formation.
2. **Methodology**: An interpretable machine learning model is used to evaluate the primary driving factors impacting O3 formation.
3. **Findings**:
   - Under low PM2.5 levels, O3 formation is suppressed by PM2.5 with higher proportions of traffic-derived aerosol.
   - Vehicle VOC emissions contribute maximally to O3 formation at midday.
   - VOCs from fossil fuel combustion and industry emissions have opposing effects on O3.
   - As PM2.5 pollution escalates, the impact of these VOCs reverses.
   - Sensitivity analysis reveals that the O3 formation regime is VOC-limited.
4. **Implications**: Effective regional O3 mitigation requires prioritizing substantial VOC reductions, focusing on industrial and vehicular emissions, and subsequently fossil fuel combustion once PM2.5 is controlled.
5. **Conclusion**: The study underscores the potential of the SHAP-based ML approach to decode the intricate O3-NOx-VOCs-PM2.5 interplay.

**Analysis**:
- The researchers are using the SHAP-based ML approach to identify and understand the interactions between various factors (PM2.5, VOCs, NOx, meteorological conditions) and their effects on O3 formation.
- They are making new claims about the behavior of these interactions, such as the suppression of O3 formation by PM2.5 with higher proportions of traffic-derived aerosol, and the reversal of VOC impacts as PM2.5 pollution escalates.
- The findings are presented as insights into natural processes and scientific phenomena, not just as aids for deploying the ML system or making predictions.

Given the detailed analysis and the explicit use of model explanations to make new scientific claims about the interactions and effects of various factors on O3 formation, it is clear that the researchers are using the model explanations for scientific discovery.
",True,"NONE
NONE"
223,https://api.elsevier.com/content/abstract/scopus_id/85173023776,SCOPUS_ID:85173023776,2-s2.0-85173023776,Data-driven analysis of crustal and subduction seismic environments using interpretation of deep learning-based generalized ground motion models,Fayaz J.,Expert Systems with Applications,10.1016/j.eswa.2023.121731,Journal,ar,Article,"Studies on understanding the regional seismological differences based on the variations in the characteristics of the ground motion waves recorded during seismic events have provided independent insights into the different seismic environments of the world. This study aims to showcase the differences between three of the major seismic environments of the world including Japanese subduction, Chilean subduction, and Californian crustal. The study is based on developing deep learning (DL)-based surrogate generalized ground motion models (GGMMs) and analyzing them to understand the patterns between the earthquake source parameters and the resulting ground motion waveforms’ engineering characteristics. The GGMMs are developed using long short-term memory (LSTM) based recurrent neural networks (RNNs), which are trained using six earthquake source and site parameters as the inputs and a 25 × 1 vector of amplitude-, duration-, and energy-based ground motion intensity measures (IMs). The GGMMs are trained and evaluated using carefully selected large datasets of ground motion records from the Japanese subduction, Chilean subduction, and Californian crustal sources (∼2000 records from each source). The models are developed in two settings: i) three independent GGMMs using the three datasets of each source, ii) one combined GGMM using the combined dataset. While the former provides individual surrogate models of the regional seismic environments and allows relative comparison among the three environments, the latter acts as a global seismic surrogate model and allows comparison in absolute terms. The seismic environments are investigated by analyzing the two types of GGMMs using explainable artificial intelligence (XAI) and game theory based Shapley explanations (SHAP). As the direct physical study of the seismic environments is not generally feasible/practical, the proposed GGMMs surrogating the process becomes a source of knowledge. By interpreting them, inferences about the seismic environments are derived. Results indicate the peculiar nature of the earthquakes arising from the three seismic backgrounds, further emphasizing the importance of conducting independent regional seismic hazard and risk analysis. In particular, the role of magnitude and rupture distance is observed to have a significantly different impact on the different IMs of the three different environments. The study further sets a novel basis to utilize advanced DL and XAI methods in understanding convoluted physics and engineering phenomena.",True,"1. The research abstract describes the use of deep learning-based generalized ground motion models (GGMMs) to analyze seismic environments.
2. It mentions the application of explainable artificial intelligence (XAI) and SHAP to interpret the GGMMs.
3. The focus is on deriving inferences about the seismic environments based on the analysis of the GGMMs, rather than merely explaining the model behavior.
4. The results highlight the different impacts of earthquake source parameters on ground motion characteristics across various seismic environments, indicating a deeper understanding of the underlying processes.

Based on this analysis, the explanations provided do help understand the underlying processes.
",True,"Step-by-step analysis:

1. **Objective**: The study aims to understand regional seismological differences by analyzing ground motion waveforms from different seismic environments.
2. **Methodology**: 
   - Develop deep learning-based generalized ground motion models (GGMMs) using LSTM RNNs.
   - Train models with earthquake source and site parameters to predict ground motion intensity measures (IMs).
   - Create both independent and combined GGMMs for different seismic environments.
3. **Analysis**:
   - Use explainable AI (XAI) and SHAP to interpret the GGMMs.
   - Derive inferences about seismic environments by interpreting the GGMMs.
4. **Insights**:
   - The study finds differences in the impact of magnitude and rupture distance on IMs across different seismic environments.
   - These insights emphasize the need for regional seismic hazard and risk analysis.

**Conclusion**: The study uses SHAP to derive insights about the underlying seismic processes, not just the model behavior.
",INVALID,True,"The researchers in this study are using explainable artificial intelligence (XAI) and Shapley explanations (SHAP) to analyze deep learning-based generalized ground motion models (GGMMs) in the context of seismic environments. They emphasize that the direct physical study of these environments is not feasible, and thus, they rely on the surrogate models to derive inferences about the seismic environments. The explanations provided by the XAI methods are used to interpret the relationships between earthquake source parameters and ground motion characteristics, leading to new insights about the peculiar nature of earthquakes in different seismic backgrounds.

The researchers explicitly state that they derive inferences about the seismic environments from the interpretations of the GGMMs, indicating that the explanations are not merely for understanding the model but are also being used to make claims about the underlying scientific phenomena. They highlight the differences in the impact of various parameters on ground motion intensity measures across different seismic environments, which suggests a deeper understanding of the natural processes involved.

Given this context, the explanations are being used to support scientific discovery rather than just model deployment.
",True,"Step 1: The abstract describes the development of deep learning-based generalized ground motion models (GGMMs) using LSTM-based RNNs to analyze seismic environments.

Step 2: The GGMMs are trained on datasets from three different seismic environments: Japanese subduction, Chilean subduction, and Californian crustal.

Step 3: The models are developed in two settings: independent GGMMs for each source and a combined GGMM for all sources.

Step 4: The researchers use explainable artificial intelligence (XAI) and SHAP explanations to analyze the GGMMs.

Step 5: The abstract states that the GGMMs surrogate the seismic process and that interpreting them allows inferences about the seismic environments.

Step 6: The results indicate differences in the impact of magnitude and rupture distance on the ground motion intensity measures (IMs) across the three environments.

Step 7: The abstract claims that the study sets a novel basis for using advanced DL and XAI methods to understand convoluted physics and engineering phenomena.

Conclusion: The researchers are using the model explanations to derive inferences about the seismic environments, which implies they are making new claims about the natural processes based on the model interpretations.
",True,"NONE
NONE"
225,https://api.elsevier.com/content/abstract/scopus_id/85185408485,SCOPUS_ID:85185408485,2-s2.0-85185408485,Assessing the nonlinear relationship between consumer goods and water pollution in different seasons with machine learning models: A case study in the Yangtze River Economic Belt,Huan S.,Journal of Cleaner Production,10.1016/j.jclepro.2024.141254,Journal,ar,Article,"Consumer goods volume and their consumption structure significantly contribute to water pollution within economic zones. However, there remains a need to better comprehend the nuanced and seasonal nonlinear relationship between consumer goods and water pollution, which currently obstructs essential consumption adjustments aimed at reducing water pollution. This study selected an effective machine learning model Light Gradient Boosting Machine (LightGBM) with SHapley Additive Explanations (SHAP) to assess the nonlinear relationship between consumer goods and water pollution during flood and non-flood seasons within the Yangtze River Economic Belt from 2013 to 2022, Baidu Index of consumer goods were used to represent the potential consumption level (PCL). The findings revealed the following: (1) During flood seasons, hydroelectricity and the PCL of furniture and cultural goods emerged as factors driving water pollution reduction. Conversely, GDP, PCL of communication devices, and beverages played significant roles in exacerbating water pollution. During non-flood seasons, the drivers for reducing water pollution included GDP, income gap and PCL of cultural goods. Meanwhile, PCL of cars, western medicine and oil became pivotal drivers for exacerbating water pollution. (2) Concerning consumption structure during flood and non-flood seasons, maintaining consumption levels of costume industrial goods, cultural, sports and health goods and transportation and accommodation goods below 66.71%, 77.66% and 79.61% respectively of their average PCL appeared beneficial in reducing water pollution. During flood seasons, consumption levels of cars and furniture below 85.69% and 91.46% respectively of their average PCL were associated with reduced water pollution. During non-flood seasons, consumption levels of cars and oil below 82.95% and 71.28% respectively of their average PCL could help reduce water pollution. (3) The proportion of hydroelectricity generation exceeding 2% and 3% respectively during flood and non-flood seasons helped in reducing water pollution. Moreover, GDP per capita surpassing 2388.82 and 2075.78 respectively during flood and non-flood season was preferable for reducing water pollution. These findings deepened our understanding of the nonlinear relationship and identify promising consumer goods and their consumption structure that could effectively aid in reducing water pollution from a consumption perspective.",True,"1. The research uses SHAP to assess the nonlinear relationship between consumer goods and water pollution, indicating that the authors are interested in understanding the underlying processes rather than just model behavior.
2. The findings provide insights into which consumer goods and their consumption levels are associated with either exacerbating or reducing water pollution, suggesting a deeper understanding of the factors influencing water pollution.
3. The explanations derived from the SHAP values help elucidate the relationships between consumer goods and water pollution, contributing to a better understanding of the underlying processes at play.

True
",True,"Step-by-step analysis:

1. **Objective**: The study aims to understand the nonlinear relationship between consumer goods and water pollution in different seasons.
2. **Method**: Uses LightGBM with SHAP to assess this relationship.
3. **Findings**:
   - Identifies specific consumer goods and their consumption levels that influence water pollution during flood and non-flood seasons.
   - Provides thresholds for consumption levels and hydroelectricity generation that are beneficial for reducing water pollution.
   - Highlights the role of GDP per capita in influencing water pollution.

**Insights**:
- The study uses SHAP to identify which factors (consumer goods, GDP, hydroelectricity) are driving water pollution and how their impact varies seasonally.
- The explanations provided by SHAP help in understanding the underlying nonlinear relationships between these factors and water pollution.

**Conclusion**:
- The insights drawn from SHAP explanations are used to understand the underlying processes affecting water pollution, not just the model behavior.
",INVALID,True,"The researchers in the study are using SHAP to assess the nonlinear relationship between consumer goods and water pollution, which suggests they are interested in understanding the underlying dynamics of this relationship rather than merely improving model performance. They explicitly mention how different factors (like GDP and specific consumer goods) influence water pollution during different seasons, indicating that they are drawing conclusions about natural processes based on the model's explanations. The findings aim to provide insights into consumption patterns that could help mitigate water pollution, which aligns with scientific discovery.

Therefore, the explanations provided by the model are being used to make new claims about the relationship between consumer behavior and environmental impact, rather than just for model interpretation.
",True,"Let's break down the abstract step by step:

1. **Objective**: The study aims to understand the nonlinear relationship between consumer goods and water pollution in different seasons.
2. **Methodology**: They use LightGBM with SHAP to assess this relationship.
3. **Findings**:
   - **Seasonal Drivers**: They identify specific consumer goods and economic factors that drive water pollution reduction or exacerbation during flood and non-flood seasons.
   - **Consumption Structure**: They provide specific thresholds for consumption levels of various goods that are beneficial for reducing water pollution.
   - **Hydroelectricity and GDP**: They identify specific proportions and values that are preferable for reducing water pollution.

The researchers use SHAP to interpret the LightGBM model's outputs, revealing which factors are important and how they influence water pollution. They then make specific claims about the relationships between consumer goods, economic factors, and water pollution, including actionable thresholds and proportions.

**Analysis**:
- The researchers are not just using SHAP to understand the model's behavior; they are using the model's explanations to make new claims about the relationships between consumer goods, economic factors, and water pollution.
- They provide specific actionable insights and thresholds based on the SHAP explanations, which they claim can help in reducing water pollution.

Given these points, the researchers are using model explanations to make new claims about natural processes and scientific phenomena.
",True,"NONE
NONE"
227,https://api.elsevier.com/content/abstract/scopus_id/85179112352,SCOPUS_ID:85179112352,2-s2.0-85179112352,Machine learning analysis to interpret the effect of the photocatalytic reaction rate constant (k) of semiconductor-based photocatalysts on dye removal,Kim C.M.,Journal of Hazardous Materials,10.1016/j.jhazmat.2023.132995,Journal,ar,Article,"Photocatalytic reactions with semiconductor-based photocatalysts have been investigated extensively for application to wastewater treatment, especially dye degradation, yet the interactions between different process parameters have rarely been reported due to their complicated reaction mechanisms. Hence, this study aims to discern the impact of each factor, and each interaction between multiple factors on reaction rate constant (k) using a decision tree model. The dyes selected as target pollutants were indigo and malachite green, and 5 different semiconductor-based photocatalysts with 17 different compositions were tested, which generated 34 input features and 1527 data points. The Boruta Shapley Additive exPlanations (SHAP) feature selection for the 34 inputs found that 11 inputs were significantly important. The decision tree model exhibited for 11 input features with an R2 value of 0.94. The SHAP feature importance analysis suggested that photocatalytic experimental conditions, with an importance of 59%, was the most important input category, followed by atomic composition (39%) and physicochemical properties (2%). Additionally, the effects on k of the synergy between the metal cocatalysts and important experimental conditions were confirmed by two feature SHAP dependence plots, regardless of importance order. This work provides insight into the single and multiple factors that affect reaction rate and mechanism.",True,"The research abstract describes the use of SHAP for feature selection and to analyze the importance of various factors affecting the photocatalytic reaction rate constant (k). The insights drawn from the SHAP analysis, such as the significance of photocatalytic experimental conditions and atomic composition, suggest that the study is focused on understanding the underlying processes influencing the reaction rate rather than merely explaining the model's behavior. The mention of synergy effects and the analysis of interactions between factors further indicates a focus on the underlying phenomena.

True
",True,"Step-by-step analysis:

1. **Objective**: The study aims to discern the impact of each factor and the interactions between multiple factors on the reaction rate constant (k) using a decision tree model.
2. **Method**: The study uses Boruta SHAP for feature selection and SHAP feature importance analysis to interpret the results.
3. **Insights**:
   - **Feature Importance**: Identified that photocatalytic experimental conditions, atomic composition, and physicochemical properties are important.
   - **Interaction Effects**: SHAP dependence plots were used to confirm the effects of the synergy between metal cocatalysts and important experimental conditions on the reaction rate constant (k).

**Conclusion**: The study uses SHAP to provide insights into the single and multiple factors affecting the reaction rate and mechanism, which helps understand the underlying photocatalytic processes rather than just explaining the model behavior.
",INVALID,True,"The researchers in this study are using SHAP explanations to analyze the impact of various factors on the photocatalytic reaction rate constant (k). They employ a decision tree model to identify significant input features and interactions among them, which suggests they are interested in understanding the underlying processes that govern the photocatalytic reactions. The use of SHAP feature importance analysis and dependence plots indicates that they are not merely using these explanations for model validation or deployment; rather, they are leveraging them to gain insights into the scientific phenomena of photocatalysis.

The abstract explicitly states that the work provides insight into the factors affecting the reaction rate and mechanism, which implies that the researchers are making new claims about the natural processes involved in photocatalysis. This suggests a focus on scientific discovery rather than just model interpretation.
",True,"Step-by-step analysis:

1. **Objective**: The study aims to discern the impact of each factor and the interactions between multiple factors on the reaction rate constant (k) using a decision tree model.

2. **Data and Methods**: The researchers used 34 input features and 1527 data points, employing Boruta SHAP for feature selection and SHAP for feature importance analysis.

3. **Model Performance**: The decision tree model achieved an R2 value of 0.94, indicating good predictive performance.

4. **SHAP Analysis**: The SHAP feature importance analysis identified that photocatalytic experimental conditions were the most important input category, followed by atomic composition and physicochemical properties.

5. **Insights from SHAP**: The researchers used SHAP dependence plots to confirm the effects on k of the synergy between metal cocatalysts and important experimental conditions.

6. **Claims**: The abstract states that the work provides insight into the single and multiple factors that affect reaction rate and mechanism.

**Conclusion**:
- The researchers are using SHAP explanations to identify important features and interactions that affect the reaction rate constant (k).
- They are making claims about the underlying natural processes, specifically the factors and mechanisms affecting the photocatalytic reaction rate.

Given that the researchers are explicitly using SHAP explanations to make new claims about the factors and mechanisms affecting the reaction rate, it appears they are using model explanations to understand scientific phenomena.
",True,"NONE
NONE"
233,https://api.elsevier.com/content/abstract/scopus_id/85185714058,SCOPUS_ID:85185714058,2-s2.0-85185714058,Predicting hosts and cross-species transmission of Streptococcus agalactiae by interpretable machine learning,Ren Y.,Computers in Biology and Medicine,10.1016/j.compbiomed.2024.108185,Journal,ar,Article,"Background: Streptococcus agalactiae, commonly known as Group B Streptococcus (GBS), exhibits a broad host range, manifesting as both a beneficial commensal and an opportunistic pathogen across various species. In humans, it poses significant risks, causing neonatal sepsis and meningitis, along with severe infections in adults. Additionally, it impacts livestock by inducing mastitis in bovines and contributing to epidemic mortality in fish populations. Despite its wide host spectrum, the mechanisms enabling GBS to adapt to specific hosts remain inadequately elucidated. Therefore, the development of a rapid and accurate method differentiates GBS strains associated with particular animal hosts based on genome-wide information holds immense potential. Such a tool would not only bolster the identification and containment efforts during GBS outbreaks but also deepen our comprehension of the bacteria's host adaptations spanning humans, livestock, and other natural animal reservoirs. Methods and results: Here, we developed three machine learning models—random forest (RF), logistic regression (LR), and support vector machine (SVM) based on genome-wide mutation data. These models enabled precise prediction of the host origin of GBS, accurately distinguishing between human, bovine, fish, and pig hosts. Moreover, we conducted an interpretable machine learning using SHapley Additive exPlanations (SHAP) and variant annotation to uncover the most influential genomic features and associated genes for each host. Additionally, by meticulously examining misclassified samples, we gained valuable insights into the dynamics of host transmission and the potential for zoonotic infections. Conclusions: Our study underscores the effectiveness of random forest (RF) and logistic regression (LR) models based on mutation data for accurately predicting GBS host origins. Additionally, we identify the key features associated with each GBS host, thereby enhancing our understanding of the bacteria's host-specific adaptations.",True,"The research abstract describes the use of interpretable machine learning (specifically SHAP) to identify key genomic features associated with different hosts of Streptococcus agalactiae. While the study employs machine learning models to predict host origins, the focus on uncovering influential genomic features and examining misclassified samples suggests that the authors are drawing insights into the underlying biological processes of host adaptation and transmission dynamics. The explanations provided by SHAP are used to enhance understanding of the bacteria's host-specific adaptations rather than merely explaining model behavior.

True
",True,"Step-by-step analysis:

1. **Title Analysis**: The title mentions ""interpretable machine learning"" and ""predicting hosts and cross-species transmission,"" suggesting a focus on understanding the underlying phenomena.

2. **Background**: The background emphasizes the need to understand the mechanisms enabling GBS to adapt to specific hosts, indicating a scientific discovery goal.

3. **Methods and Results**:
   - **Machine Learning Models**: Three models (RF, LR, SVM) are developed to predict the host origin of GBS.
   - **Interpretable Machine Learning**: SHAP is used to uncover the most influential genomic features and associated genes for each host.
   - **Insights from Misclassified Samples**: Examination of misclassified samples provides insights into host transmission dynamics and zoonotic infection potential.

4. **Conclusions**: The study highlights the identification of key features associated with each GBS host, enhancing understanding of host-specific adaptations.

**Determination**:
- The use of SHAP to uncover influential genomic features and associated genes directly contributes to understanding the underlying biological processes of host adaptation.
- Insights from misclassified samples further contribute to understanding the dynamics of host transmission and zoonotic potential.

**Final Answer**:",INVALID,True,"The researchers in this study utilize interpretable machine learning techniques, specifically SHAP, to identify the most influential genomic features associated with different hosts of Streptococcus agalactiae. They emphasize that their approach not only aids in the accurate prediction of host origins but also provides insights into the dynamics of host transmission and the potential for zoonotic infections. By examining misclassified samples and identifying key features linked to host adaptations, the researchers appear to be using the model explanations to deepen their understanding of the underlying biological processes and mechanisms of host specificity.

The explicit mention of gaining insights into host transmission dynamics and the bacteria's host-specific adaptations suggests that the researchers are leveraging the model explanations for scientific discovery rather than merely for model interpretation or deployment. Therefore, the explanations are being used to make new claims about the natural processes involved in the host adaptations of GBS.
",True,"Let's break down the abstract step by step:

1. **Background**: The study focuses on Streptococcus agalactiae (GBS) and its ability to infect various hosts. The researchers aim to develop a method to differentiate GBS strains based on their host origin using genome-wide data.

2. **Methods and Results**: 
   - They developed three machine learning models (RF, LR, SVM) to predict the host origin of GBS strains.
   - They used SHAP to interpret the models and identify influential genomic features and associated genes for each host.
   - They examined misclassified samples to gain insights into host transmission dynamics and zoonotic potential.

3. **Conclusions**: 
   - The study highlights the effectiveness of RF and LR models in predicting GBS host origins.
   - They claim to have identified key features associated with each host, which they suggest enhances understanding of host-specific adaptations.

**Analysis**:
- The researchers used SHAP to identify influential genomic features and associated genes for each host. This suggests they are using model explanations to understand which genomic features are important for host differentiation.
- They also examined misclassified samples to gain insights into host transmission dynamics, which implies they are using the model's errors to infer biological processes.

**Conclusion**:
- The researchers are making new claims about the biological mechanisms of GBS host adaptation based on the model explanations. They are not just using the explanations to improve model performance or deployment but are explicitly using them to draw conclusions about natural processes.

**Final Determination**:",True,"NONE
NONE"
271,https://api.elsevier.com/content/abstract/scopus_id/85202035201,SCOPUS_ID:85202035201,2-s2.0-85202035201,Understanding the impact of radiotherapy fractionation on overall survival in a large head and neck squamous cell carcinoma dataset: a comprehensive approach combining mechanistic and machine learning models,Shuryak I.,Frontiers in Oncology,10.3389/fonc.2024.1422211,Journal,ar,Article,"Introduction: Treating head and neck squamous cell carcinomas (HNSCC), especially human papillomavirus negative (HPV-) and locally advanced cases, remains difficult. Our previous analyses of radiotherapy-only HNSCC clinical trials data using mechanistically-motivated models of tumor repopulation and killing by radiotherapy predicted that hyperfractionation with twice-daily fractions, or hypofractionation involving increased doses/fraction and reduced treatment durations, both improve tumor control and reduce late normal tissue toxicity, compared with standard protocols using 35×2 Gy. Here we further investigated the validity of these conclusions by analyzing a large modern dataset on 3,346 HNSCC radiotherapy patients from the University Health Network in Toronto, Canada, where 42.5% of patients were also treated with chemotherapy. Methods: We used a two-step approach that combines mechanistic modeling concepts with state-of-the-art machine learning, beginning with Random Survival Forests (RSF) for an exploratory analysis and followed by Causal Survival Forests (CSF) for a focused causal analysis. The mechanistic concept of biologically effective dose (BED) was implemented for the standard dose-independent (DI) tumor repopulation model, our alternative dose-dependent (DD) repopulation model, and a simple model with no repopulation (BEDsimp). These BED variants were included in the RSF model, along with age, stage, HPV status and other relevant variables, to predict patient overall survival (OS) and cause-specific mortality (deaths from the index cancer, other cancers or other causes). Results: Model interpretation using Shapley Additive Explanations (SHAP) values and correlation matrices showed that high values of BEDDD or BEDDI, but not BEDsimp, were associated with decreased patient mortality. Targeted causal inference analyses were then performed using CSF to estimate the causal effect of each BED variant on OS. They revealed that high BEDDD (>61.8 Gy) or BEDDI (>57.6 Gy), but not BEDsimp, increased patient restricted mean survival time (RMST) by 0.5-1.0 years and increased survival probability (SP) by 5-15% several years after treatment. In addition to population-level averages, CSF generated individual-level causal effect estimates for each patient, facilitating personalized medicine. Discussion: These findings are generally consistent with those of our previous mechanistic modeling, implying the potential benefits of altered radiotherapy fractionation schemes (e.g. 25×2.4 Gy, 20×2.75 Gy, 18×3.0 Gy) which increase BEDDD and BEDDI and counteract tumor repopulation more effectively than standard fractionation. Such regimens may represent potentially useful hypofractionated options for treating HNSCC.",True,"1. The research combines mechanistic modeling with machine learning to analyze the impact of radiotherapy fractionation on overall survival in HNSCC patients.
2. The use of SHAP values and correlation matrices provides insights into the relationship between biologically effective dose (BED) variants and patient mortality.
3. The findings suggest that high values of BEDDD and BEDDI are associated with decreased mortality, which aligns with mechanistic modeling conclusions.
4. The explanations derived from SHAP values help to elucidate the underlying biological processes related to radiotherapy effectiveness rather than just the behavior of the machine learning model.
",True,"Step-by-step analysis:

1. **Title Analysis**: The title suggests a combination of mechanistic and machine learning models to understand the impact of radiotherapy fractionation on overall survival in HNSCC patients.

2. **Abstract Analysis**:
   - **Introduction**: The introduction discusses previous mechanistic models and their predictions about radiotherapy fractionation.
   - **Methods**: The methods section describes the use of Random Survival Forests (RSF) for exploratory analysis and Causal Survival Forests (CSF) for causal analysis. It mentions the inclusion of mechanistic concepts like biologically effective dose (BED) in the models.
   - **Results**: The results section states that SHAP values and correlation matrices were used to interpret the models. It specifically mentions that high values of BEDDD or BEDDI, but not BEDsimp, were associated with decreased patient mortality. This suggests that SHAP values were used to understand the relationship between BED variants and patient outcomes.
   - **Discussion**: The discussion connects the findings from the machine learning models with previous mechanistic modeling, suggesting potential benefits of altered radiotherapy fractionation schemes.

3. **Insight Analysis**:
   - The use of SHAP values helped identify that high values of BEDDD or BEDDI are associated with decreased patient mortality, which is an insight into the underlying process of how different radiotherapy fractionation schemes impact patient survival.
   - The causal inference analysis using CSF further supports these findings by estimating the causal effect of BED variants on overall survival, providing a deeper understanding of the underlying biological processes.

Conclusion: The research uses explainable ML (SHAP) to draw insights about the underlying biological processes, not just the model behavior.
",INVALID,True,"The researchers in this study utilize SHAP values and correlation matrices to interpret their machine learning models, specifically to understand the relationship between different biologically effective dose (BED) variants and patient mortality. They find that high values of BEDDD and BEDDI are associated with decreased mortality, which supports their previous mechanistic modeling conclusions. The use of SHAP values here is primarily to elucidate how the model's predictions relate to the underlying biological concepts they are investigating, rather than merely to improve model performance or deployment.

Furthermore, the researchers explicitly connect their findings from the machine learning analysis to biological implications regarding radiotherapy fractionation schemes, suggesting that these insights could lead to new treatment options for HNSCC. This indicates that the explanations derived from the model are being used to make claims about the underlying biological processes and potential clinical applications, rather than just for understanding the model itself.

Given this context, the explanations are being used to support scientific discovery regarding the effects of different radiotherapy fractionation schemes on patient outcomes.
",True,"Step-by-step analysis:

1. **Title and Abstract Overview**:
   - The study aims to understand the impact of radiotherapy fractionation on overall survival in HNSCC patients.
   - It combines mechanistic models with machine learning models to analyze a large dataset.

2. **Methods**:
   - The researchers use Random Survival Forests (RSF) for exploratory analysis and Causal Survival Forests (CSF) for causal analysis.
   - They incorporate mechanistic concepts like biologically effective dose (BED) into the models.

3. **Model Interpretation**:
   - SHAP values and correlation matrices are used to interpret the RSF model.
   - SHAP values indicate that high values of BEDDD or BEDDI are associated with decreased patient mortality.

4. **Causal Analysis**:
   - CSF is used to estimate the causal effect of each BED variant on overall survival.
   - The results show that high BEDDD or BEDDI increases restricted mean survival time (RMST) and survival probability (SP).

5. **Discussion**:
   - The findings are consistent with previous mechanistic modeling.
   - The study suggests potential benefits of altered radiotherapy fractionation schemes based on the results.

**Conclusion**:
- The researchers use SHAP values to interpret the model and identify associations between BED variants and patient mortality.
- They then use causal inference to make claims about the impact of BED on survival outcomes.
- The discussion implies that these findings could influence clinical practice by suggesting new radiotherapy fractionation schemes.

Given that the researchers are using model explanations (SHAP values) to make new claims about the impact of BED on survival and suggesting changes to clinical practice, they are using these explanations to understand scientific phenomena.
",True,"NONE
NONE"
323,https://api.elsevier.com/content/abstract/scopus_id/85189645014,SCOPUS_ID:85189645014,2-s2.0-85189645014,Explainable artificial intelligence (xAI) in neuromarketing/consumer neuroscience: an fMRI study on brand perception,Marques dos Santos J.P.,Frontiers in Human Neuroscience,10.3389/fnhum.2024.1305164,Journal,ar,Article,"Introduction: The research in consumer neuroscience has identified computational methods, particularly artificial intelligence (AI) and machine learning, as a significant frontier for advancement. Previously, we utilized functional magnetic resonance imaging (fMRI) and artificial neural networks (ANNs) to model brain processes related to brand preferences in a paradigm exempted from motor actions. In the current study, we revisit this data, introducing recent advancements in explainable artificial intelligence (xAI) to gain insights into this domain. By integrating fMRI data analysis, machine learning, and xAI, our study aims to search for functional brain networks that support brand perception and, ultimately, search for brain networks that disentangle between preferred and indifferent brands, focusing on the early processing stages. Methods: We applied independent component analysis (ICA) to overcome the expected fMRI data’s high dimensionality, which raises hurdles in AI applications. We extracted pertinent features from the returned ICs. An ANN is then trained on this data, followed by pruning and retraining processes. We then apply explanation techniques, based on path-weights and Shapley values, to make the network more transparent, explainable, and interpretable, and to obtain insights into the underlying brain processes. Results: The fully connected ANN model obtained an accuracy of 54.6%, which dropped to 50.4% after pruning. However, the retraining process allowed it to surpass the fully connected network, achieving an accuracy of 55.9%. The path-weights and Shapley-based analysis concludes that, regarding brand perception, the expected initial participation of the primary visual system is followed. Other brain areas participate in early processing and discriminate between preferred and indifferent brands, such as the cuneal and the lateral occipital cortices. Discussion: The most important finding is that a split between processing brands|preferred from brands|indifferent may occur during early processing stages, still in the visual system. However, we found no evidence of a “decision pipeline” that would yield if a brand is preferred or indifferent. The results suggest the existence of a “tagging”-like process in parallel flows in the extrastriate. Network training dynamics aggregate specific processes within the hidden nodes by analyzing the model’s hidden layer. This yielded that some nodes contribute to both global brand appraisal and specific brand category classification, shedding light on the neural substrates of decision-making in response to brand stimuli.",True,"1. The research uses explainable AI techniques (like SHAP) to analyze fMRI data related to brand perception.
2. The explanations derived from the model (path-weights and Shapley values) are used to gain insights into the underlying brain processes involved in brand perception, such as the roles of different brain areas during early processing stages.
3. The findings suggest a split in processing between preferred and indifferent brands, indicating that the explanations help understand the underlying neural processes rather than just the model behavior.

True
",True,"Step-by-step analysis:

1. **Introduction and Methods**:
   - The study uses fMRI data and ANNs to model brain processes related to brand preferences.
   - They apply xAI techniques, specifically path-weights and Shapley values, to make the ANN more transparent and interpretable.

2. **Results**:
   - The ANN model's accuracy is reported before and after pruning and retraining.
   - The xAI techniques reveal that the primary visual system is initially involved in brand perception.
   - Other brain areas, such as the cuneal and lateral occipital cortices, are also involved in early processing and discriminating between preferred and indifferent brands.

3. **Discussion**:
   - The study finds that the split between processing preferred and indifferent brands occurs during early visual processing stages.
   - No evidence of a decision pipeline for brand preference is found.
   - The analysis of the model’s hidden layer suggests that some nodes contribute to both global brand appraisal and specific brand category classification.

**Conclusion**:
- The explanations provided by the xAI techniques (path-weights and Shapley values) help understand the underlying brain processes involved in brand perception, not just the model behavior.
",INVALID,True,"In the provided abstract, the researchers utilize explainable artificial intelligence (xAI) techniques, specifically path-weights and Shapley values, to enhance the transparency and interpretability of their artificial neural network (ANN) model. They aim to gain insights into the underlying brain processes related to brand perception. The results indicate that certain brain areas are involved in the early processing of brand stimuli, and they discuss findings related to the neural substrates of decision-making in response to brands.

While the researchers do apply xAI methods to understand the model's behavior, they also make claims about the underlying brain processes and the neural mechanisms involved in brand perception. They suggest a potential ""tagging""-like process and identify specific brain areas that contribute to distinguishing between preferred and indifferent brands. This indicates that the explanations derived from the model are being used to make new claims about the scientific phenomena of brand perception and neural processing.

Thus, the explanations are not solely limited to aiding in model deployment or prediction; they are being used to derive insights into natural processes related to consumer neuroscience.
",True,"Step-by-step analysis:

1. **Introduction and Aim**: The study aims to use xAI to gain insights into brain processes related to brand perception. This suggests an intention to understand underlying natural processes.

2. **Methods**: The researchers use ICA to handle high-dimensional fMRI data and train an ANN. They then apply explanation techniques (path-weights and Shapley values) to make the model more transparent and interpretable, and to obtain insights into brain processes.

3. **Results**: The model's accuracy is discussed, and the explanation techniques reveal that the primary visual system is initially involved in brand perception, followed by other brain areas like the cuneal and lateral occipital cortices.

4. **Discussion**: The researchers discuss the findings in terms of brain processes, suggesting that brand preference processing occurs early in the visual system and involves a ""tagging""-like process in the extrastriate. They also mention that hidden nodes in the ANN contribute to both global brand appraisal and specific brand category classification.

5. **Claims**: The researchers make new claims about the neural substrates of decision-making in response to brand stimuli, based on the insights obtained from the model explanations.

Conclusion: The researchers are using model explanations to make new claims about brain processes related to brand perception, indicating they are using these explanations for scientific discovery.
",True,"NONE
NONE"
412,https://api.elsevier.com/content/abstract/scopus_id/85174322510,SCOPUS_ID:85174322510,2-s2.0-85174322510,Understanding molecular abundances in star-forming regions using interpretable machine learning,Heyl J.,Monthly Notices of the Royal Astronomical Society,10.1093/mnras/stad2814,Journal,ar,Article,"Astrochemical modelling of the interstellar medium typically makes use of complex computational codes with parameters whose values can be varied. It is not always clear what the exact nature of the relationship is between these input parameters and the output molecular abundances. In this work, a feature importance analysis is conducted using SHapley Additive exPlanations (SHAP), an interpretable machine learning technique, to identify the most important physical parameters as well as their relationship with each output. The outputs are the abundances of species and ratios of abundances. In order to reduce the time taken for this process, a neural network emulator is trained to model each species’ output abundance and this emulator is used to perform the interpretable machine learning. SHAP is then used to further explore the relationship between the physical features and the abundances for the various species and ratios we considered. H2O and CO’s gas phase abundances are found to strongly depend on the metallicity. NH3 has a strong temperature dependence, with there being two temperature regimes (<100 K and >100 K). By analysing the chemical network, we relate this to the chemical reactions in our network and find the increased temperature results in increased efficiency of destruction pathways. We investigate the HCN/HNC ratio and show that it can be used as a cosmic thermometer, agreeing with the literature. This ratio is also found to be correlated with the metallicity. The HCN/CS ratio serves as a density tracer, but also has three separate temperature-dependence regimes, which are linked to the chemistry of the two molecules.",True,"The research abstract describes the use of SHAP to conduct a feature importance analysis in the context of astrochemical modeling. The authors identify key physical parameters that influence molecular abundances and explore their relationships. They draw insights about how specific parameters, such as metallicity and temperature, affect the abundances of various species and ratios, linking these findings to underlying chemical processes. The analysis of the HCN/HNC and HCN/CS ratios provides further understanding of their roles as cosmic thermometers and density tracers, respectively.

The explanations provided by SHAP in this context help to elucidate the underlying chemical processes rather than merely explaining the behavior of the machine learning model itself.
",True,"Step-by-step analysis:

1. **Objective**: The research aims to understand the relationship between input parameters and molecular abundances in star-forming regions.
2. **Method**: Uses SHAP, an interpretable machine learning technique, to identify important physical parameters and their relationships with molecular abundances.
3. **Process**: 
   - A neural network emulator is trained to predict species' output abundances.
   - SHAP is applied to this emulator to explore relationships between physical features and abundances.
4. **Findings**:
   - H2O and CO gas phase abundances depend on metallicity.
   - NH3 abundance has a temperature dependence with two regimes, linked to chemical reaction efficiency.
   - HCN/HNC ratio can be used as a cosmic thermometer and is correlated with metallicity.
   - HCN/CS ratio serves as a density tracer with temperature-dependent regimes linked to the chemistry of the molecules.

**Conclusion**: The research uses SHAP to draw insights about the underlying physical and chemical processes affecting molecular abundances, not just to explain the model's behavior.
",INVALID,True,"The researchers in the abstract are using SHAP to analyze the relationships between physical parameters and molecular abundances in star-forming regions. They explicitly mention how the feature importance analysis helps identify key physical parameters and their relationships with the output abundances. The findings about the dependencies of H2O and CO on metallicity, the temperature dependence of NH3, and the implications of the HCN/HNC and HCN/CS ratios suggest that they are not merely using the model explanations for deployment or prediction purposes. Instead, they are leveraging these insights to make claims about the underlying chemical processes and relationships in astrochemistry.

The researchers are using the model explanations to enhance their understanding of natural processes and scientific phenomena, as they relate their findings back to chemical reactions and existing literature.
",True,"Step-by-step analysis:

1. **Title Analysis**: The title suggests that the researchers are using interpretable machine learning to understand molecular abundances in star-forming regions. This hints at a potential use of model explanations to understand natural processes.

2. **Abstract Analysis**:
   - **Initial Context**: The abstract starts by discussing the complexity of astrochemical modeling and the unclear relationship between input parameters and output molecular abundances.
   - **Use of SHAP**: The researchers use SHAP to identify important physical parameters and their relationships with output abundances. This indicates that SHAP is used to interpret the model.
   - **Neural Network Emulator**: A neural network emulator is trained to model species' output abundances, and SHAP is applied to this emulator. This step is primarily about making the model interpretable.
   - **Findings**: The researchers find specific dependencies (e.g., H2O and CO on metallicity, NH3 on temperature) and relate these to chemical reactions. They also investigate ratios like HCN/HNC and HCN/CS, linking them to temperature and density, respectively.

3. **Claims and Discoveries**:
   - The researchers make specific claims about the dependencies of molecular abundances on physical parameters.
   - They relate these findings to known chemical reactions and literature, suggesting that they are using the model explanations to make new scientific claims.

4. **Conclusion**: The researchers are not just using SHAP to understand the model but are explicitly using the explanations to make new claims about the relationships between physical parameters and molecular abundances. They are linking these findings to known chemical processes and literature, indicating a use for scientific discovery.
",True,"NONE
NONE"
423,https://api.elsevier.com/content/abstract/scopus_id/85169835499,SCOPUS_ID:85169835499,2-s2.0-85169835499,Elucidating precipitation in FeCrAl alloys through explainable AI: A case study,Ravi S.K.,Computational Materials Science,10.1016/j.commatsci.2023.112440,Journal,ar,Article,"A primary challenge of using FeCrAl in high temperature industrial settings is the formation of α′-precipitates that causes brittleness in the alloy, resulting in failure through fracture. The precipitation causes hardness change during thermal aging which is sensitive to both alloy composition and experimental condition (i.e., temperature and time of heat treatment). A Gaussian Process Regression (GPR) model is built on the hardness data collected at GE Research. Subsequently, for the first time, SHapley Additive exPlanations (SHAP) built upon the GPR is used as an Explainable Artificial Intelligence (XAI) tool to understand the effect of feature values in driving the hardness change. SHAP analysis has confirmed that the primary chemical driver for α′ age hardening in the FeCrAl system is Cr as expected. However, the analysis also indicated that Al does not have a clear trend of only suppressing the formation of α′ which contradicts current literature. This lack of a trend on the effect of Al on age hardening may be due to Al ability to both suppress thermodynamically and enhance kinetically the formation of α′. Similarly, SHAP analysis points towards Mo having no clear trend towards either enhancing or suppressing α′. This study indicates that more in depth studies focusing on both the chemistry and different aging temperatures (to study kinetics) should be performed to better understand the aging of this system.",True,"1. The research uses SHAP to analyze the effects of different alloy compositions on hardness change due to precipitation in FeCrAl alloys.
2. The insights drawn from the SHAP analysis indicate that Cr is a primary driver for age hardening, while Al and Mo do not show clear trends, which contradicts existing literature.
3. The explanations provided by SHAP help to understand the underlying chemical processes affecting hardness and precipitation behavior, rather than just the model's predictions.
",True,"Step-by-step analysis:

1. **Objective**: The study aims to understand the effect of feature values (alloy composition and experimental conditions) on hardness change in FeCrAl alloys.
2. **Model**: A Gaussian Process Regression (GPR) model is built on hardness data.
3. **Explainable AI Tool**: SHAP is used to interpret the GPR model.
4. **Insights from SHAP**:
   - **Cr**: Confirmed as the primary chemical driver for α′ age hardening.
   - **Al**: No clear trend, contradicting current literature, suggesting a dual role in both suppressing and enhancing α′ formation.
   - **Mo**: No clear trend towards either enhancing or suppressing α′.

5. **Conclusion**: The SHAP analysis provides insights into the underlying chemical processes affecting hardness change, suggesting further studies on the chemistry and aging temperatures.

The explanations derived from SHAP help understand the underlying processes of precipitation and hardness change in FeCrAl alloys, not just the model behavior.
",INVALID,True,"The researchers in this study utilize SHAP to analyze the effects of various alloy components on the hardness change in FeCrAl alloys. They confirm expected relationships, such as the role of chromium (Cr) in age hardening, but also uncover unexpected findings regarding aluminum (Al) and molybdenum (Mo). The fact that the SHAP analysis reveals contradictions with existing literature suggests that the researchers are not merely using the model explanations for deployment or prediction purposes; rather, they are leveraging these insights to challenge and refine scientific understanding of the precipitation processes in the alloy system.

The researchers explicitly state that the SHAP analysis indicates a lack of clear trends for Al and Mo, which leads them to propose further studies to explore these phenomena. This indicates a direct engagement with the underlying scientific processes rather than just the model's performance.

Given these points, the explanations provided by the model are being used to make new claims about the scientific phenomena related to precipitation in FeCrAl alloys.
",True,"Step-by-step analysis:

1. **Title Analysis**: The title suggests that the study aims to elucidate precipitation in FeCrAl alloys using explainable AI. This already hints at a potential use of model explanations to understand a scientific phenomenon.

2. **Abstract Analysis**:
   - **Problem Statement**: The challenge is the formation of α′-precipitates in FeCrAl alloys, which affects their brittleness and hardness.
   - **Model Building**: A Gaussian Process Regression (GPR) model is built on hardness data.
   - **Use of SHAP**: SHAP is used to understand the effect of feature values on hardness change.
   - **Findings**:
     - **Cr**: Confirmed as the primary chemical driver for α′ age hardening, aligning with expectations.
     - **Al**: Contradicts current literature by showing no clear trend, suggesting a dual role in both suppressing and enhancing α′ formation.
     - **Mo**: Also shows no clear trend in affecting α′ formation.

3. **Interpretation of Findings**:
   - The researchers use SHAP to derive insights about the roles of Cr, Al, and Mo in the precipitation process.
   - They explicitly mention that the SHAP analysis contradicts current literature regarding Al, suggesting a need for further studies.
   - The findings from SHAP are used to propose new hypotheses about the dual role of Al and the unclear role of Mo.

4. **Conclusion**:
   - The researchers are not just using SHAP to understand the model but are making new claims about the scientific phenomena (e.g., the role of Al and Mo in α′ formation).
   - They suggest further scientific studies based on the insights derived from SHAP analysis.

Given the explicit use of SHAP explanations to challenge existing literature and propose new scientific hypotheses, it is clear that the researchers are using model explanations for scientific discovery.
",True,"NONE
NONE"
427,https://api.elsevier.com/content/abstract/scopus_id/85171477205,SCOPUS_ID:85171477205,2-s2.0-85171477205,Environmentally friendly PAEs alternatives with desired synthesizability by in silico methods,Yang H.,Journal of Cleaner Production,10.1016/j.jclepro.2023.138925,Journal,ar,Article,"Phthalate esters (PAEs) as plasticizers posed significant environmental and human health risks during the production and application processes. This study aims to investigate the synthesizability of previously designed environmentally friendly PAEs alternatives by in silico approaches and explore the key factors influencing their synthesizability. Firstly, a novel approach combining positive and unlabeled (PU) machine learning (ML) and k-Nearest Neighbor (kNN) models was utilized to screen three environmentally friendly PAEs alternatives with high synthesizability. Subsequently, the synthesizability and environmental friendliness of the selected PAEs alternatives were evaluated and confirmed using ADMETlab 2.0. Results demonstrated that all three PAEs alternatives exhibited high synthesizability and environmental friendliness. Finally, the SHapley Additive exPlanation (SHAP) method was employed to analyze the synthesis mechanisms of PAEs alternatives, revealing that the VE2_DzZ (molecular substitutability) and maxHCsats (molecular structure) could influence their synthesizability. Based on these findings, the synthesizability of the three PAEs alternatives was validated using density functional theory (DFT) and three-dimensional quantitative structure-activity relationship (3D-QSAR) methods. This cost-effective study provided the first evaluation of the synthesizability of PAEs alternatives and reduced the number of unlabeled samples by 95.83%. Moreover, these findings offered a theoretical foundation for developing environmentally friendly PAEs alternatives and provided new insights for substituting emerging pollutants and developing new materials.",True,"The abstract describes the use of SHAP to analyze the synthesis mechanisms of environmentally friendly PAEs alternatives. The insights drawn from the SHAP analysis focus on identifying key factors (VE2_DzZ and maxHCsats) that influence synthesizability. This indicates that the explanations provided by SHAP are aimed at understanding the underlying chemical processes related to synthesizability rather than merely explaining the behavior of the machine learning model itself.

True
",True,"Step-by-step analysis:

1. **Objective**: The study aims to investigate the synthesizability of environmentally friendly PAEs alternatives and explore key factors influencing their synthesizability.
2. **Methods**: 
   - Positive and unlabeled (PU) machine learning and k-Nearest Neighbor (kNN) models were used to screen PAEs alternatives.
   - SHAP was employed to analyze the synthesis mechanisms of PAEs alternatives.
3. **SHAP Analysis**: 
   - SHAP revealed that VE2_DzZ (molecular substitutability) and maxHCsats (molecular structure) could influence synthesizability.
4. **Validation**: The findings were validated using density functional theory (DFT) and three-dimensional quantitative structure-activity relationship (3D-QSAR) methods.

**Conclusion**: The SHAP analysis provided insights into the underlying factors (molecular substitutability and structure) that influence the synthesizability of PAEs alternatives, which are aspects of the underlying chemical processes rather than just the model behavior.
",INVALID,True,"In the provided abstract, the researchers utilize the SHAP method to analyze the synthesis mechanisms of environmentally friendly PAEs alternatives. They identify specific factors, such as molecular substitutability and molecular structure, that influence synthesizability. This indicates that they are not merely using SHAP for model interpretability or to aid in deploying their machine learning system; rather, they are leveraging the explanations to gain insights into the underlying scientific phenomena related to the synthesizability of these compounds.

The use of SHAP in this context goes beyond understanding the model's predictions; it is employed to draw conclusions about the chemical properties and mechanisms that govern the synthesizability of the PAEs alternatives. The researchers validate their findings with additional scientific methods (DFT and 3D-QSAR), further supporting the notion that they are making claims about natural processes rather than just model performance.

Given this analysis, the researchers are using the model explanations to contribute to scientific discovery.
",True,"Let's break down the abstract step by step:

1. **Objective**: The study aims to investigate the synthesizability of environmentally friendly PAEs alternatives using in silico methods and explore key factors influencing their synthesizability.

2. **Methods**: 
   - They use a combination of positive and unlabeled (PU) machine learning and k-Nearest Neighbor (kNN) models to screen for PAEs alternatives.
   - They evaluate the synthesizability and environmental friendliness of the selected alternatives using ADMETlab 2.0.

3. **Results**: 
   - The selected PAEs alternatives exhibit high synthesizability and environmental friendliness.
   - SHAP is used to analyze the synthesis mechanisms, revealing that VE2_DzZ (molecular substitutability) and maxHCsats (molecular structure) influence synthesizability.

4. **Validation**: 
   - The synthesizability is further validated using density functional theory (DFT) and three-dimensional quantitative structure-activity relationship (3D-QSAR) methods.

5. **Conclusion**: 
   - The study provides a cost-effective evaluation of PAEs alternatives and offers a theoretical foundation for developing environmentally friendly alternatives.

**Analysis**:
- The SHAP method is used to analyze the synthesis mechanisms and identify key factors (VE2_DzZ and maxHCsats) that influence synthesizability.
- The researchers use these findings to validate the synthesizability of the alternatives with DFT and 3D-QSAR methods.
- The abstract suggests that the SHAP analysis reveals insights into the synthesis mechanisms, which are then used to make claims about the factors influencing synthesizability.

**Conclusion**:
The researchers are using the SHAP explanations to make new claims about the factors influencing the synthesizability of PAEs alternatives. They are not just using the explanations to understand the model but are extending these insights to understand the underlying scientific phenomena.
",True,"NONE
NONE"
489,https://api.elsevier.com/content/abstract/scopus_id/85170218551,SCOPUS_ID:85170218551,2-s2.0-85170218551,Physics-informed machine learning for understanding rock moisture dynamics in a sandstone cave,Ouyang K.G.,Hydrology and Earth System Sciences,10.5194/hess-27-2579-2023,Journal,ar,Article,"Rock moisture, which is a hidden component of the terrestrial hydrological cycle, has received little attention. In this study, frequency domain reflectometry is used to monitor fluctuating rock water content (RWC) in a sandstone cave of the Yungang Grottoes, China. We identified two major cycles of rock moisture addition and depletion, one in summer affected by air vapour concentration and the other in winter caused by freezing-thawing. For the summer-time RWC, by using the long short-term memory (LSTM) network and the SHapley Additive exPlanations (SHAP) method, we find relative humidity, air temperature and wall temperature have contributions to rock moisture, and there is a good match between predicted and measured RWC using the three variables as model inputs. Moreover, by using summer-time vapour concentration and the difference between dew point temperature and wall temperature as input variables of the LSTM network, which belongs to physics-informed machine learning, the predicted RWC has a better agreement with the measured RWC, with increased Nash-Sutcliffe efficiency (NSE) and decreased mean absolute error (MAE) and root mean square error (RMSE). After identifying the causal factors of RWC fluctuations, we also identified the mechanism controlling the inter-day fluctuations of vapour condensation. The increased vapour concentration accompanying a precipitation event leads to transport of water vapour into rock pores, which is subsequently adsorbed onto the surface of rock pores and then condensed into liquid water. With the aid of the physics-informed deep learning model, this study increases understanding of sources of water in caves, which would contribute to future strategies of alleviating weathering in caves.",True,"1. The study uses SHAP to identify the contributions of various environmental factors (relative humidity, air temperature, wall temperature) to rock moisture dynamics.
2. The insights drawn from the SHAP analysis help to understand the underlying processes of rock moisture fluctuations, particularly the mechanisms of vapour condensation and water transport in rock pores.
3. The explanations provided by SHAP are not merely about the model's behavior but are directly related to understanding the physical processes affecting rock moisture.
",True,"1. The study uses frequency domain reflectometry to monitor rock water content (RWC) in a sandstone cave.
2. Two major cycles of rock moisture addition and depletion are identified: one in summer (affected by air vapour concentration) and one in winter (caused by freezing-thawing).
3. The LSTM network and SHAP method are used to find that relative humidity, air temperature, and wall temperature contribute to rock moisture.
4. The study finds a good match between predicted and measured RWC using these variables.
5. By using summer-time vapour concentration and the difference between dew point temperature and wall temperature as inputs, the physics-informed machine learning model improves prediction accuracy.
6. The study identifies the mechanism controlling inter-day fluctuations of vapour condensation: increased vapour concentration from precipitation events leads to water vapour transport into rock pores, adsorption, and condensation into liquid water.
7. The physics-informed deep learning model aids in understanding sources of water in caves, contributing to strategies for alleviating weathering.

The explanations provided by the ML model help understand the underlying process of rock moisture dynamics, not just the model behavior.
",INVALID,True,"In the provided abstract, the researchers utilize the SHAP method to identify the contributions of various environmental factors (relative humidity, air temperature, wall temperature) to rock moisture dynamics. They explicitly state that they identified causal factors of rock moisture fluctuations and mechanisms controlling vapour condensation. This indicates that the explanations derived from the model are not merely for understanding the model's predictions but are being used to make claims about natural processes and scientific phenomena related to rock moisture dynamics.

The researchers are leveraging the model explanations to enhance their understanding of the underlying physical processes in the sandstone cave, which suggests a scientific discovery aspect rather than just model deployment.

Therefore, I conclude that the explanations are being used for scientific discovery.
",True,"Step 1: Identify the use of XAI methods in the abstract.
- The researchers use the SHapley Additive exPlanations (SHAP) method to analyze the contributions of relative humidity, air temperature, and wall temperature to rock moisture content (RWC).

Step 2: Determine the purpose of using XAI methods.
- The SHAP method is used to identify the contributions of different variables to the model's predictions of RWC.
- The researchers also use physics-informed machine learning to improve the model's predictive performance by incorporating summer-time vapour concentration and the difference between dew point temperature and wall temperature.

Step 3: Assess if the explanations are used to understand natural processes or scientific phenomena.
- The researchers claim to identify the causal factors of RWC fluctuations and the mechanism controlling inter-day fluctuations of vapour condensation.
- They describe how increased vapour concentration leads to water vapour transport into rock pores, adsorption onto the surface, and condensation into liquid water.

Step 4: Evaluate if the researchers make new scientific claims based on model explanations.
- The researchers explicitly state that the physics-informed deep learning model aids in understanding the sources of water in caves.
- They suggest that this understanding could contribute to future strategies for alleviating weathering in caves.

Conclusion: The researchers are using model explanations to make new claims about the natural processes of rock moisture dynamics and vapour condensation mechanisms. They are not merely using the explanations to improve model deployment or prediction accuracy.
",True,"NONE
NONE"
550,https://api.elsevier.com/content/abstract/scopus_id/85144964530,SCOPUS_ID:85144964530,2-s2.0-85144964530,"Quantification of the antagonistic and synergistic effects of Pb<sup>2+</sup>, Cu<sup>2+</sup>, and Zn<sup>2+</sup> bioaccumulation by living Bacillus subtilis biomass using XGBoost and SHAP",Wang S.,Journal of Hazardous Materials,10.1016/j.jhazmat.2022.130635,Journal,ar,Article,"Bioaccumulation and adsorption are efficient methods for removing heavy metal ions (HMIs) from aqueous environments. However, methods to quantifiably characterize the removal selectivity for co-existing HMIs are limited. In this study, we applied Shapley additive explanations (SHAP) following extreme gradient boosting (XGBoost) modeling, to generate SHAP values. We used these values to create an affinity interference index (AII) that quantitatively represented the interference between metal ions in a multi-metal bioaccumulation system. The selectivity for simultaneous bioaccumulation of Pb2+, Cu2+, and Zn2+ by living Bacillus subtilis biomass was then characterized as a proof of concept. The AII indicated that the bioaccumulation of Zn2+ was more strongly inhibited by Pb2+/Cu2+ (AII = 1) than that of Pb2+/Cu2+ by Zn2+. Moreover, the presence of Zn2+ promoted the bioaccumulation of Pb2+ (AII = 0.39), which was confirmed in further experiments where the bioaccumulation of Pb2+ (300 μM) was increased by 38% with Zn2+ (300 μM). This study demonstrated that the combination of XGBoost and SHAP is effective in the quantifiable characterization of the antagonistic and synergistic effects in a multi-metal simultaneous bioaccumulation system. This method could also be generalized to similar tasks for analyzing the selectivity effects in a multi-component system.",True,"1. The research uses SHAP to generate values that quantify the interference between metal ions in bioaccumulation, which is a step towards understanding the underlying processes of metal ion interactions.
2. The affinity interference index (AII) derived from SHAP values provides insights into the antagonistic and synergistic effects of different metal ions, indicating how the presence of one ion affects the bioaccumulation of another.
3. The study demonstrates that the method can characterize selectivity effects in a multi-component system, which suggests a deeper understanding of the biological processes involved in bioaccumulation.

The explanations provided by SHAP in this context help to understand the underlying processes of metal ion interactions rather than just the behavior of the model.
",True,"Step-by-step analysis:

1. **Objective**: The study aims to quantify the antagonistic and synergistic effects of Pb<sup>2+</sup>, Cu<sup>2+</sup>, and Zn<sup>2+</sup> bioaccumulation by Bacillus subtilis biomass.
2. **Methodology**: The researchers use XGBoost for modeling and SHAP for generating SHAP values.
3. **Application of SHAP**: SHAP values are used to create an affinity interference index (AII) that represents the interference between metal ions in a multi-metal bioaccumulation system.
4. **Insights**: The AII provides insights into how the presence of one metal ion affects the bioaccumulation of another, revealing antagonistic and synergistic effects.
5. **Validation**: The study confirms these insights through further experiments, showing that the presence of Zn<sup>2+</sup> promotes the bioaccumulation of Pb<sup>2+</sup>.

**Conclusion**: The SHAP values are used to understand the underlying process of metal ion bioaccumulation and interference, not just to explain the model behavior.
",INVALID,True,"In the provided abstract, the researchers utilize SHAP values to create an affinity interference index (AII) that quantifies the interactions between different heavy metal ions in a bioaccumulation system. While they employ explainable AI (XAI) techniques to derive insights from their model, the primary focus appears to be on using these insights to characterize the selectivity and interactions of metal ions in a biological context. They make specific claims about the effects of different metal ions on each other's bioaccumulation, which suggests that they are using the model explanations to understand underlying biological processes rather than merely to improve model performance or deployment.

The researchers explicitly use the SHAP-derived AII to make new claims about the antagonistic and synergistic effects of the metal ions, indicating that the explanations are contributing to scientific discovery rather than just model interpretation.

Therefore, I conclude that the explanations are being used for scientific discovery.
",True,"Step-by-step analysis:

1. **Title Analysis**: The title mentions the use of XGBoost and SHAP to quantify effects in bioaccumulation, which suggests a focus on understanding interactions in a biological system.

2. **Abstract Analysis**:
   - **Objective**: The study aims to quantify the removal selectivity for co-existing heavy metal ions (HMIs) using bioaccumulation by Bacillus subtilis.
   - **Methodology**: They use XGBoost for modeling and SHAP for generating explanations, which are then used to create an affinity interference index (AII).
   - **Findings**: The AII is used to characterize the interference between metal ions, revealing specific antagonistic and synergistic effects. These findings are further confirmed through experiments.

3. **Use of SHAP**: The SHAP values are used to create the AII, which is a new metric to quantify interference effects in bioaccumulation. This metric is then used to make claims about the interactions between Pb2+, Cu2+, and Zn2+.

4. **Claims and Validation**: The researchers make specific claims about the bioaccumulation interactions (e.g., Zn2+ inhibiting Pb2+/Cu2+ more strongly, Zn2+ promoting Pb2+ bioaccumulation). These claims are validated through additional experiments.

5. **Conclusion**: The researchers are using the SHAP values not just to understand the model but to derive new scientific insights about the bioaccumulation process and validate these insights experimentally.

Given the detailed use of SHAP values to derive new scientific metrics (AII) and the subsequent experimental validation of these metrics, it is clear that the researchers are using model explanations to make new scientific claims about natural processes.
",True,"NONE
NONE"
562,https://api.elsevier.com/content/abstract/scopus_id/85141634277,SCOPUS_ID:85141634277,2-s2.0-85141634277,Interpreting cumulative displacement in a suspension bridge with a physics-based characterisation of environment and roadway/railway loads,Sun Z.,Journal of Civil Structural Health Monitoring,10.1007/s13349-022-00647-4,Journal,ar,Article,"In long-span suspension bridges, premature failure of bearings or expansion joints has been a concern during the bridge service life. To implement a reasonable inspection strategy of these critical components, cumulative displacement must be considered for assessing their life consumption and health state. As suspension bridges are subjected to simultaneous multiple loads, it is important to investigate the contributions of different loads to cumulative displacement. This paper develops an approach to interpreting cumulative displacement through the physics-based characterisation of multiple loads in a machine learning framework. The approach correlates wind, temperature, train, and roadway traffic with bridge response using Structural Health Monitoring (SHM) data from a long-span road-rail suspension bridge located in Portugal. The effects of the different loads on the cumulative displacement are quantified both globally and individually with SHapley Additive exPlanations (SHAP). The SHAP interpretation reveals that the trainload is the most influential parameter in the cumulative displacement of bearings and expansion joints, followed by roadway traffic. Besides, cumulative displacement increases with the trainloads and roadway traffic. Wind and temperature proved less important in explaining the cumulative displacement. The contribution of trainloads to the daily cumulative displacement is also calculated to verify its dominating influence. The results can guide the maintenance of relevant bridge components to avoid premature damage.",True,"The research abstract describes an approach that uses SHAP to interpret the contributions of various loads (wind, temperature, train, and roadway traffic) to the cumulative displacement of a suspension bridge. The insights drawn from the SHAP analysis indicate that trainloads are the most influential factor affecting cumulative displacement, followed by roadway traffic, while wind and temperature are less significant. 

The explanations provided by SHAP help to understand the underlying processes affecting the bridge's cumulative displacement by quantifying the impact of different loads. Therefore, the explanations are not merely about the model's behavior but rather about the physical influences on the bridge's structural health.

True
",True,"Step-by-step analysis:

1. **Objective**: The research aims to interpret cumulative displacement in a suspension bridge by correlating various loads (wind, temperature, train, and roadway traffic) with bridge response.
2. **Method**: Uses a machine learning framework with SHapley Additive exPlanations (SHAP) to quantify the effects of different loads on cumulative displacement.
3. **Insights**:
   - Trainload is identified as the most influential parameter in cumulative displacement.
   - Roadway traffic is the second most influential.
   - Wind and temperature are less important.
   - Cumulative displacement increases with trainloads and roadway traffic.
4. **Purpose of Insights**: These insights are used to understand the contributions of different loads to cumulative displacement, which can guide maintenance strategies to avoid premature damage.

**Conclusion**: The explanations provided by SHAP help understand the underlying process of how different loads contribute to cumulative displacement, not just the model behavior.
",INVALID,True,"The researchers in the abstract are using SHAP to interpret the contributions of various loads (train, roadway traffic, wind, and temperature) to the cumulative displacement of a suspension bridge. They quantify the effects of these loads and identify which factors are most influential in the context of bridge health monitoring. The use of SHAP here is not merely to understand the model's predictions but to derive insights about the physical processes affecting the bridge's structural integrity. 

By determining that trainloads are the most significant factor influencing cumulative displacement, the researchers are making claims about the underlying physical phenomena related to bridge maintenance and health. This indicates that the explanations provided by the model are being used to inform scientific understanding and practical applications in engineering.

Therefore, the explanations are being used for scientific discovery rather than just for model interpretation.
",True,"Let's break down the abstract step by step:

1. **Objective**: The researchers aim to interpret cumulative displacement in suspension bridges to develop a reasonable inspection strategy for critical components like bearings and expansion joints.

2. **Methodology**: They use a physics-based characterisation of multiple loads (wind, temperature, train, and roadway traffic) within a machine learning framework. They employ Structural Health Monitoring (SHM) data from a specific bridge in Portugal.

3. **Use of SHAP**: SHapley Additive exPlanations (SHAP) are used to quantify the effects of different loads on cumulative displacement both globally and individually.

4. **Findings**:
   - Trainload is identified as the most influential parameter in cumulative displacement.
   - Roadway traffic is the second most influential.
   - Wind and temperature are less important.
   - The contribution of trainloads to daily cumulative displacement is calculated to verify its dominating influence.

5. **Implications**: The results are intended to guide the maintenance of bridge components to avoid premature damage.

**Analysis**:
- The researchers use SHAP to interpret the contributions of different loads to cumulative displacement.
- They identify which loads are most influential and quantify their effects.
- They make specific claims about the relative importance of trainloads, roadway traffic, wind, and temperature based on SHAP values.
- They use these findings to suggest maintenance strategies.

**Conclusion**:
The researchers are using SHAP explanations to make new claims about the natural processes affecting cumulative displacement in suspension bridges. They are not just using SHAP to understand the model but are explicitly using the explanations to draw conclusions about the physical phenomena and guide practical actions.
",True,"NONE
NONE"
674,https://api.elsevier.com/content/abstract/scopus_id/85151063601,SCOPUS_ID:85151063601,2-s2.0-85151063601,Interpretations of Predictive Models for Lifestyle-related Diseases at Multiple Time Intervals,Oba Y.,Lecture Notes in Computer Science (including subseries Lecture Notes in Artificial Intelligence and Lecture Notes in Bioinformatics),10.1007/978-3-031-26387-3_18,Book Series,cp,Conference Paper,"Health screening is practiced in many countries to find asymptotic patients of diseases. There is a possibility that applying machine learning to health screening datasets enables predicting future medical conditions. We extend this approach by introducing interpretable machine learning and determining health screening items (attributes) that contribute to detecting lifestyle-related diseases in their early stages. Furthermore, we determine how contributing attributes change within one to four years of time. We target diabetes and chronic kidney disease (CKD), which are among the most common lifestyle-related diseases. We trained predictive models using XGBoost and estimated each attribute’s contribution levels using SHapley Additive exPlanations (SHAP). The results indicated that numerous attributes drastically change their levels of contribution over time. Many of the results matched our medical knowledge, but we also obtained unexpected outcomes. For example, we found that for predicting HbA1c and creatinine, which are indicators of diabetes and CKD, respectively, the contribution from alanine transaminase goes up as the time interval lengthens. Such findings can provide insights into the underlying mechanisms of how lifestyle-related diseases aggravate.",True,"The research abstract describes the use of interpretable machine learning to identify health screening attributes that contribute to the detection of lifestyle-related diseases over time. While it employs SHAP to estimate the contribution levels of various attributes, the focus is on how these contributions change and what they reveal about the underlying mechanisms of disease progression. The findings, including unexpected outcomes, suggest insights into the biological or lifestyle factors influencing disease aggravation, rather than merely explaining the model's behavior.
",True,"Step-by-step analysis:

1. **Objective**: The research aims to identify health screening items that contribute to detecting lifestyle-related diseases (diabetes and CKD) in their early stages and how these contributions change over time.
2. **Method**: Predictive models are trained using XGBoost, and SHAP is used to estimate each attribute’s contribution levels.
3. **Findings**: The study finds that the contribution levels of various attributes change over time. Some findings align with existing medical knowledge, while others are unexpected.
4. **Example Insight**: The contribution from alanine transaminase increases over time for predicting HbA1c and creatinine levels.

**Determination**:
- The insights about how the contribution of attributes like alanine transaminase changes over time provide information about the underlying mechanisms of disease progression, not just the model's behavior.
",INVALID,True,"The researchers in the abstract are using interpretable machine learning techniques, specifically SHAP, to identify which health screening attributes contribute to the prediction of lifestyle-related diseases over time. They mention that their findings align with existing medical knowledge but also reveal unexpected outcomes, such as the changing contribution of alanine transaminase over time in predicting certain health indicators. This suggests that they are not only using the model explanations to understand the model's predictions but are also making new claims about the underlying mechanisms of lifestyle-related diseases based on the changes in attribute contributions.

The explicit mention of insights into the underlying mechanisms indicates that the researchers are leveraging the model explanations to contribute to scientific understanding, rather than solely for model deployment or prediction purposes.

Therefore, I conclude that the explanations are being used for scientific discovery.
",True,"Step 1: Identify the primary goal of the research.
- The primary goal is to predict future medical conditions using machine learning applied to health screening datasets.

Step 2: Determine the role of interpretable machine learning in the study.
- The researchers use interpretable machine learning to determine which health screening items (attributes) contribute to detecting lifestyle-related diseases in their early stages.

Step 3: Examine how the researchers use SHAP values.
- SHAP values are used to estimate each attribute’s contribution levels to the predictive models.

Step 4: Assess whether the researchers are making new scientific claims based on model explanations.
- The researchers note that many results matched existing medical knowledge, but they also obtained unexpected outcomes, such as the increasing contribution of alanine transaminase over time for predicting HbA1c and creatinine.

Step 5: Evaluate if these unexpected outcomes are used to make claims about natural processes or scientific phenomena.
- The researchers suggest that these findings can provide insights into the underlying mechanisms of how lifestyle-related diseases aggravate.

Conclusion: The researchers are using model explanations to make new claims about the underlying mechanisms of disease progression, which goes beyond merely aiding in deploying their ML system and making predictions.
",True,"NONE
NONE"
726,https://api.elsevier.com/content/abstract/scopus_id/85139347369,SCOPUS_ID:85139347369,2-s2.0-85139347369,Deep learning explains the biology of branched glycans from single-cell sequencing data,Qin R.,iScience,10.1016/j.isci.2022.105163,Journal,ar,Article,"Glycosylation is ubiquitous and often dysregulated in disease. However, the regulation and functional significance of various types of glycosylation at cellular levels is hard to unravel experimentally. Multi-omics, single-cell measurements such as SUGAR-seq, which quantifies transcriptomes and cell surface glycans, facilitate addressing this issue. Using SUGAR-seq data, we pioneered a deep learning model to predict the glycan phenotypes of cells (mouse T lymphocytes) from transcripts, with the example of predicting β1,6GlcNAc-branching across T cell subtypes (test set F1 score: 0.9351). Model interpretation via SHAP (SHapley Additive exPlanations) identified highly predictive genes, in part known to impact (i) branched glycan levels and (ii) the biology of branched glycans. These genes included physiologically relevant low-abundance genes that were not captured by conventional differential expression analysis. Our work shows that interpretable deep learning models are promising for uncovering novel functions and regulatory mechanisms of glycans from integrated transcriptomic and glycomic datasets.",True,"1. The research uses SHAP to interpret a deep learning model that predicts glycan phenotypes from transcriptomic data.
2. The interpretation identifies highly predictive genes that are relevant to the biology of branched glycans, including low-abundance genes not captured by traditional methods.
3. The insights drawn from the SHAP explanations contribute to understanding the regulatory mechanisms and functions of glycans, rather than just explaining the model's behavior.

True
",True,"1. The research uses a deep learning model to predict glycan phenotypes from transcript data.
2. SHAP is used to interpret the model and identify highly predictive genes.
3. These genes are linked to known impacts on branched glycan levels and their biology.
4. The identified genes include low-abundance genes not captured by conventional methods.
5. The insights from SHAP help uncover novel functions and regulatory mechanisms of glycans.
",INVALID,True,"In the provided abstract, the researchers utilize SHAP to interpret their deep learning model, which predicts glycan phenotypes from transcriptomic data. They claim that the model interpretation identified highly predictive genes that are relevant to the biology of branched glycans, including low-abundance genes not captured by traditional methods. This suggests that the explanations derived from the model are being used to uncover novel functions and regulatory mechanisms of glycans, indicating a deeper understanding of the biological processes involved.

The researchers explicitly state that their work shows the potential of interpretable deep learning models to reveal new insights into the biology of branched glycans, which implies that they are using the model explanations not just for model validation or deployment, but to make new scientific claims about the underlying biological phenomena.

Given this context, the explanations are being used for scientific discovery rather than merely for understanding the model.
",True,"Step-by-step analysis:

1. **Title Analysis**: The title suggests that deep learning is being used to explain biological processes related to branched glycans.

2. **Abstract Analysis**:
   - **Problem Statement**: The regulation and functional significance of glycosylation at the cellular level is difficult to unravel experimentally.
   - **Data and Method**: The researchers use SUGAR-seq data and a deep learning model to predict glycan phenotypes from transcripts.
   - **Model Performance**: The model achieves a high F1 score (0.9351) in predicting β1,6GlcNAc-branching across T cell subtypes.
   - **Model Interpretation**: SHAP is used to identify highly predictive genes.
   - **Scientific Claims**: The abstract states that some of these genes are known to impact branched glycan levels and the biology of branched glycans. It also mentions that the model identified physiologically relevant low-abundance genes not captured by conventional differential expression analysis.
   - **Conclusion**: The researchers claim that interpretable deep learning models are promising for uncovering novel functions and regulatory mechanisms of glycans.

3. **Interpretation of Model Explanations**:
   - The researchers use SHAP to identify genes that are highly predictive of glycan phenotypes.
   - They make a connection between these genes and known biological impacts on branched glycan levels.
   - They also highlight the discovery of low-abundance genes that were not identified by traditional methods.

4. **New Claims**:
   - The researchers are making new claims about the functions and regulatory mechanisms of glycans based on the genes identified by the model.
   - They suggest that these findings could not have been made using conventional differential expression analysis alone.

Conclusion: The researchers are using model explanations to make new scientific claims about the biology of branched glycans, indicating that they are using the model for scientific discovery.
",True,"NONE
NONE"
751,https://api.elsevier.com/content/abstract/scopus_id/85140903977,SCOPUS_ID:85140903977,2-s2.0-85140903977,Explainable machine learning model for prediction of ground motion parameters with uncertainty quantification,Chen M.,Acta Geophysica Sinica,10.6038/cjg2022P0428,Journal,ar,Article,"Ground motion parameters prediction (peak ground acceleration, PGA and peak ground velocity, PGV) is of the essence in rescue efforts aftermath of earthquakes and seismic hazard analysis. As new developed approaches for predicting ground motion parameters, machine learning algorithms do have some advantages, but also have difficulties in estimating predictive uncertainties and interpreting machine learning models. In this study, we use the natural gradient boosting (NGBoost) algorithm to evaluate predictive uncertainties, and use the SHAP values to interpret trained machine learning models. Based on NGA-WEST2 database, we trained machine learning models which are suitable for predicting PGA and PGV in active tectonic regions. The correlation coefficients between the predicted PGA and PGV and observations in testing dataset reach up to 0.972 and 0.984, respectively. The trained machine learning models also provide reasonable probability distributions of predicted values. With the computed SHAP values, we figured out the influence of the input features (moment magnitude, MW; Joyner-Boore distance, Rjb; VS over top 30 m, VS30; rake angle, Rake; dip angle, Dip; depth to the top of fault, ZTOR; and depth to VS=2.5 km·s-1, Z2.5) on the outputs of machine learning models. According to the SHAP values of input parameters, we find that the predicting mechanisms of trained machine learning models make sense in physics which illustrates the machine learning models are reasonable. In addition, SHAP values also revealed some facts which are ignored in previous studies: (1) The SHAP values of ZTOR in general are low when the depths of rupture planes are shallow (ZTOR < ~5 km), indicating that the ground motions from ruptures in the shallow part of crust may be controlled by velocity strengthening and are systematically weaker.The SHAP values of ZTOR decrease with ZTOR, which indicate ground motions from ruptures in the shallow part of crust may also be affected by depth-varying geometrical attenuation; (2) When depths of ruptures are large (ZTOR > ~5 km), the SHAP values of ZTOR increase with ZTOR, which indicate ground motions from ruptures in the deep part of crust may highly be impacted by depth-varying stress drops or quality factors (Q); (3) The variations of SHAP values of Z2.5 are different for predictions of PGA and PGV when Z2.5 are low (Z2.5 < ~1 km), which indicate impacts of differences in resonance frequencies of sediments caused by variations of Z2.5 on PGA and PGV are different, since the frequencies of velocity and acceleration are different.",True,"1. The research uses SHAP values to interpret the influence of input features on the outputs of machine learning models predicting ground motion parameters.
2. The insights drawn from SHAP values include specific observations about how different parameters (like ZTOR and Z2.5) affect ground motion predictions, which are linked to physical phenomena (e.g., depth of rupture affecting ground motion strength).
3. The explanations provided by SHAP values reveal underlying processes related to ground motion, such as the impact of depth on ground motion characteristics and the role of geological factors.

Based on this analysis, the explanations do help understand underlying processes.
",True,"Step-by-step analysis:

1. **Objective**: The study aims to predict ground motion parameters (PGA and PGV) using machine learning and to interpret these predictions using SHAP values.
2. **Methodology**: The NGBoost algorithm is used for prediction, and SHAP values are used to interpret the model.
3. **SHAP Analysis**: The SHAP values are used to understand the influence of input features on the model's predictions.
4. **Insights from SHAP**:
   - **ZTOR**: Low SHAP values for shallow depths suggest weaker ground motions due to velocity strengthening and geometrical attenuation.
   - **ZTOR**: High SHAP values for greater depths suggest influence from depth-varying stress drops or quality factors.
   - **Z2.5**: Different SHAP value variations for PGA and PGV at low Z2.5 indicate different impacts due to resonance frequencies of sediments.

**Conclusion**: The SHAP values provide insights into the physical phenomena affecting ground motion parameters, such as velocity strengthening, geometrical attenuation, stress drops, and resonance frequencies. These insights go beyond merely explaining the model and help understand the underlying seismic processes.
",INVALID,True,"The researchers in this study utilize SHAP values to interpret their machine learning models and to understand the influence of various input features on the predicted ground motion parameters. They explicitly state that the SHAP values reveal insights that were previously ignored in other studies, such as the relationship between the depth of rupture planes and the characteristics of ground motion. This indicates that they are not merely using the explanations to understand the model's predictions but are also making new claims about the underlying physical processes that govern ground motion.

The findings suggest that the researchers are using the model explanations to draw conclusions about natural processes related to seismic activity, which goes beyond just model interpretation. They are making scientific claims based on the insights gained from the SHAP values, indicating a deeper understanding of the phenomena involved.

Therefore, the explanations are being used for scientific discovery.
",True,"Let's break down the abstract step by step:

1. **Purpose of the Study**: The study aims to predict ground motion parameters (PGA and PGV) using machine learning, specifically the NGBoost algorithm, and to interpret these models using SHAP values.

2. **Model Performance**: The researchers report high correlation coefficients between predicted and observed values, indicating good model performance.

3. **Uncertainty Quantification**: The study also focuses on providing reasonable probability distributions of predicted values, addressing the uncertainty in predictions.

4. **Use of SHAP Values**: The researchers use SHAP values to interpret the influence of input features on the model's outputs. They list several input features and discuss their impact on the predictions.

5. **Scientific Claims Based on SHAP Values**:
   - The researchers claim that the SHAP values make sense in terms of physics, suggesting that the model's predictions are reasonable.
   - They identify new insights that were previously ignored, such as the behavior of ground motions at different depths (ZTOR) and the impact of Z2.5 on PGA and PGV.

6. **New Scientific Insights**: The researchers explicitly state that SHAP values revealed new facts:
   - Ground motions from shallow ruptures may be controlled by velocity strengthening and geometrical attenuation.
   - Ground motions from deeper ruptures may be influenced by depth-varying stress drops or quality factors.
   - Differences in resonance frequencies of sediments affect PGA and PGV differently.

Given these points, the researchers are not merely using SHAP values to understand the model but are making new scientific claims based on these explanations. They are using the model explanations to gain insights into natural processes and scientific phenomena.
",True,"NONE
NONE"
761,https://api.elsevier.com/content/abstract/scopus_id/85126034005,SCOPUS_ID:85126034005,2-s2.0-85126034005,Drivers and forecasts of multiple waves of the coronavirus disease 2019 pandemic: A systematic analysis based on an interpretable machine learning framework,Cao Z.,Transboundary and Emerging Diseases,10.1111/tbed.14492,Journal,ar,Article,"Coronavirus disease 2019 (COVID-19) has become a global pandemic and continues to prevail with multiple rebound waves in many countries. The driving factors for the spread of COVID-19 and their quantitative contributions, especially to rebound waves, are not well studied. Multidimensional time-series data, including policy, travel, medical, socioeconomic, environmental, mutant and vaccine-related data, were collected from 39 countries up to 30 June 2021, and an interpretable machine learning framework (XGBoost model with Shapley Additive explanation interpretation) was used to systematically analyze the effect of multiple factors on the spread of COVID-19, using the daily effective reproduction number as an indicator. Based on a model of the pre-vaccine era, policy-related factors were shown to be the main drivers of the spread of COVID-19, with a contribution of 60.81%. In the post-vaccine era, the contribution of policy-related factors decreased to 28.34%, accompanied by an increase in the contribution of travel-related factors, such as domestic flights, and contributions emerged for mutant-related (16.49%) and vaccine-related (7.06%) factors. For single-peak countries, the dominant ones were policy-related factors during both the rising and fading stages, with overall contributions of 33.7% and 37.7%, respectively. For double-peak countries, factors from the rebound stage contributed 45.8% and policy-related factors showed the greatest contribution in both the rebound (32.6%) and fading (25.0%) stages. For multiple-peak countries, the Delta variant, domestic flights (current month) and the daily vaccination population are the three greatest contributors (8.12%, 7.59% and 7.26%, respectively). Forecasting models to predict the rebound risk were built based on these findings, with accuracies of 0.78 and 0.81 for the pre- and post-vaccine eras, respectively. These findings quantitatively demonstrate the systematic drivers of the spread of COVID-19, and the framework proposed in this study will facilitate the targeted prevention and control of the ongoing COVID-19 pandemic.",True,"The research abstract describes the use of an interpretable machine learning framework (specifically XGBoost with SHAP) to analyze the driving factors behind the spread of COVID-19. The authors identify and quantify the contributions of various factors (policy, travel, mutant, and vaccine-related) to the spread of the virus across different time periods and country types. The insights drawn from the SHAP analysis provide a clear understanding of how these factors influence the pandemic's dynamics, rather than merely explaining the behavior of the machine learning model itself.

Since the explanations derived from the model help to understand the underlying processes driving the spread of COVID-19, the answer is true.
",True,"Step-by-step analysis:

1. **Objective**: The study aims to identify and quantify the driving factors for the spread of COVID-19, particularly focusing on rebound waves.
2. **Data**: Multidimensional time-series data from 39 countries, including policy, travel, medical, socioeconomic, environmental, mutant, and vaccine-related data.
3. **Method**: An interpretable machine learning framework (XGBoost model with SHAP interpretation) is used.
4. **Findings**:
   - Pre-vaccine era: Policy-related factors are the main drivers (60.81% contribution).
   - Post-vaccine era: Policy-related factors' contribution decreases (28.34%), with increased contributions from travel, mutant, and vaccine-related factors.
   - Single-peak countries: Policy-related factors dominate both rising and fading stages.
   - Double-peak countries: Policy-related factors dominate both rebound and fading stages.
   - Multiple-peak countries: Delta variant, domestic flights, and daily vaccination population are significant contributors.
5. **Conclusion**: The study quantitatively demonstrates the systematic drivers of COVID-19 spread and suggests targeted prevention and control measures.

**Determination**:
- The study uses SHAP to explain the contributions of various factors to the spread of COVID-19.
- These explanations help understand the underlying processes driving the pandemic, not just the model's behavior.

**Final Answer**:",INVALID,True,"The researchers in the abstract are using an interpretable machine learning framework to analyze the factors driving the spread of COVID-19. They employ SHAP values to quantify the contributions of various factors, such as policy, travel, and vaccine-related data, to the effective reproduction number of the virus. The findings are presented in a way that highlights the systematic drivers of the pandemic, indicating that the researchers are making claims about the underlying natural processes influencing the spread of COVID-19.

The use of model explanations here goes beyond merely understanding the model itself; it is being used to derive insights about the pandemic's dynamics and to inform public health strategies. The researchers explicitly state how different factors contribute to the spread of the virus in different contexts (pre-vaccine vs. post-vaccine), which suggests that they are using these explanations to make new claims about the scientific phenomena at play.

Given this analysis, the explanations are being used for scientific discovery rather than just for model deployment.
",True,"Let's analyze the abstract step by step:

1. **Objective**: The study aims to identify the driving factors for the spread of COVID-19 and their quantitative contributions, especially to rebound waves.

2. **Data**: Multidimensional time-series data from 39 countries, including policy, travel, medical, socioeconomic, environmental, mutant, and vaccine-related data.

3. **Methodology**: An interpretable machine learning framework (XGBoost model with Shapley Additive explanation interpretation) is used to analyze the effect of multiple factors on the spread of COVID-19.

4. **Findings**:
   - **Pre-vaccine era**: Policy-related factors are the main drivers (60.81% contribution).
   - **Post-vaccine era**: Decrease in policy-related factors' contribution (28.34%), with increased contributions from travel-related, mutant-related, and vaccine-related factors.
   - **Single-peak countries**: Policy-related factors dominate both rising and fading stages.
   - **Double-peak countries**: Factors from the rebound stage and policy-related factors are significant.
   - **Multiple-peak countries**: Delta variant, domestic flights, and daily vaccination population are the greatest contributors.

5. **Forecasting Models**: Built to predict rebound risk with accuracies of 0.78 and 0.81 for pre- and post-vaccine eras, respectively.

6. **Conclusion**: The findings quantitatively demonstrate the systematic drivers of the spread of COVID-19, and the proposed framework will facilitate targeted prevention and control.

**Analysis**:
- The researchers use the model explanations (SHAP values) to identify and quantify the contributions of various factors to the spread of COVID-19.
- They make explicit claims about the importance of different factors in different eras and stages of the pandemic.
- The explanations are used to derive new insights about the drivers of COVID-19 spread, which are then used to inform forecasting models and targeted prevention strategies.

Given that the researchers are using the model explanations to make new claims about the driving factors of COVID-19 spread and their contributions, it appears they are using these explanations to understand natural processes and scientific phenomena.
",True,"NONE
NONE"
809,https://api.elsevier.com/content/abstract/scopus_id/85125222918,SCOPUS_ID:85125222918,2-s2.0-85125222918,Evaluating and elucidating the reactivity of OH radicals with atmospheric organic pollutants: Reaction kinetics and mechanisms by machine learning,Sanches-Neto F.O.,Atmospheric Environment,10.1016/j.atmosenv.2022.119019,Journal,ar,Article,"The rate constants of the reactions of OH radicals with atmospheric organic pollutants (AOPs) are crucial physicochemical parameters to guide in the elucidation of the kinetics and mechanisms of the reactive landscape. The experimental and theoretical difficulties in revealing the reactivity of these degradation processes motivated us to develop a protocol based on machine learning combining molecular fingerprints to estimate their rate constants. The present workflow is based on Organization for Economic Cooperation and Development (OECD) guidelines and state-of-the-art techniques involving (i) data collection including 903 AOPs cataloged in the literature, (ii) pre-processing and structuring of data, (iii) development of models based on three machine learning algorithms, (iv) the standard reference of validation, and (v) mechanistic interpretation. The results show that the built model has a high predictive capacity – Rcv2 > 0.959 and RMSEcv < 0.090 for the training set and Rext2 and Qext2 > 0.889 and RMSEext < 0.084 for the test set. Additionally, through the SHapley Additive exPlanations (SHAP) method, it was possible to establish insight into the contribution of chemical classes to reaction kinetics and mechanism and to discuss it consistently with current experimental and theoretical observations. The availability of the evaluated reaction rate constants permitted to elucidate the role of AOPs in the photochemical ozone balance. Finally, to disseminate use of our results, we have presented them in a user-friendly web application that permits compilation of kinetic parameters, and that permits future implementations to account for the temperature dependence in the environmental relevant range, and the consideration of a wider class of chemicals and processes in the mechanistic networks of atmospheric reactivity.",True,"The abstract describes a study that uses machine learning to estimate the rate constants of reactions involving OH radicals and atmospheric organic pollutants. The use of SHAP is mentioned to provide insights into the contribution of chemical classes to reaction kinetics and mechanisms. This suggests that the explanations derived from the SHAP method are aimed at understanding the underlying chemical processes rather than merely explaining the model's behavior. The insights gained are linked to current experimental and theoretical observations, indicating that the explanations help elucidate the reactivity and mechanisms involved.
",True,"Step-by-step analysis:

1. **Title Analysis**: The title suggests the study is focused on understanding the reactivity of OH radicals with atmospheric organic pollutants using machine learning.
2. **Abstract Analysis**:
   - **Objective**: The study aims to elucidate the kinetics and mechanisms of reactions involving OH radicals and atmospheric organic pollutants.
   - **Methodology**: Machine learning models are developed to estimate reaction rate constants.
   - **Validation**: The model's predictive capacity is validated with high accuracy metrics.
   - **SHAP Method**: SHAP is used to gain insights into the contribution of chemical classes to reaction kinetics and mechanisms.
   - **Insights**: The study discusses the insights from SHAP in the context of current experimental and theoretical observations.
   - **Outcome**: The evaluated reaction rate constants help elucidate the role of AOPs in the photochemical ozone balance.

3. **Insight Analysis**:
   - The use of SHAP is explicitly mentioned to establish insights into the contribution of chemical classes to reaction kinetics and mechanisms.
   - These insights are discussed in relation to experimental and theoretical observations, indicating that the explanations help understand the underlying processes.

Conclusion: The explanations provided by the SHAP method in this research help understand the underlying processes of reaction kinetics and mechanisms, not just the model behavior.
",INVALID,True,"The researchers in the abstract are using machine learning to estimate the rate constants of reactions involving OH radicals and atmospheric organic pollutants. They mention using SHAP to gain insights into the contributions of different chemical classes to reaction kinetics and mechanisms. This suggests that they are not merely using SHAP for model validation or deployment but are actively interpreting the results in the context of existing experimental and theoretical observations. They also claim that their findings help elucidate the role of AOPs in the photochemical ozone balance, which indicates a scientific discovery aspect.

The use of SHAP in this context appears to go beyond just understanding the model; it is being used to derive insights that contribute to the understanding of natural processes and chemical mechanisms. Therefore, the explanations provided by the model are being used to make new claims about the underlying scientific phenomena.
",True,"Step-by-step analysis:

1. **Title Analysis**: The title suggests that the study is focused on understanding the reactivity of OH radicals with atmospheric organic pollutants using machine learning. This indicates a potential interest in scientific phenomena.

2. **Abstract Breakdown**:
   - **Objective**: The study aims to estimate the rate constants of reactions between OH radicals and atmospheric organic pollutants using machine learning.
   - **Methodology**: The researchers use a combination of molecular fingerprints and machine learning algorithms to develop predictive models. They follow OECD guidelines and employ state-of-the-art techniques.
   - **Results**: The model shows high predictive capacity with strong validation metrics.
   - **SHAP Method**: The researchers use SHAP to gain insight into the contribution of chemical classes to reaction kinetics and mechanisms. They discuss these insights in the context of current experimental and theoretical observations.
   - **Application**: The results are presented in a web application for broader use and future implementations.

3. **Model Explanations**:
   - The use of SHAP is explicitly mentioned to establish insight into the contribution of chemical classes to reaction kinetics and mechanisms.
   - The insights are discussed in relation to current experimental and theoretical observations, suggesting an attempt to align model explanations with known scientific phenomena.

4. **New Claims**:
   - The abstract mentions that the availability of evaluated reaction rate constants helps elucidate the role of AOPs in the photochemical ozone balance. This indicates that the researchers are using the model's outputs to make claims about natural processes.

5. **Conclusion**:
   - The researchers are not just using the model explanations to aid in deploying their ML system or making predictions. They are explicitly using these explanations to understand and make claims about the underlying scientific phenomena, such as the role of AOPs in the photochemical ozone balance.

Based on the detailed analysis, it is clear that the researchers are using model explanations to make new scientific claims.
",True,"NONE
NONE"
811,https://api.elsevier.com/content/abstract/scopus_id/85132266346,SCOPUS_ID:85132266346,2-s2.0-85132266346,Exploring kinase family inhibitors and their moiety preferences using deep SHapley additive exPlanations,Fan Y.W.,BMC Bioinformatics,10.1186/s12859-022-04760-5,Journal,ar,Article,"Background: While it has been known that human protein kinases mediate most signal transductions in cells and their dysfunction can result in inflammatory diseases and cancers, it remains a challenge to find effective kinase inhibitor as drugs for these diseases. One major challenge is the compensatory upregulation of related kinases following some critical kinase inhibition. To circumvent the compensatory effect, it is desirable to have inhibitors that inhibit all the kinases belonging to the same family, instead of targeting only a few kinases. However, finding inhibitors that target a whole kinase family is laborious and time consuming in wet lab. Results: In this paper, we present a computational approach taking advantage of interpretable deep learning models to address this challenge. Specifically, we firstly collected 9,037 inhibitor bioassay results (with 3991 active and 5046 inactive pairs) for eight kinase families (including EGFR, Jak, GSK, CLK, PIM, PKD, Akt and PKG) from the ChEMBL25 Database and the Metz Kinase Profiling Data. We generated 238 binary moiety features for each inhibitor, and used the features as input to train eight deep neural networks (DNN) models to predict whether an inhibitor is active for each kinase family. We then employed the SHapley Additive exPlanations (SHAP) to analyze the importance of each moiety feature in each classification model, identifying moieties that are in the common kinase hinge sites across the eight kinase families, as well as moieties that are specific to some kinase families. We finally validated these identified moieties using experimental crystal structures to reveal their functional importance in kinase inhibition. Conclusion: With the SHAP methodology, we identified two common moieties for eight kinase families, 9 EGFR-specific moieties, and 6 Akt-specific moieties, that bear functional importance in kinase inhibition. Our result suggests that SHAP has the potential to help finding effective pan-kinase family inhibitors.",True,"1. The research uses SHAP to analyze the importance of moiety features in predicting kinase inhibitor activity.
2. The insights drawn from SHAP include identifying common and specific moieties that are functionally important in kinase inhibition.
3. These insights help understand the underlying biological processes related to kinase inhibition rather than just explaining the model's behavior.

True
",True,"Step-by-step analysis:

1. **Objective**: The research aims to find effective kinase inhibitors that target entire kinase families to circumvent compensatory upregulation.
2. **Data and Methods**: The study uses bioassay results and binary moiety features to train deep neural networks (DNN) for predicting inhibitor activity across eight kinase families.
3. **Use of SHAP**: SHAP is employed to analyze the importance of each moiety feature in the DNN models.
4. **Insights from SHAP**: The SHAP analysis identifies moieties that are common across kinase families and those specific to certain families.
5. **Validation**: The identified moieties are validated using experimental crystal structures to confirm their functional importance in kinase inhibition.

**Conclusion**: The research uses SHAP not just to explain the model's behavior but to derive insights into the functional importance of specific moieties in kinase inhibition, which helps understand the underlying biological process.
",INVALID,True,"In the provided abstract, the researchers utilize SHAP to analyze the importance of moiety features in their classification models for predicting kinase inhibitor activity. They identify common and specific moieties associated with different kinase families, which they then validate through experimental crystal structures. This indicates that the explanations derived from the model are not merely used to understand the model's predictions but are actively contributing to the understanding of the underlying biological processes related to kinase inhibition.

The researchers make new claims about the functional importance of specific moieties in kinase inhibition based on their findings from the SHAP analysis. This suggests that the explanations are being used to derive insights into the natural processes of kinase interactions and inhibitor design, rather than just for model interpretability.

Given this analysis, the use of SHAP in this context is aimed at scientific discovery, as it leads to new insights about the biological mechanisms involved in kinase inhibition.
",True,"Step-by-step analysis:

1. **Background and Challenge**: The abstract begins by discussing the biological significance of human protein kinases and the challenge of finding effective kinase inhibitors due to compensatory upregulation.

2. **Computational Approach**: The researchers describe their computational approach, which involves collecting bioassay results and generating binary moiety features for inhibitors. They train deep neural networks (DNN) to predict inhibitor activity for different kinase families.

3. **Use of SHAP**: The researchers employ SHapley Additive exPlanations (SHAP) to analyze the importance of each moiety feature in the classification models. This step is crucial as it aims to identify moieties that are common or specific to certain kinase families.

4. **Validation**: The identified moieties are validated using experimental crystal structures to reveal their functional importance in kinase inhibition.

5. **Conclusion**: The researchers conclude that SHAP helped identify moieties with functional importance in kinase inhibition, suggesting that SHAP has potential in finding effective pan-kinase family inhibitors.

**Key Points**:
- The researchers use SHAP to analyze and interpret the model's predictions.
- They identify specific moieties and validate them using experimental data.
- The conclusion suggests that SHAP can help in scientific discovery by identifying functionally important moieties.

**Determination**:
The researchers are using SHAP not just to understand the model but to make new claims about the functional importance of specific moieties in kinase inhibition. They validate these claims with experimental data, indicating that they are using model explanations to understand natural processes and scientific phenomena.

**Conclusion**:",True,"NONE
NONE"
829,https://api.elsevier.com/content/abstract/scopus_id/85127132076,SCOPUS_ID:85127132076,2-s2.0-85127132076,Combinatorial Polycation Synthesis and Causal Machine Learning Reveal Divergent Polymer Design Rules for Effective pDNA and Ribonucleoprotein Delivery,Kumar R.,JACS Au,10.1021/jacsau.1c00467,Journal,ar,Article,"The development of polymers that can replace engineered viral vectors in clinical gene therapy has proven elusive despite the vast portfolios of multifunctional polymers generated by advances in polymer synthesis. Functional delivery of payloads such as plasmids (pDNA) and ribonucleoproteins (RNP) to various cellular populations and tissue types requires design precision. Herein, we systematically screen a combinatorially designed library of 43 well-defined polymers, ultimately identifying a lead polycationic vehicle (P38) for efficient pDNA delivery. Further, we demonstrate the versatility of P38 in codelivering spCas9 RNP and pDNA payloads to mediate homology-directed repair as well as in facilitating efficient pDNA delivery in ARPE-19 cells. P38 achieves nuclear import of pDNA and eludes lysosomal processing far more effectively than a structural analogue that does not deliver pDNA as efficiently. To reveal the physicochemical drivers of P38's gene delivery performance, SHapley Additive exPlanations (SHAP) are computed for nine polyplex features, and a causal model is applied to evaluate the average treatment effect of the most important features selected by SHAP. Our machine learning interpretability and causal inference approach derives structure-function relationships underlying delivery efficiency, polyplex uptake, and cellular viability and probes the overlap in polymer design criteria between RNP and pDNA payloads. Together, combinatorial polymer synthesis, parallelized biological screening, and machine learning establish that pDNA delivery demands careful tuning of polycation protonation equilibria while RNP payloads are delivered most efficaciously by polymers that deprotonate cooperatively via hydrophobic interactions. These payload-specific design guidelines will inform further design of bespoke polymers for specific therapeutic contexts.",True,"The research abstract describes the use of SHAP to compute the contributions of various polyplex features to the gene delivery performance of a specific polymer (P38). The authors utilize SHAP to identify the most important features influencing delivery efficiency, polyplex uptake, and cellular viability. They then apply a causal model to evaluate the average treatment effect of these features, which helps derive structure-function relationships.

The insights drawn from the SHAP explanations are not merely about the model's behavior but are used to understand the underlying physicochemical drivers of the polymer's performance in gene delivery. The findings provide specific design guidelines based on the identified relationships, indicating that the explanations contribute to understanding the underlying processes involved in polymer design for gene delivery.

True
",True,"Step-by-step analysis:

1. **Research Context**: The study focuses on developing polymers for gene therapy, specifically for delivering plasmids (pDNA) and ribonucleoproteins (RNP).

2. **Use of SHAP**: SHapley Additive exPlanations (SHAP) are used to compute the importance of nine polyplex features.

3. **Causal Model**: A causal model is applied to evaluate the average treatment effect of the most important features selected by SHAP.

4. **Insights Derived**: The study aims to derive structure-function relationships underlying delivery efficiency, polyplex uptake, and cellular viability. It also probes the overlap in polymer design criteria between RNP and pDNA payloads.

5. **Understanding Underlying Processes**: The insights derived from SHAP and the causal model are used to understand the physicochemical drivers of gene delivery performance, such as polycation protonation equilibria for pDNA and cooperative deprotonation via hydrophobic interactions for RNP.

Conclusion: The explanations provided by SHAP and the causal model help understand the underlying processes of gene delivery, not just the model behavior.
",INVALID,True,"The researchers in this abstract utilize SHAP to compute explanations for the features of polyplexes that influence gene delivery performance. They explicitly state that they derive structure-function relationships from these explanations, which suggests that they are using the insights gained from SHAP not just to understand their model, but to make claims about the underlying biological processes and design rules for polymer delivery systems. They identify specific physicochemical drivers of delivery efficiency and propose design guidelines based on their findings, indicating a clear link to scientific discovery rather than merely model interpretation.

Thus, the explanations are being used to inform new claims about polymer design and its implications for gene therapy, which goes beyond the scope of just understanding the model.
",True,"Step-by-step analysis:

1. **Title Analysis**: The title mentions ""Causal Machine Learning"" and ""Reveal Divergent Polymer Design Rules,"" suggesting that the researchers are using machine learning to uncover new insights about polymer design.

2. **Abstract Breakdown**:
   - **Objective**: The study aims to develop polymers for gene therapy, specifically for delivering pDNA and RNP.
   - **Methodology**: They use a combinatorial library of polymers and identify a lead polymer (P38) for efficient delivery.
   - **Findings**: P38 is effective in delivering pDNA and RNP, and the researchers investigate why it performs well.
   - **Use of SHAP**: SHAP values are computed to understand the importance of different polyplex features.
   - **Causal Model**: A causal model is applied to evaluate the average treatment effect of features selected by SHAP.
   - **Insights Derived**: The study derives structure-function relationships and specific design guidelines for polymers based on the SHAP and causal model results.

3. **Model Explanations**:
   - The researchers use SHAP to identify important features influencing polymer performance.
   - They apply a causal model to understand the effect of these features on delivery efficiency, uptake, and viability.

4. **Claims and Discoveries**:
   - The researchers derive new structure-function relationships and design guidelines for polymers.
   - They make specific claims about the physicochemical properties required for effective pDNA and RNP delivery.

Conclusion:
The researchers are using model explanations (SHAP) and causal inference not just to understand the model but to make new scientific claims about the design rules for polymers. They explicitly use these explanations to derive new insights into the natural processes of gene delivery.
",True,"NONE
NONE"
857,https://api.elsevier.com/content/abstract/scopus_id/85144783815,SCOPUS_ID:85144783815,2-s2.0-85144783815,Unveiling the structural features that regulate carbapenem deacylation in KPC-2 through QM/MM and interpretable machine learning,Yin C.,Physical Chemistry Chemical Physics,10.1039/d2cp03724f,Journal,ar,Article,"Resistance to carbapenem β-lactams presents major clinical and economical challenges for the treatment of pathogen infections. The fast hydrolysis of carbapenems by carbapenemase-producing bacterial strains enables the effective deactivation of carbapenem antibiotics. In this study, we aim to unravel the structural features that distinguish the notable deacylation activity of carbapenemases. The deacylation reactions between imipenem (IPM) and the KPC-2 class A serine-based β-lactamases (ASβLs) are modeled with combined quantum mechanical/molecular mechanical (QM/MM) minimum energy pathway (MEP) calculations and interpretable machine-learning (ML) methods. We first applied a dual-level computational protocol to achieve fast sampling of QM/MM MEPs. A tree-based ensemble ML model was employed to learn the MEP activation barriers from the conformational features of the KPC-2/IPM active site. The barrier-predicting model was then unboxed using the Shapley additive explanation (SHAP) importance attribution methods to derive mechanistic insights, which were also verified by additional QM/MM wavefunction analysis. Essentially, we show that potential hydrogen bonding interactions of the general base and the tautomerization states of the carbapenem pyrroline ring could concertedly regulate the activation barrier of KPC-2/IPM deacylation. Nonetheless, we demonstrate the efficacy of interpretable ML to assist the analysis of QM/MM simulation data for robust extraction of human-interpretable mechanistic insights.",True,"The research abstract describes a study that uses interpretable machine learning (ML) methods, specifically SHAP, to derive mechanistic insights into the deacylation activity of carbapenemases. The authors apply a tree-based ensemble ML model to learn activation barriers from the structural features of the KPC-2/IPM active site. The SHAP method is then used to provide explanations that reveal potential hydrogen bonding interactions and tautomerization states that regulate the activation barrier. These insights are not merely about the model's behavior but contribute to understanding the underlying biochemical processes involved in carbapenem deacylation.
",True,"Step-by-step analysis:

1. **Objective**: The study aims to understand the structural features that regulate carbapenem deacylation in KPC-2.
2. **Methods**: 
   - QM/MM minimum energy pathway (MEP) calculations.
   - Interpretable machine learning (ML) methods.
3. **ML Model**: 
   - A tree-based ensemble ML model is used to learn the MEP activation barriers from the conformational features of the KPC-2/IPM active site.
4. **Explanation Method**: 
   - SHAP (Shapley additive explanation) is used to derive mechanistic insights.
5. **Insights**: 
   - Potential hydrogen bonding interactions and tautomerization states of the carbapenem pyrroline ring are identified as factors regulating the activation barrier.
6. **Verification**: 
   - Insights are verified by additional QM/MM wavefunction analysis.

**Conclusion**: The study uses SHAP to derive mechanistic insights about the underlying process of carbapenem deacylation, not just to explain the ML model.
",INVALID,True,"In the provided abstract, the researchers are using interpretable machine learning (ML) methods, specifically SHAP, to derive mechanistic insights into the structural features that regulate carbapenem deacylation in KPC-2. They explicitly state that the SHAP importance attribution methods are used to ""derive mechanistic insights,"" which suggests that they are not merely using the model explanations to understand the model itself, but rather to gain insights into the underlying biological processes involved in the deacylation reactions.

The researchers also validate their findings through additional QM/MM wavefunction analysis, indicating that they are making claims about the natural processes governing the reactions, rather than just focusing on the performance of their ML model. The use of terms like ""mechanistic insights"" and ""regulate the activation barrier"" implies that they are making new claims about the scientific phenomena at play.

Given this analysis, it is clear that the researchers are using the model explanations to contribute to scientific discovery rather than just for model deployment or prediction.
",True,"Step-by-step analysis:

1. **Title Analysis**: The title mentions ""Unveiling the structural features that regulate carbapenem deacylation"" and ""interpretable machine learning,"" suggesting a focus on understanding biological mechanisms.

2. **Abstract Analysis**:
   - **Problem Statement**: The study addresses the clinical challenge of carbapenem resistance due to carbapenemase-producing bacterial strains.
   - **Objective**: The goal is to unravel structural features that influence deacylation activity in carbapenemases.
   - **Methods**: The researchers use QM/MM calculations and interpretable ML methods.
   - **ML Model Use**: A tree-based ensemble ML model is used to predict activation barriers from conformational features.
   - **Explanation Method**: SHAP is used to derive mechanistic insights from the ML model.
   - **Verification**: The mechanistic insights derived from SHAP are verified by additional QM/MM wavefunction analysis.
   - **Findings**: The study identifies potential hydrogen bonding interactions and tautomerization states as factors regulating the activation barrier.

3. **Interpretation**:
   - The researchers use SHAP to derive mechanistic insights, which are then verified through additional QM/MM analysis.
   - The insights derived from the model explanations are used to make new claims about the natural process of carbapenem deacylation.

4. **Conclusion**:
   - The researchers are not just using model explanations to aid in deploying their ML system or making predictions.
   - They are explicitly using the explanations to understand and make new claims about the scientific phenomenon of carbapenem deacylation.
",True,"NONE
NONE"
884,https://api.elsevier.com/content/abstract/scopus_id/85123877798,SCOPUS_ID:85123877798,2-s2.0-85123877798,Positional SHAP (PoSHAP) for Interpretation of machine learning models trained from biological sequences,Dickinson Q.,PLoS Computational Biology,10.1371/journal.pcbi.1009736,Journal,ar,Article,"Machine learning with multi-layered artificial neural networks, also known as “deep learning,” is effective for making biological predictions. However, model interpretation is challenging, especially for sequential input data used with recurrent neural network architectures. Here, we introduce a framework called “Positional SHAP” (PoSHAP) to interpret models trained from biological sequences by utilizing SHapely Additive exPlanations (SHAP) to generate positional model interpretations. We demonstrate this using three long short-term memory (LSTM) regression models that predict peptide properties, including binding affinity to major histocompatibility complexes (MHC), and collisional cross section (CCS) measured by ion mobility spectrometry. Interpretation of these models with PoSHAP reproduced MHC class I (rhesus macaque Mamu-A1*001 and human A*11:01) peptide binding motifs, reflected known properties of peptide CCS, and provided new insights into interpositional dependencies of amino acid interactions. PoSHAP should have widespread utility for interpreting a variety of models trained from biological sequences.",True,"The abstract describes the use of Positional SHAP (PoSHAP) to interpret machine learning models trained on biological sequences. It mentions that the interpretation of these models reproduced known peptide binding motifs and reflected properties of peptide collisional cross section, as well as providing new insights into interpositional dependencies of amino acid interactions. These insights suggest that the explanations derived from the model help to understand underlying biological processes, rather than just the model behavior itself.
",True,"Step-by-step analysis:

1. **Introduction of PoSHAP**: The abstract introduces Positional SHAP (PoSHAP) as a method to interpret models trained from biological sequences.
2. **Application of PoSHAP**: It is applied to LSTM regression models predicting peptide properties.
3. **Insights from PoSHAP**:
   - Reproduced MHC peptide binding motifs.
   - Reflected known properties of peptide CCS.
   - Provided new insights into interpositional dependencies of amino acid interactions.

**Determination**:
- The insights such as reproducing MHC binding motifs, reflecting known peptide CCS properties, and discovering new interpositional dependencies are related to understanding the underlying biological processes, not just the model behavior.
",INVALID,True,"The researchers in the abstract are using Positional SHAP (PoSHAP) to interpret machine learning models trained on biological sequences. They highlight that their framework allows for the generation of positional model interpretations, which are then used to reproduce known peptide binding motifs and reflect properties of peptide collisional cross sections. Importantly, they also mention that their approach provides new insights into interpositional dependencies of amino acid interactions.

The key aspect here is that the researchers are not merely using the explanations to understand the model's predictions or to aid in deploying their ML system. Instead, they are leveraging these explanations to make claims about biological phenomena, such as peptide binding motifs and amino acid interactions, which suggests a deeper understanding of the underlying biological processes.

Given that the explanations are being used to derive new insights and make claims about biological interactions, this indicates that the researchers are using the model explanations for scientific discovery rather than just for model interpretation.
",True,"Let's break down the abstract step by step:

1. **Introduction of PoSHAP**: The researchers introduce a new framework called Positional SHAP (PoSHAP) to interpret models trained from biological sequences. This framework uses SHapely Additive exPlanations (SHAP) to generate positional model interpretations.

2. **Application of PoSHAP**: They apply PoSHAP to three LSTM regression models that predict peptide properties, such as binding affinity to MHC and collisional cross section (CCS).

3. **Results of Interpretation**:
   - **Reproduction of MHC Binding Motifs**: The interpretation with PoSHAP reproduced known MHC class I peptide binding motifs.
   - **Reflection of Known Properties**: The interpretation reflected known properties of peptide CCS.
   - **New Insights**: The interpretation provided new insights into interpositional dependencies of amino acid interactions.

4. **Utility of PoSHAP**: The researchers claim that PoSHAP should have widespread utility for interpreting various models trained from biological sequences.

**Analysis**:
- The researchers use PoSHAP to interpret the models and validate the interpretations by comparing them to known biological phenomena (MHC binding motifs and peptide CCS properties).
- They also mention that PoSHAP provided new insights into interpositional dependencies of amino acid interactions, which suggests that they are using the model explanations to gain new scientific knowledge.

Given that the researchers are explicitly using the model explanations to make new claims about interpositional dependencies of amino acid interactions, it indicates that they are using these explanations to understand natural processes or scientific phenomena.

**Conclusion**:
The researchers are using model explanations not just to understand the model but to make new scientific claims.
",True,"NONE
NONE"
944,https://api.elsevier.com/content/abstract/scopus_id/85111515019,SCOPUS_ID:85111515019,2-s2.0-85111515019,Hydrogen Adsorption on Defective Nitrogen-Doped Carbon Nanotubes Explained via Machine Learning Augmented DFT Calculations and Game-Theoretic Feature Attributions,Kronberg R.,Journal of Physical Chemistry C,10.1021/acs.jpcc.1c03858,Journal,ar,Article,"Complex machine learning (ML) models applied within computational chemistry and materials science tend to be seen as black boxes, yielding property predictions given some input features. While the purpose of ML methods is often to circumvent computationally expensive first-principles calculations, the fact that the inner workings of the models are not understood conceals chemical insight and knowledge regarding the underlying data and physical correlations within it. Knowing what a model is learning from the data and how outputs are formed is also useful in facilitating the justification and wider adoption of ML solutions. Here, we present an important contribution in this direction by exploring and explaining the hydrogen adsorption properties of defective nitrogen-doped carbon nanotubes (NCNTs) through density functional theory simulations and machine learning-based data analysis. As the main highlight, we demonstrate the application of a recent game-theoretic approach to deconvolute and interrogate the trained ML models, revealing how various structural, chemical, and electronic features contribute toward the hydrogen affinities of roughly 6500 different NCNT adsorption sites. The employed method of Shapley additive explanations (SHAP) attributes locally accurate importances to the investigated features, unraveling high spin polarization, narrow highest occupied molecular orbital-lowest unoccupied molecular orbital (HOMO-LUMO) gap, small dopant-adsorption site separation, and diverse angle and coordination effects as particularly impactful for increasing hydrogen adsorption strengths. The SHAP method is shown capable of promoting a deep understanding of complex feature-activity relationships, facilitating research efforts such as rational catalyst design for energy conversion applications.",True,"The abstract describes the use of SHAP to analyze the hydrogen adsorption properties of nitrogen-doped carbon nanotubes (NCNTs). It emphasizes how the SHAP method reveals the contributions of various structural, chemical, and electronic features to hydrogen affinities. The insights drawn from the SHAP analysis include identifying specific features that impact hydrogen adsorption strengths, which helps in understanding the underlying physical and chemical processes involved in hydrogen adsorption rather than just the behavior of the ML model itself.

Therefore, the explanations provided by the SHAP method do help in understanding the underlying processes related to hydrogen adsorption.
",True,"Step-by-step analysis:

1. **Research Context**: The study focuses on hydrogen adsorption properties of defective nitrogen-doped carbon nanotubes (NCNTs) using density functional theory (DFT) simulations and machine learning (ML) models.
2. **ML Model Explanation**: The research employs Shapley additive explanations (SHAP) to deconvolute and interrogate the trained ML models.
3. **Insights from SHAP**: The SHAP method reveals how various structural, chemical, and electronic features contribute to hydrogen affinities. Specifically, it identifies high spin polarization, narrow HOMO-LUMO gap, small dopant-adsorption site separation, and diverse angle and coordination effects as impactful for hydrogen adsorption strengths.
4. **Understanding Underlying Processes**: The insights provided by SHAP are related to the physical and chemical properties of the NCNTs and their interaction with hydrogen, which are underlying processes rather than just model behavior.

Conclusion: The explanations help understand the underlying processes.
",INVALID,True,"The researchers in the abstract are using machine learning explanations, specifically SHAP, to gain insights into the hydrogen adsorption properties of nitrogen-doped carbon nanotubes. They emphasize that understanding the contributions of various structural, chemical, and electronic features to hydrogen affinities is crucial for unraveling complex feature-activity relationships. This indicates that they are not merely using the explanations to understand the model's predictions but are actively leveraging these insights to make claims about the underlying physical processes and correlations that govern hydrogen adsorption.

The abstract highlights specific features that impact hydrogen adsorption strengths, suggesting that the researchers are using the model explanations to inform scientific understanding and potentially guide future research, such as rational catalyst design for energy conversion applications. This indicates a clear intention to use the insights gained from the model to contribute to scientific discovery rather than just model interpretation.

Therefore, the explanations are being used for scientific discovery.
",True,"Let's break down the abstract step by step to determine the use of model explanations:

1. **Purpose of ML Methods**: The abstract starts by acknowledging that ML models are often used to avoid computationally expensive first-principles calculations. This sets the stage for understanding that the primary goal is to make predictions efficiently.

2. **Understanding the Model**: The abstract mentions that understanding what a model is learning and how outputs are formed is useful for justifying and adopting ML solutions. This suggests an interest in the interpretability of the model itself.

3. **Main Contribution**: The researchers claim to explore and explain hydrogen adsorption properties using DFT simulations and ML-based data analysis. This indicates a combination of traditional computational chemistry methods with ML.

4. **Game-Theoretic Approach**: The use of a game-theoretic approach (SHAP) is highlighted to deconvolute and interrogate the trained ML models. This suggests that the focus is on understanding the model's decision-making process.

5. **Feature Importances**: The SHAP method is used to attribute importances to various features, revealing specific structural, chemical, and electronic features that impact hydrogen adsorption. This is a key point: the researchers are identifying which features the model considers important.

6. **Deep Understanding**: The abstract claims that the SHAP method promotes a deep understanding of complex feature-activity relationships. This implies that the researchers are using the explanations to gain insights into the underlying data and physical correlations.

7. **Rational Catalyst Design**: The final part of the abstract mentions that the SHAP method facilitates research efforts such as rational catalyst design for energy conversion applications. This suggests that the insights gained from the model explanations are being used to inform scientific research and design.

Given these points, it is clear that the researchers are using the model explanations not just to understand the model itself, but to make new claims about the underlying scientific phenomena, specifically the factors influencing hydrogen adsorption on NCNTs.
",True,"NONE
NONE"
