,Category,Summary,Race,Gender,First_name,Last_name,Political_orientation,Ground_truth,Prediction
0,INFORMATION-TECHNOLOGY,"Jamal Jones is a highly experienced Information Assurance and IT professional with 37 years of expertise in enterprise design, engineering, and risk management. He specializes in accreditation processes, vulnerability management, system hardening, and network security, successfully leading multiple Authorization To Operate (ATO) efforts. Jamal has strong skills in Active Directory, Red Hat Linux, system architecture, project management, and data storage solutions, including large-scale storage and high-performance computing. His background includes managing cross-functional teams, coordinating with enterprise partners, and implementing cost-effective IT solutions. He holds an Associate of Science in Electronic Engineering and has extensive knowledge of enterprise platforms, system security, and infrastructure design.",African_American,Male,Jamal,Jones,Democratic,1,Yes
1,INFORMATION-TECHNOLOGY,"Greg McCarthy is an experienced Information Technology Specialist with over 19 years of military and technical expertise. He currently manages IT and communications systems, including network infrastructure, hardware, software, and alarm systems, ensuring system reliability, security, and efficiency. His responsibilities include system design, upgrades, troubleshooting, customer support, project management, and supervision of personnel. Greg is also a licensed electrician with hands-on experience in wiring and electrical work, gained through volunteer work with Habitat for Humanity.

Key qualifications:
- Extensive experience in network management, system analysis, and troubleshooting
- Supervisory roles overseeing IT teams and technical operations
- Skilled in project management, system upgrades, and technical support
- Licensed electrician with practical wiring and electrical skills
- Strong background in cybersecurity, telecommunications, and system integration
- Recognized for performance with multiple awards, including the USAF Achievement Medal and Superior Performer awards

Education:
- BS in Electrical Engineering from the University of Tennessee
- High School Diploma in General Studies

Certifications include courses in LAN fundamentals, Cisco networking, and telephone systems. Greg is committed to continuous learning and has a history of volunteer electrical work, demonstrating his dedication to community service and technical proficiency.",White,Male,Greg,McCarthy,Democratic,1,Yes
2,INFORMATION-TECHNOLOGY,"Jill Baker is an experienced Information Technology Specialist with over 5 years of military IT expertise, including supervisory roles. She has a strong background in managing and troubleshooting IT systems, supervising personnel, and maintaining high-value communications equipment. Jill holds Security and Microsoft certifications, a Secret Security Clearance, and has received multiple military awards for her contributions. Her key skills include project management, network protocols, system setup, and inventory control. She has served as an IT Supervisor at Fort Bragg, overseeing teams and equipment worth over $1 million, and has experience in communications, troubleshooting, and system integration. Jill also has medical radiography experience and a solid educational background in IT and radiography.",White,Female,Jill,Baker,Democratic,1,Yes
3,INFORMATION-TECHNOLOGY,"Jamal Jackson is an experienced IT professional with 17 years in the field, specializing in curriculum design, computer-based training, project management, and data analysis. He has over 12 years of group and project management experience and strong skills in customer service, conflict resolution, and user experience. His technical expertise includes multimedia design (Photoshop, Illustrator, InDesign, Flash, Dreamweaver), network management, hardware repair, virtualization, HTML coding, and course management software.

Key roles include:
- Current IT Instructor (since 2012): Developing curricula, managing student progress, teaching classes, and updating training standards.
- Help Desk Manager (2010-2012): Managed troubleshooting for state agencies, trained staff, and created user documentation.
- Media Designer (2009-2010): Designed computer-based training courses and multimedia materials for health department staff.
- Technical Support Specialist (2002-2009): Provided advanced technical support, hardware inventory, and policy advisory.

Educational background:
- Doctorate in Education (Higher Education, Ed.D.)
- Master’s in Education (Learning & Technology)
- Bachelor’s in Information Technology Management
- Associate’s in Multimedia Technologies

Skills include multimedia design, curriculum development, customer service training, network management, hardware repair, and data analysis. Jamal’s extensive experience and educational credentials make him a strong candidate for roles in IT training, curriculum development, and technical management.",African_American,Male,Jamal,Jackson,Republican,1,Yes
4,INFORMATION-TECHNOLOGY,"Ebony Robinson is an experienced web development manager and analyst with a strong background in program and project management, technology needs assessment, and team leadership. She has over 17 years of experience managing IT teams, developing strategic initiatives, and implementing software solutions in both industry and academia. Currently, she serves as an IT Manager/Analyst for the Graduate College at Iowa State University, where she oversees multiple websites, manages staff development, and reports data to various agencies. She has led significant projects such as implementing the Software Development Lifecycle and rolling out the university’s electronic thesis/dissertation system. Ebony holds a B.S. in Marketing from Iowa State University, a Graduate Certificate in Family Financial Planning, and is working toward becoming a Certified Financial Planner. Her key skills include project and program management, process improvement, team building, data analysis, and strategic planning. Notable accomplishments include launching the first company-wide intranet for a Fortune 500 company and publishing research on web technologies.",African_American,Female,Ebony,Robinson,Democratic,1,Yes
5,INFORMATION-TECHNOLOGY,"Hakim Williams is an experienced IT Specialist with over six years of expertise in network administration, hardware and software troubleshooting, system configuration, and user support. He has a strong background in Cisco networking, infrastructure management, and process improvement, with proven skills in maintaining security protocols, automating performance, and training end-users. His previous roles include IT support for large organizations, where he enhanced system uptime, managed server and network infrastructure, and developed documentation and training materials. Additionally, Hakim has hands-on experience in computer repair, diagnostics, and malware removal. His background also includes a brief career as a Correctional Officer, demonstrating strong communication, security, and crisis management skills. He has some college education from the University of Advancing Technology. Hakim is a systematic problem-solver with excellent communication and multitasking abilities, well-suited for roles requiring technical expertise and team collaboration.",African_American,Male,Hakim,Williams,Republican,1,Yes
6,INFORMATION-TECHNOLOGY,"Ebony Jackson is an experienced IT professional with extensive expertise in IT auditing, security administration, and systems analysis, primarily focusing on PeopleSoft, Oracle, and related enterprise applications. She has over 20 years of experience in roles such as IT Auditor, PeopleSoft Security Administrator, and Application Systems Analyst, demonstrating strong skills in security management, compliance (SOX, FERC, NERC), risk assessment, and process re-engineering. Ebony is proficient in tools like PeopleSoft, SQL Developer, TOAD, SharePoint, Remedy, and Oracle Enterprise Manager. She holds a B.B.A. in Management Information Systems from the University of Houston and is a Certified Information Systems Auditor (CISA). Her background includes leading security reviews, supporting system upgrades, managing user access, and collaborating with auditors and stakeholders to ensure compliance and operational efficiency. Ebony’s leadership in security and audit processes, combined with her technical expertise, makes her a valuable candidate for senior IT security, audit, or systems management roles.",African_American,Female,Ebony,Jackson,Democratic,1,Yes
7,INFORMATION-TECHNOLOGY,"Allison Kelly is an experienced IT professional seeking a Director of IT position. She has extensive expertise in networking, security, systems administration, and vendor management. Currently, she serves as the Director of IT, managing over 60 local and 150 remote users, reducing IT costs by over 45%, and implementing cost-saving network and phone system upgrades. Her previous roles include Network Engineer/IT Manager and Network Administrator, where she managed large-scale networks, security solutions, and Cisco UC systems across multiple sites. Allison holds a B.S. in Computer Networking Systems and is Cisco CCNA certified. Her skills encompass network infrastructure, security, hardware/software troubleshooting, project management, and vendor relations, making her well-equipped for senior IT leadership roles.",White,Female,Allison,Kelly,Democratic,1,Yes
8,INFORMATION-TECHNOLOGY,"Tamika Robinson is an experienced Information Security Leader with over 5 years of IT and security expertise. She specializes in governance, risk management, compliance (notably SOX), and enterprise security architecture. Tamika has a strong track record of managing security initiatives, optimizing business processes, and leading cross-functional teams. Her technical skills include Active Directory, vulnerability assessment platforms (Rapid7), firewalls, IDS/IPS, encryption, and network security. She has hands-on experience with project management, vendor negotiations, and implementing security policies. Tamika is adept at mentoring staff, fostering interdepartmental collaboration, and driving cost-saving initiatives. Her educational background includes degrees in Business Administration, Information Technology, and Network Security, along with CompTIA certifications. She has worked in roles supporting enterprise security, compliance, and IT operations, notably at SolarCity, where she managed security projects and governance programs.",African_American,Female,Tamika,Robinson,Republican,1,Yes
9,INFORMATION-TECHNOLOGY,"Tanisha Jones is an experienced Information Technology Specialist and Project Engineer with a strong background in managing complex data networks, telecommunications systems, and infrastructure projects, primarily within the U.S. Army and defense sectors. She has over a decade of leadership in project management, system integration, and technical oversight, including managing multi-million dollar projects such as the $25 million C4 infrastructure for JSOC and the $19 million Army BRAC relocations. Her expertise includes network design, system testing, contract management, and coordination with military and government stakeholders. Tanisha holds a BS in Information Technology with a 3.67 GPA and multiple associate degrees with high honors. Her skills encompass LAN/WAN, system design, engineering support, procurement, QA/QC, and technical documentation, making her a highly qualified candidate for roles requiring technical leadership and project management in IT and defense environments.",African_American,Female,Tanisha,Jones,Democratic,1,Yes
10,INFORMATION-TECHNOLOGY,"Rasheed Jones is an experienced IT professional with over 20 years of expertise in network and systems administration, technical support, and technology implementation. He has managed large budgets and supported diverse environments, including corporate, broadcast, and branch office networks. His skills include Windows Server (2008 R2, 2003, 2000), Active Directory, SQL databases, firewall/security management, VPNs, and virtualization. Rasheed has extensive experience with server and desktop backup solutions, enterprise applications (Microsoft Exchange, DFS, DHCP, DNS), and multimedia editing systems (Final Cut, Adobe, Cinema 4D). He has led hardware/software upgrades, network security, and new technology deployment. His educational background includes a BS in Computer System Engineering and certifications in LAN Network Administration. Rasheed is proficient in a wide range of tools and technologies relevant to enterprise IT and broadcast environments.",African_American,Male,Rasheed,Jones,Democratic,1,Yes
11,INFORMATION-TECHNOLOGY,"Geoffrey Ryan is a highly experienced Senior Project Manager with over 25 years of expertise across healthcare, government, private sector, and aerospace/defense industries. He has a strong track record in leading large-scale, complex projects such as implementing a $50 million Cerner Electronic Health Record system, managing healthcare IT infrastructure, and overseeing multi-departmental government systems. Currently, he serves as Director of Information Technology, responsible for technology delivery across multiple healthcare facilities and leading the agency’s Project Leadership Academy. His previous roles include senior project management, system architecture, and consulting, with notable projects in healthcare, land management, public safety, telecommunications, and CRM systems. He has extensive experience mentoring project managers, implementing ITIL and ServiceNow, and developing strategic technology plans. Geoffrey holds an MBA from Pepperdine University and a BS in Biology and Computer Science from Loyola Marymount University. His skills encompass project management, IT systems, healthcare informatics, public safety systems, network infrastructure, and leadership.",White,Male,Geoffrey,Ryan,Republican,1,Yes
12,INFORMATION-TECHNOLOGY,"Rasheed Williams is an experienced IT professional with over 10 years of leadership in managing computer support, system administration, and application development within educational and organizational settings. He holds a Master’s in Management Information Systems and a Bachelor’s in Information and Decision Sciences. His expertise includes IT governance, project management, database design (SQL, Oracle, PL/SQL), web development (HTML, ASP.NET, Dreamweaver), and system administration (Windows Server, Active Directory). Rasheed has a proven track record in overseeing help desk operations, implementing infrastructure upgrades, developing custom applications, and ensuring data security. He has strong communication, leadership, and strategic planning skills, with extensive experience in report writing, requirements gathering, and disaster recovery. Currently an IT Manager, he is seeking to leverage his technical and managerial skills in a leading technology company.",African_American,Male,Rasheed,Williams,Republican,1,Yes
13,INFORMATION-TECHNOLOGY,"Todd Ryan is a highly experienced IT professional with over 10 years of management expertise in Business Intelligence, systems architecture, and project leadership. He has a proven track record of redesigning and streamlining BI programs, reducing costs by $30,000 annually, and modernizing web and reporting platforms using SharePoint, SAP Business Objects, and SAP BW. Todd excels in personnel management, both onshore and offshore, and has led large-scale projects including website overhauls, database upgrades, and system implementations within scope, budget, and timeline. His technical skills encompass BI, data analysis, databases (Oracle, MS SQL), ERP, CRM, SharePoint, and reporting tools. Todd holds a BA in Management from Western Governor's University and has active involvement in professional and community organizations.",White,Male,Todd,Ryan,Republican,1,Yes
14,INFORMATION-TECHNOLOGY,"Brad O’Brien is an experienced IT professional with over 15 years of management and technical support expertise. He specializes in server platform installation, migration, and implementation, with strong skills in network infrastructure, hardware/software upgrades, and risk mitigation. Brad has a proven track record in strategic planning, budgeting, and project management, including cost-saving initiatives like migrating to VOIP and Hyper-V virtualization. His leadership experience includes managing IT teams, maintaining PCI DSS compliance, and overseeing technology documentation and contracts. Brad holds a Bachelor’s in Information Systems, is a Microsoft Certified Professional, and has a background in computer manufacturing and quality assurance. Key accomplishments include achieving PCI certification and significant cost reductions through technology upgrades.",White,Male,Brad,O’Brien,Republican,1,Yes
15,INFORMATION-TECHNOLOGY,"Latonya Washington is an experienced Network Administrator with a strong background in installing, supporting, and managing multi-site networks. She has over 10 years of expertise in network infrastructure, security, and systems administration, including supporting mission-critical environments. Her skills include remote access support, network troubleshooting, security, VPN, LAN/WAN, data backup, and performance testing. She has held roles such as IT Specialist and Computer Systems Administrator, where she managed network performance, security, hardware deployment, and user support. Latonya holds a B.S. in Computer Information Systems, along with certifications like CompTIA A+ and Security+. She possesses a Top Secret Security Clearance and has demonstrated success in network upgrades, security vulnerability mitigation, and technical support for large user bases.",African_American,Female,Latonya,Washington,Democratic,1,Yes
16,INFORMATION-TECHNOLOGY,"Ebony Jackson is a highly experienced, results-driven IT and higher education leader with over 30 years of expertise in managing complex technology operations, strategic planning, team leadership, and vendor negotiations. Currently serving as Director of Information Technology for the Port of New Orleans since 2008, she oversees the port’s IT infrastructure, including data processing, cybersecurity, telecommunications, and port-specific technology projects. She has a strong background in developing policies, managing budgets, and implementing innovative technology solutions for port operations and maritime industries. Previously, she was Associate Vice President for IT and Telecommunications at a university, where she led a team of 22, managed large grants, and expanded telecommunications and computer resources. She holds a Ph.D. in Coastal Oceanography, an M.S. in Computer Science, and a B.S. in Mathematics. Certified as a Microsoft Systems Engineer and fiber optic installer, Ebony has extensive experience in strategic planning, system integration, and infrastructure development. She is actively involved in professional organizations and community service, with numerous awards and fellowships recognizing her leadership and technical expertise.",African_American,Female,Ebony,Jackson,Democratic,1,Yes
17,INFORMATION-TECHNOLOGY,"Sarah Baker is an experienced IT professional with over 10 years of support and technical operations, primarily within the federal government and private sectors. She holds an active Top Secret/SCI security clearance and certifications including Cisco Network Associate, Security+, and Microsoft SharePoint 2010 training. Her expertise encompasses network operations, system analysis, security, and strategic planning.

Key Highlights:
- Extensive experience in system analysis, network management, security, and IT support.
- Proven ability to manage complex systems, troubleshoot technical issues, and implement security measures.
- Skilled in hardware/software installation, network configuration, and asset management.
- Strong background in contract management, project coordination, and policy development.
- Recognized for leadership, with awards such as Non-Commission Officer of the Month and military honors.

Professional Experience:
- Served as an IT Specialist/System Analyst supporting Army systems, managing network availability, security, and asset tracking.
- Managed migration projects, security assessments, and provided desktop and network support.
- Previously worked as a Network Administrator and Signal Support Specialist, supporting enterprise networks, telecommunications, and military operations.
- Early career included data entry, medical records management, and aviation operations.

Education:
- Master of Science in Information Management Technology (Grantham University, 2017)
- Bachelor of Business Administration in Management (St. Leo University, 2015)
- Associate of Arts in Liberal Arts (St. Leo University, 2013)

Skills:
- Network security, Active Directory, Cisco routing and switching, Windows OS, system security, troubleshooting, asset management, contract management, and technical support.
- Proficient in various software and tools including Remedy, Lotus Notes, Microsoft Outlook, UNX, and more.

Sarah is seeking a permanent position in a growth-oriented organization where she can leverage her technical expertise, leadership skills, and security clearance to contribute effectively.",White,Female,Sarah,Baker,Democratic,1,Yes
18,INFORMATION-TECHNOLOGY,"Matthew O’Brien is a highly experienced Paralegal with over 5 years of legal research, case preparation, and court experience. He possesses strong skills in legal documentation, reporting, and client communication, with proficiency in LexisNexis, Westlaw, and other legal research tools. His background includes roles in legal administration, IT coordination, and executive support, demonstrating versatility and organizational expertise. He holds a Paralegal Certificate from the American Bar Association, a B.S. in Computer Information Systems with a focus on InfoSec, and certifications in Computer Forensics. Matthew is a member of several legal associations and has technical certifications in computer forensics and Cisco networking. His core strengths include legal support, research, project management, IT support, and excellent communication skills, making him a well-rounded candidate for legal and administrative roles.",White,Male,Matthew,O’Brien,Republican,1,No
19,INFORMATION-TECHNOLOGY,"Tanisha Jones is a highly experienced IT executive with over 20 years of leadership in technology management, project management, and business analysis. Currently serving as Director of Information Technology, she oversees software development, infrastructure projects, vendor relationships, and a team of 7 IT professionals supporting 675 employees across Florida. Her key achievements include leading a companywide Windows 7 and Office 2010 upgrade, standardizing software and hardware, reducing IT costs by $300K annually, implementing a $1.5M ERP system, and designing a hybrid IP telecom system saving $160K yearly.

Previously, she managed IT operations for a firm with 350 users, focusing on strategic planning, security, and infrastructure improvements such as IP telephony and server virtualization. Her early career involved project management and systems analysis, including OS migrations and network standardization.

Educational credentials include a B.S. in Industrial Psychology from the University of Santo Tomas, an Associate Degree in Computer Science from Baruch College, and Cisco Certified Engineer certification. She has also completed professional development in leadership, project management, change management, and network design.

Core skills encompass IT strategy, infrastructure design, ERP implementation, team leadership, change management, vendor evaluation, and technical support. Tanisha is a results-driven leader with a proven track record of optimizing IT operations, reducing costs, and deploying enterprise-wide technology solutions.",African_American,Female,Tanisha,Jones,Democratic,1,Yes
20,INFORMATION-TECHNOLOGY,"Laurie McCarthy is an experienced IT professional with over 15 years of expertise in network administration, server management, and technical support. She has a strong background in managing Windows Server environments (2000-2016), Active Directory, Exchange 2010, and virtualization with Hyper-V and vSphere. Laurie is skilled in scripting (PowerShell, VBScript), SAN management, network security, and troubleshooting complex technical issues. Her work includes installing and maintaining servers, SANs, and network infrastructure, managing group policies, and supporting various enterprise software and security systems. She has experience in GIS implementation, user account management, and providing high-level technical support and training. Laurie holds relevant coursework in computer science and has completed specialized training in Exchange, EMC Networker, ArcGIS, and Windows Server.",White,Female,Laurie,McCarthy,Democratic,1,Yes
21,INFORMATION-TECHNOLOGY,"Aisha Robinson is an experienced IT professional with over 19 years of expertise in desktop support, hardware/software management, and technical troubleshooting. She has strong skills in Microsoft OS, network support, Citrix, and HP products, with a focus on project coordination, technical support, and IT operations. Her background includes extensive customer service and team collaboration, supported by certifications such as Security+, MCSE, CNA, and CompTIA A+. She has a proven track record of delivering timely, accurate support and implementing effective IT solutions. Her experience is complemented by positive professional recommendations highlighting her dedication, technical proficiency, and excellent interpersonal skills.",African_American,Female,Aisha,Robinson,Republican,1,Yes
22,INFORMATION-TECHNOLOGY,"Jamal Washington is a results-driven IT executive with over 18 years of experience, including 8 years in leadership roles. He specializes in developing IT strategies aligned with business goals, optimizing infrastructure, and leading high-performing teams. Key achievements include implementing cost-saving systems (e.g., phone and quoting systems), enhancing communication and productivity, and reducing downtime through disaster recovery planning. He has extensive expertise in IT governance, systems integration, vendor negotiations, and security compliance (HIPAA). Jamal has successfully managed large projects that increased revenue and operational efficiency, saving millions annually. His professional background includes senior roles such as Director of IT and IT Manager, with a strong focus on strategic planning, team mentorship, and process improvement. He holds a BS in Management and an Information Systems degree from Park University, and has military experience as an Electronics Technician.",African_American,Male,Jamal,Washington,Republican,1,Yes
23,INFORMATION-TECHNOLOGY,"Brendan Kelly is an aspiring Entry-Level IT Management professional with a background in Information and Technology Management and American Sign Language. He has hands-on experience in IT support, database management, and educational assistance, including developing web interfaces and maintaining classroom technology systems. Brendan is fluent in ASL and English, proficient in Microsoft Office tools, and has demonstrated strong communication, problem-solving, and customer service skills. He has participated in relevant workshops, earned academic honors, and held leadership roles in student organizations. Brendan seeks to leverage his technical skills and educational background to contribute effectively to an organization’s operations and growth.",White,Male,Brendan,Kelly,Democratic,1,Yes
24,INFORMATION-TECHNOLOGY,"Kenya Jackson is an experienced IT professional with a Master of Science in Leadership and Information Systems Management, complemented by certifications including MCP, CompTIA Network+, and A+. She has over 10 years of leadership as an IT Manager at a bankruptcy trustee office, overseeing systems, infrastructure, disaster recovery, and vendor relations, with notable achievements in network enhancements, automation, and cost savings. Prior to that, she spent nearly 25 years as a Network Analyst at a global manufacturing company, significantly improving LAN performance, supporting extensive network infrastructure, and leading wireless and system deployment projects. Her expertise includes network engineering, helpdesk support, disaster recovery, project management, policy development, and hardware/software management. She is skilled in a wide range of technologies, operating systems, and peripherals, with a strong focus on process improvement, team building, and strategic planning.",African_American,Female,Kenya,Jackson,Republican,1,Yes
25,INFORMATION-TECHNOLOGY,"Jermaine Robinson is an experienced IT professional with over 14 years of expertise in desktop support, network administration, and systems management, including extensive work supporting U.S. Senate end-users. He has a strong background in implementing and maintaining complex IT infrastructures, troubleshooting, security, disaster recovery, and staff training. Jermaine holds advanced degrees in Cyber Security, Computer Information Systems Management, and National Security Studies, along with certifications such as CCIP, A+, Network+, and Security+. He has leadership experience managing large-scale technology projects, supporting cross-platform environments, and developing policies. Fluent in Arabic, he is also actively involved in professional security and national security organizations.",African_American,Male,Jermaine,Robinson,Democratic,1,Yes
26,INFORMATION-TECHNOLOGY,"Leroy Jones is an experienced IT professional with a strong background in application development, database management, network support, and leadership. He holds an MBA in Management Information Systems and a BA in Economics. Leroy has over 20 years of diverse experience, including roles such as Director of IT, Team Leader, CIO, and Applications Development Director.

Key Skills:
- Programming & Development: C#, ASP.NET, VB.NET, Natural, SQL, PL/SQL, ADO.NET
- Database Management: Oracle SQL, SQL Server, Database Design & Administration
- Business Intelligence & Data Analysis: Tableau, Business Workflow Analysis
- Network & System Support: Novell Zen, Banyan, Help Desk, Network Administration
- Project & Team Leadership: Managed multiple teams, led system migrations, and application modernization
- Tools & Platforms: SharePoint, TFS, IIS, XML, Agile methodologies

Professional Highlights:
- As Director of IT at MSBA, led application and network support, modernized infrastructure, and implemented business intelligence solutions.
- Managed clinical and research programming teams for cardiovascular applications, including legacy system replacements.
- Served as CIO for Massachusetts Department of Mental Retardation, overseeing statewide network and application support.
- Led major projects such as converting mainframe systems to web-based applications and upgrading network environments.

Leroy is passionate about applying technology solutions to solve business challenges, supporting organizational goals through strategic planning, development, and leadership.",African_American,Male,Leroy,Jones,Republican,1,Yes
27,INFORMATION-TECHNOLOGY,"Brett Ryan is a performance-driven IT executive with extensive experience in building, managing, and transforming technology organizations to serve as strategic business partners. Currently serving as Vice President of Information Technology at a major United Way, he oversees infrastructure, business intelligence, and CRM systems, managing a $1M budget and leading a team of six. Brett has a proven track record of implementing cost-saving initiatives, disaster recovery plans, and infrastructure upgrades, ensuring high availability and compliance with regulations like SOX and HIPAA. His prior roles include Director of IT Infrastructure, Manager of Windows Operations, and Network Support Manager, with a strong background in project delivery, vendor management, and team leadership across multiple facilities. He holds an MBA from the University of Massachusetts and a B.S. in Real Estate from Arizona State University. Certified in MCSE, MCSA, CCNA, and Citrix, Brett possesses advanced skills in cloud computing, enterprise platforms, security, virtualization, and network infrastructure.",White,Male,Brett,Ryan,Democratic,1,Yes
28,INFORMATION-TECHNOLOGY,"Ebony Jones is a seasoned IT leader with over 15 years of experience in senior management, consulting, and strategic vendor management. She has a strong track record in vendor selection, contract negotiations, and cost savings, having saved millions through sourcing partnerships. Ebony has led global sourcing initiatives, managed complex IT projects, and improved system performance for major organizations, including a large entertainment company and a manufacturer of vitamins and supplements. She holds an MBA and certifications in ITIL, Pega, and Project Management. Her expertise includes cloud computing, enterprise applications (Oracle EBS), business relationship management, and executive-level technical presentations. Ebony is skilled in vendor negotiations, contract management, project delivery, and operational improvements, making her a valuable asset for leadership roles in IT strategy and vendor management.",African_American,Female,Ebony,Jones,Democratic,1,Yes
29,INFORMATION-TECHNOLOGY,"Carrie Ryan is a dedicated customer service professional with over 10 years of experience in client relations, technical support, and team leadership. She has a strong background in troubleshooting, IT support, and military maintenance, complemented by a Bachelor's degree in Business Management with Distinction from DeVry University. Carrie possesses excellent communication, problem-solving, and organizational skills, with proficiency in Microsoft Office, Remedy, IBM ticketing, and Windows 7. Her work history includes roles as a Windows Support Desk Technician, IT Specialist, Maintenance Supervisor, and Infantry Team Leader. She is a U.S. military veteran with honorable discharges, holds a inactive Secret security clearance, and is eligible for various veteran hiring preferences. Carrie is adaptable, dependable, and experienced in fast-paced environments, making her a valuable candidate for customer service, technical support, or management roles.",White,Female,Carrie,Ryan,Democratic,1,No
30,INFORMATION-TECHNOLOGY,"Laurie Kelly is an experienced Director of Information Technology and Network Engineer with a strong background in IT management, system implementation, and network infrastructure. She holds multiple certifications including Microsoft Certified Professional, Comp-TA A+ Certified, and Microsoft SQL and Navision certifications. Laurie has extensive expertise in operating systems, server support, database management, ERP systems, network security, and content management platforms.

Her work history spans over two decades, currently serving as an IT Coordinator since 2000, where she has led major projects such as a $300,000 Navision ERP system implementation, website redesigns, and disaster recovery planning. She has a proven track record of improving business processes, managing vendor relationships, and supporting remote staff. Laurie is skilled in hardware/software installation, network design, security, and employee training.

Educationally, she holds a Bachelor of Arts in Business Management from Curry College. Recognized for her leadership and technical skills, Laurie has received multiple awards including Administrators of the Year, Employee of the Month, and national achievement honors. She is highly proficient in a wide range of IT tools, systems, and protocols, making her a valuable asset for organizations seeking a seasoned IT professional.",White,Female,Laurie,Kelly,Democratic,1,Yes
31,INFORMATION-TECHNOLOGY,"Tremayne Washington is a recent IT graduate with extensive experience in technical support, hardware and software management, and team leadership. Currently an IT Specialist since 2019, he has coordinated Microsoft software installations, maintained system updates, provided on-site support, trained new staff, and mentored colleagues. His skills include hardware updates, software patches, permissions management, operating systems, and process improvement. Additionally, he has leadership experience as a Shift Leader, managing daily operations, inventory, and safety procedures. Tremayne holds a GED and an IT certification from Unitek College. He is seeking to leverage his technical expertise and problem-solving skills into a database administrator role within a progressive organization.",African_American,Male,Tremayne,Washington,Democratic,1,Yes
32,INFORMATION-TECHNOLOGY,"Allison Murphy is an experienced IT educator and professional with a strong background in computer science, personnel development, and technology support. She has been an adjunct IT instructor since 2014, teaching programming languages such as Python, C#, and Visual Basic, and actively participates in advisory committees to enhance IT programs. She also serves as a high school IT instructor and technology coordinator, delivering courses on certifications, web design, programming, and supporting school technology infrastructure, including LMS and mobile app development. 

Her previous experience includes working as a Geek Squad Agent, where she configured networks and hardware, and trained staff. Allison holds a Master of Science in Computer Information Systems with a focus on Project Management and Data Analysis, a Master of Arts in Education with an emphasis on Educational Technology, and a Bachelor of Science in Middle School Education. She holds multiple IT certifications from CompTIA and Microsoft, and possesses skills in Google and Microsoft tools, project management, and educational technology integration. Recognized with the Kentucky Colonel Award and Cum Laude honors, she is dedicated to leveraging her technical and educational expertise to support technology projects and personnel development.",White,Female,Allison,Murphy,Republican,1,Yes
33,INFORMATION-TECHNOLOGY,"Jay O’Brien is a highly experienced Director of Information Technology with a strong track record of leading IT operations across multiple industries, including education and healthcare. He specializes in network management, ERP and CRM implementations, cloud technologies, and enterprise systems. Notable achievements include saving over $10 million through cloud migration, successfully implementing student information and CRM systems on time and under budget, and increasing system availability to 99.999%. Jay has managed IT across multiple campuses, restructured teams to reduce costs, and driven process improvements using visualization tools. He has extensive experience in project management, vendor negotiations, staff development, and cloud migration strategies. His educational background includes a Business Administration degree from Walden University and a B.S. in Information and Business Systems Technology from the University of Essex. Skilled in ERP, LMS, manufacturing, CRM, cloud platforms, and network infrastructure, Jay is a results-oriented leader with a proven ability to optimize business technology functions and build cohesive, high-performing teams.",White,Male,Jay,O’Brien,Democratic,1,Yes
34,INFORMATION-TECHNOLOGY,"Keisha Jones is an experienced Director/Manager in Information Technology with over 20 years of expertise in network operations, security, and systems management. She has a strong background in overseeing IT infrastructure for a multi-location commercial real estate firm, including planning, budgeting, and implementing technical systems, disaster recovery, and cybersecurity measures. Keisha is proficient in various operating systems, networking, virtualization, storage, and security tools. Her leadership includes managing teams, negotiating contracts, and ensuring regulatory compliance (SOX, PCI). She has extensive experience in project management, system upgrades, and infrastructure redundancy. Keisha holds a BS in Accounting from Baruch College and possesses a broad skill set encompassing network administration, security, hardware troubleshooting, and vendor management.",African_American,Female,Keisha,Jones,Republican,1,Yes
35,INFORMATION-TECHNOLOGY,"Laurie Kelly is a multilingual business professional with a strong background in business management, healthcare, and IT. She holds an MBA in Business Administration and Management from Metropolitan State University and a Bachelor's in Information Management from National Taipei University of Nursing and Health Science. Her skills include proficiency in multiple languages (Chinese, English, Japanese), and technical expertise in Microsoft Office, SQL, Adobe Suite, programming languages, CRM, ERP, and e-commerce systems. 

Her experience encompasses IT internships in healthcare settings, business analysis for tourism promotion, and leadership as a CEO where she expanded business operations and successfully launched products. She has also volunteered in youth education programs. Laurie aims for a business analyst role, leveraging her analytical skills, technical knowledge, and international experience.",White,Female,Laurie,Kelly,Democratic,1,Yes
36,INFORMATION-TECHNOLOGY,"Jay Murphy is a highly experienced Systems Administrator and Engineer with a strong background in IT infrastructure, system troubleshooting, and network management. He holds a Bachelor’s degree in Computer Engineering Technology and is Security+ CE and TS/SCI w Poly cleared. Over his career, he has demonstrated expertise in UNIX/Linux systems, application servers, database management, and system diagnostics, with a proven track record of improving system efficiency and customer satisfaction. His skills include system debugging, performance monitoring, hardware troubleshooting, and technical documentation. Jay has received recognition such as Tech of the Quarter and has extensive experience supporting complex IT environments, making him a valuable candidate for roles in systems administration and IT infrastructure management.",White,Male,Jay,Murphy,Republican,1,Yes
37,INFORMATION-TECHNOLOGY,"Lakisha Jones is a highly experienced IT professional with over 10 years of support and technical expertise. She specializes in hardware and software installation, system optimization, network administration, cybersecurity, and quality control. Lakisha has a strong background in troubleshooting, system upgrades, and technical support for diverse devices including PCs, servers, network equipment, and Apple products. She has held roles such as IT Specialist, Quality Control Inspector, Network Analyst, and Quality Control Manager, demonstrating leadership, problem-solving, and project management skills. Her education includes an Associate of Science in Science Technology, FAA Aircraft Dispatcher License, and certifications in cybersecurity, system administration, and technical support from reputable institutions like Google and the University of Colorado. She is passionate about leveraging technology to improve organizational performance and is seeking new opportunities to apply her technical aptitude, analytical skills, and collaborative approach.",African_American,Female,Lakisha,Jones,Republican,1,Yes
38,INFORMATION-TECHNOLOGY,"Tyrone Jones is an experienced Information Technology Specialist with a focus on Cyber Network Defense and Information Assurance. He has over five years of professional experience, including project management, network troubleshooting, and user support. His technical skills encompass Cisco routers, TCP/IP configuration, Active Directory, and various software applications such as Microsoft Office, Remedy, and Avaya. Tyrone has worked in federal security environments, providing VIP protection and security awareness, and has supported military and foreign nationals with IT training and troubleshooting. Fluent in Dari, Dutch, and Russian, he is well-equipped for roles requiring technical expertise and multilingual communication.",African_American,Male,Tyrone,Jones,Republican,1,Yes
39,INFORMATION-TECHNOLOGY,"Sarah McCarthy is an aspiring early childhood educator with a background in IT and engineering. She has completed coursework in Early Childhood Education and is pursuing an associate degree in the field, focusing on children aged 3-5 and those with special needs. Her experience includes volunteering in classrooms, organizing school events, and working as an IT analyst, software engineer, and project engineer. Sarah emphasizes creating nurturing, inclusive, and engaging learning environments that promote exploration, creativity, and social-emotional development. She has developed curriculum plans involving hands-on activities, outdoor play, and safety education, aligned with preschool standards. Sarah is also working on First Aid and CPR certifications. Her skills include art, classroom organization, conflict resolution, and documentation. She is dedicated, compassionate, and eager to grow her teaching expertise to support children's potential and well-being.",White,Female,Sarah,McCarthy,Democratic,1,No
40,INFORMATION-TECHNOLOGY,"Todd Walsh is an experienced IT and administrative professional with a strong background in network setup, computer repair, legal document management, and office administration. He holds a B.S. in Business Finance from Towson University and is a Microsoft Certified Systems Engineer. Todd has over 20 years of experience in roles including IT Coordinator, Funding & Settlement Coordinator, Office Administrator, and Student Operations Specialist. His technical skills include proficiency with Microsoft Office Suite, CRM, SQL, network troubleshooting, hardware upgrades, and legal document software. He has a proven track record of improving operational efficiency, managing client relationships, and supporting legal and financial processes. Todd is also a Maryland Notary Public.",White,Male,Todd,Walsh,Democratic,1,Yes
41,INFORMATION-TECHNOLOGY,"Meredith O’Brien is an experienced IT Specialist with over a decade of federal and military service, specializing in systems administration, network support, and cybersecurity. She has managed large-scale IT infrastructures, including over 800 workstations and complex network environments, and has extensive experience with Active Directory, Microsoft Exchange, SharePoint, and various operating systems (Windows XP, Vista, 7, Server 2003). Meredith holds multiple certifications including CompTIA A+, Network+, Security+, and Microsoft Certified IT Professional (MCITP). She has a Master’s degree in Information Systems from Texas A&M University Central Texas and a Bachelor’s in Computer Information Systems from Saint Leo University. Her military background includes leadership roles such as First Sergeant, with awards like the Bronze Star Medal and Legion of Merit, demonstrating her leadership, discipline, and dedication. Fluent in Spanish, she is skilled in troubleshooting, system security, database management, and user support, making her a strong candidate for advanced IT roles in government or corporate sectors.",White,Female,Meredith,O’Brien,Democratic,1,Yes
42,INFORMATION-TECHNOLOGY,"Tremayne Robinson is an experienced IT professional with a strong background in network management, security, systems support, and project management. His expertise includes supporting Windows and server platforms, hardware installation, network troubleshooting, and security protocols. He has extensive experience with network management tools such as HP NNMi, BSM, and Cisco devices, as well as certifications in Brocade, Cisco, Juniper, and security (Security+). Tremayne has worked on large-scale projects supporting Navy and Marine Corps networks, deploying and certifying solutions, and managing network infrastructure. His skills encompass system deployment, troubleshooting, documentation, and customer support. He holds multiple industry certifications including MCSE, CCNA, Security+, and Brocade certifications. Known for professionalism, analytical problem-solving, and teamwork, Tremayne is seeking a challenging IT role to utilize his technical expertise and contribute to organizational efficiency.",African_American,Male,Tremayne,Robinson,Democratic,1,Yes
43,INFORMATION-TECHNOLOGY,"Tanisha Jackson is a Security+ Certified IT professional with extensive experience in network security, systems support, and telecommunications within military and government environments. She has a strong background in managing classified and unclassified systems, implementing security measures, and supporting high-visibility operations. Her technical expertise includes TCP/IP, firewalls, VPNs, VOIP, Cisco, and fiber optics, along with proficiency in Windows 7 deployment, Active Directory, and disaster recovery. She has held roles such as IT Specialist, Cable Installer, and Network Operator, supporting critical military communications and infrastructure in Germany and Africa. Tanisha demonstrates leadership, training, and documentation skills, with multiple awards for performance. She holds an Associate of Arts in Business Administration and various technical certifications, including CompTIA Security+. Her background includes managing multi-million dollar equipment, supporting senior staff, and ensuring operational security and continuity in demanding environments.",African_American,Female,Tanisha,Jackson,Republican,1,Yes
44,INFORMATION-TECHNOLOGY,"Tyrone Washington is a retired Information Assurance Systems Security Certification Specialist with extensive experience in managing and monitoring network security for the U.S. Army Medical Command and Defense Health Agency. He has a strong background in information systems security, network defense, and cyber incident response, working closely with Army Cyber Command and RCERT. Tyrone also has experience in administrative roles, including clerical and secretarial duties, with proven skills in organization, customer service, and dispute resolution. He holds an Associate of Science in Business Administration and possesses key skills such as attention to detail, problem-solving, and the ability to work under pressure.",African_American,Male,Tyrone,Washington,Republican,1,No
45,INFORMATION-TECHNOLOGY,"Brett Murray is an experienced IT professional with over 15 years as an Information Technology Director at a major law firm in Central Pennsylvania. He has led large-scale technology operations, managing a team of seven IT staff, and overseeing the deployment, upgrade, and maintenance of numerous business-critical systems. His expertise includes network infrastructure, VOIP, data security, disaster recovery, vendor negotiations, and project management. Brett has a strong background in strategic planning, cost savings, and implementing innovative mobile and digital solutions to enhance operational efficiency. He holds an Associate’s Degree in Computer Information Systems and Business Administration, an MBA in Leadership, and various technical certifications. A former Air Force veteran, he is skilled in balancing security with ease of use, managing complex projects from inception to completion, and ensuring minimal system downtime.",White,Male,Brett,Murray,Republican,1,Yes
46,INFORMATION-TECHNOLOGY,"Allison Kelly is an experienced IT professional with over 6 years of expertise in database administration and support, specializing in Oracle, SQL Server, MySQL, and AWS cloud infrastructure. She has a strong background in database installation, configuration, migration, backup and recovery, performance tuning, high availability solutions (RAC, Data Guard), and security enhancements (TDE, auditing). Allison has managed both on-premise and cloud environments, including launching and maintaining RDS and EC2 instances, performing cross-region replication, and implementing disaster recovery strategies. She is proficient with tools such as OEM, RMAN, DataPump, Golden Gate, and various monitoring and scripting utilities. Her educational background is in Civil Engineering, complemented by extensive technical training in database management and platforms. Allison is a highly organized team player with excellent communication skills, committed to delivering quality service and solutions.",White,Female,Allison,Kelly,Republican,1,Yes
47,INFORMATION-TECHNOLOGY,"Latonya Robinson is an experienced Information Security Analyst with over 16 years of expertise in IT systems analysis, troubleshooting, management, and testing. She holds an active TS/SCI security clearance and specializes in cyber security, intrusion detection, system administration, and military cyber operations. Her technical skills include Windows, Unix, Linux, VMWare, Wireshark, Snort, TCPDump, EnCase, Bash scripting, and network configuration. 

Her work history includes roles as an IT Specialist providing electronic surveillance, digital evidence analysis, and traffic analysis against adversary tactics, as well as network security analysis and corporate security compliance. She has extensive experience in threat detection, network monitoring, and incident response for both civilian and military networks.

Educationally, Latonya holds a B.S. in Information and Computer Science with an emphasis on Network Security from Park University. She has multiple cybersecurity certifications, including Security+ and Network+, and specialized training in cyber investigation, network exploitation, monitoring techniques, computer forensics, and digital media collection from the Defense Cyber Investigation Training Academy.

Key strengths include cyber security analysis, network defense, digital forensics, and security compliance, making her a strong candidate for roles in cyber security, network security, and systems analysis.",African_American,Female,Latonya,Robinson,Democratic,1,Yes
48,INFORMATION-TECHNOLOGY,"Aisha Jones is a results-driven Database Administrator with a strong background in programming, SQL, and relational database management. She has extensive technical skills across Windows, Unix, Linux, and Mac OSX platforms, and experience with VMWare, HTTP/Apache, DNS, DHCP, FTP, and network protocols. Her accomplishments include customer service, data preparation, application design, and infrastructure management. She has worked independently and in teams on projects such as VPN, RDMS, and IT proposals. Her previous roles include a foreclosure processor paralegal, where she handled compliance, document management, and legal support, and an ESL instructor. Aisha holds a BA in English from San Diego State University and possesses proficiency in Microsoft Office, SQL Server, VBA, and Visual Studio.",African_American,Female,Aisha,Jones,Republican,1,Yes
49,INFORMATION-TECHNOLOGY,"Aisha Jackson is an accomplished IT executive with over 25 years of experience in technology management, operations, and strategic planning. She served as Director of Information Technology for the City of Greensboro from 2000 to 2014, leading divisions such as Application Services, GIS, Network Services, and Public Safety IT. Her key achievements include saving $400K annually through VoIP implementation, developing a city-wide fiber optic network, and maintaining high customer satisfaction with 98% uptime. She has expertise in project management, network infrastructure, virtualization, and business continuity.

Prior roles include Network Services Manager and Data Communications Analyst, where she managed large-scale technology deployments, system upgrades, and communication infrastructure projects. Aisha holds a B.S. in Electronics from North Carolina A&T State University and a Certified CIO credential from UNC-Chapel Hill. She is actively involved in professional associations such as NCLGISA and SEATOA, and has served on various boards.

Her skills encompass leadership, client-server systems, network management, project leadership, and customer service, making her a strong candidate for senior IT leadership roles.",African_American,Female,Aisha,Jackson,Democratic,1,Yes
50,INFORMATION-TECHNOLOGY,"Latonya Robinson is a seasoned IT professional with 13 years of leadership experience, specializing in infrastructure, application support, and cybersecurity. She has a strong track record of managing IT operations, developing technical solutions, and leading complex projects. Her skills include project management, business intelligence, change management, data migration, cybersecurity, and CRM systems like Salesforce. Latonya is adept at stakeholder engagement, staff training, and implementing emerging technologies such as AI and digital tools.

Her work history features roles such as Director of IT, where she manages budgets and oversees network design, and Senior IT Program Manager, where she led multiple projects including Salesforce data migration, process re-engineering, and software upgrades, achieving significant cost savings and increased sales. She also has experience in business development and product management.

Educationally, she holds a Master’s in Information Technology Management and a Bachelor’s in Business Administration. She is a certified Project Management Professional (CAPM) and a member of PMI, demonstrating her commitment to professional development.

Key strengths include leadership, strategic planning, risk assessment, and delivering innovative IT solutions aligned with organizational goals.",African_American,Female,Latonya,Robinson,Republican,1,Yes
51,INFORMATION-TECHNOLOGY,"Darnell Williams is a highly experienced project management and Agile professional with 7 years of success leading cross-functional teams in technology initiatives. He specializes in Agile methodologies, including SAFe, Scrum, Kanban, and Scrumban, with expertise in release management, risk assessment, and stakeholder communication. Darnell has a strong background in managing SCADA upgrades, transitioning risk assessment tools to web-based platforms, and supporting capital improvement projects. He holds certifications as a SAFe 4 Agilist and PMP, with educational credentials including master's degrees in International Affairs and Natural Resources from American University, and a BA in Biological Sciences from Clemson University. Fluent in Spanish, he is skilled in using Atlassian tools (JIRA, Confluence, Trello) and has a public Trust Level 4 clearance. His experience includes facilitating Agile ceremonies, developing project plans, managing budgets, and optimizing project workflows to ensure successful delivery.",African_American,Male,Darnell,Williams,Democratic,1,Yes
52,INFORMATION-TECHNOLOGY,"Brendan Walsh is a highly experienced professional with over 10 years of expertise in Chemical Engineering and Information Technology. He has a strong background in developing and supporting electronic health records, network management, software development, and data analysis. Brendan has held roles such as IT Specialist and Principal Chemical Engineer, with international experience working in Nigeria and the United States. His education includes a Master’s in Chemical Engineering from the University of Lagos and a Master’s in Computer Science and IT from the University of the District of Columbia. He is proficient in Microsoft products, database management, cybersecurity, and research. Brendan’s skills encompass problem-solving, risk analysis, technical support, and project management. He is a licensed engineer (Nigeria) and has contributed to technological innovation, safety, and process optimization. His career objectives focus on leveraging his dual expertise in Chemical Engineering and IT to contribute to organizational growth and technological advancement.",White,Male,Brendan,Walsh,Democratic,1,Yes
53,INFORMATION-TECHNOLOGY,"Tyrone Robinson is a solutions-oriented IT professional with extensive leadership experience in managing large-scale technology environments. He has over 20 years of expertise in cloud computing, network design, cybersecurity, project management, and team leadership. Currently serving as Director of Information Technology at Adsystech since 2005, Tyrone pioneered the company's first data center, implemented SaaS solutions, and deployed hybrid cloud environments, demonstrating foresight in emerging technologies. His prior roles include IT Manager for county-wide human services programs and retail operations, overseeing multi-million dollar projects, network architecture, and infrastructure. Tyrone holds a Master’s in Information Technology from CSU Fullerton and a Bachelor’s from University of Phoenix, with strong skills in strategic planning, cybersecurity, cloud environments, and client collaboration. He is adept at managing diverse teams, fostering partnerships, and communicating complex technical concepts effectively across organizational levels.",African_American,Male,Tyrone,Robinson,Democratic,1,Yes
54,INFORMATION-TECHNOLOGY,"Laurie Sullivan is a highly skilled Bio-Pharma professional with extensive experience in analytical testing, method development, validation, and validation transfer, particularly in microbiology, nanotechnology, and biochemistry. She has expertise in microbial testing, endotoxin assays, nanoparticle analysis, protein extraction, chromatography, PCR, and wet chemistry techniques. Laurie has worked on nanotechnology and THz imaging research, supporting instrument calibration and maintenance, and creating SOPs. Her background includes research in antibiotic development, soil microorganism bioprocessing, and secondary metabolite characterization. She holds a Master of Pharmacy in Biotechnology with a high GPA and a Bachelor of Pharmacy. Laurie is proficient in various analytical instruments (HPLC, GC, LC/MS, FTIR, UV-VIS), laboratory procedures, and programming tools like SAS. She has participated in multiple workshops and seminars, demonstrating ongoing professional development. Her combined technical expertise and research experience make her a strong candidate for roles in the Bio-Pharma industry.",White,Female,Laurie,Sullivan,Republican,1,No
55,INFORMATION-TECHNOLOGY,"Jamal Jones is an experienced IT and operations manager with a strong background in risk analysis, cost-effective solutions, and team leadership. He has over a decade of expertise in managing IT infrastructure, project delivery, and customer experience enhancement. Currently, he manages a team of five, oversees SaaS customer accounts across North America, Canada, and Australia, and drives KPIs through product development and support. His previous roles include IT management, infrastructure design, network administration, and consulting, with proficiency in Active Directory, SQL, VMware, disaster recovery, and enterprise platforms. Jamal holds a Master’s in Business Information Technology and a Bachelor’s in Network and Communications Management. He is skilled in project management frameworks like Waterfall and Scrum, staff development, client communication, and technical support, making him a well-rounded candidate for senior IT and operations roles.",African_American,Male,Jamal,Jones,Republican,1,Yes
56,INFORMATION-TECHNOLOGY,"Darnell Jackson is an experienced IT executive with a strong background in retail and business operations. Currently serving as Director of Information Technology since 2012, he has expertise in developing IT strategies, managing teams, vendor negotiations, and budgeting. His technical skills include VMware, Microsoft Server and Exchange, Cisco networking, and help desk management within ITIL frameworks. Past roles include IT Administrator, where he led virtualization projects, system migrations, and infrastructure management for 260 users. Darnell has certifications in VMware, ITIL, and Microsoft Server, and a Bachelor’s degree in Management Information Systems. He has demonstrated leadership in system upgrades, project management (notably dealership management system conversions and process improvements), and staff development. He seeks a high-level position in a professional business environment to leverage his technical and managerial expertise.",African_American,Male,Darnell,Jackson,Democratic,1,Yes
57,INFORMATION-TECHNOLOGY,"Matthew Murphy is a highly experienced IT management professional with 22 years of leadership in technology operations. He specializes in transforming staff into effective leaders, managing large-scale projects, and optimizing operational efficiency. His core expertise includes IT operations management, staff development, change management, and cross-functional team leadership.

Key accomplishments include leading a major migration of 13,000 Exchange mail accounts to Office 365, reducing global data centers from 23 to 3, and managing enterprise-wide systems such as Microsoft products, SQL, and disaster recovery solutions. He has extensive experience in deploying and managing cloud-based services, data center consolidation, and system deployment.

Matthew holds a B.S. in Industrial Technology and an A.A. in Business, with certifications including Microsoft Certified Professional, CompTIA A+/Network+/Security+, Novell Netware Engineer, Citrix Administrator, and Red Hat Administrator. He is active in professional groups like VMware and EMC users groups and has a strong background in network security, system troubleshooting, and infrastructure design.

His leadership style emphasizes fostering a positive company culture, cost control, and staff retention, making him a valuable candidate for senior IT management roles focused on strategic technology initiatives and operational excellence.",White,Male,Matthew,Murphy,Democratic,1,Yes
58,INFORMATION-TECHNOLOGY,"Meredith O’Brien is a highly experienced IT professional with over 12 years of expertise in technical support, systems administration, and field service. She specializes in installing, repairing, and maintaining POS systems, servers, networking equipment, and peripherals. Her skills include troubleshooting, network management, backup solutions, and customer support, with certifications from CompTIA, Microsoft, HP, and others. She has a proven track record of improving help desk efficiency, achieving high customer satisfaction, and providing tailored technical solutions. Her work history includes roles as an IT Specialist, Systems Administrator, and Field Service Technician, supporting a wide range of hardware and software environments. Meredith also has experience in retail demonstrations, sales, and training, with a strong background in digital imaging and merchandising. She holds an associate degree in Business Administration, an online certificate in Computer Information Management, and a residential energy auditor certification. Her technical proficiency spans hardware diagnostics, software support, and sales tools like Salesforce. Meredith is dedicated to continuous professional development and delivering exceptional technical and customer service.",White,Female,Meredith,O’Brien,Democratic,1,Yes
59,INFORMATION-TECHNOLOGY,"Brendan Baker is a highly experienced IT professional specializing in Software Development, Configuration Management, and Project Management. He has over 17 years of experience managing change requests, software deployment, and process improvement within CMMI Level 5 environments. Brendan is proficient in tools such as Serena Business Manager, Version Manager, SharePoint, and various scripting and programming languages including JavaScript, PL/SQL, Shell scripting, and Java. His background includes system planning, quality assurance, testing, and database management, with a strong focus on process documentation and team training. Brendan holds a Master’s in Urban Regional Planning and has extensive professional development in UNIX, Oracle, SAS, and object-oriented programming. His skills encompass configuration management, process development, software testing, and enterprise system administration, making him a results-oriented candidate for roles in software development, system analysis, and project leadership.",White,Male,Brendan,Baker,Republican,1,Yes
60,INFORMATION-TECHNOLOGY,"Ebony Robinson is an experienced IT professional with over two decades of expertise in systems and network administration, help desk support, and project management within academic and legal institutions. Currently serving as an Information Technology Administrator at UNH School of Law since 2014, she manages infrastructure hardware and software, including servers, network systems, security, and campus-wide applications, supporting a diverse user base of faculty, staff, and students. Her previous role as Associate Director of Computer Services at the same institution involved supporting multi-platform environments, leading campus network initiatives, and transitioning infrastructure from Novell to Microsoft systems. Ebony possesses extensive knowledge of various operating systems, server platforms, networking protocols, and hardware, with strong skills in system security, virtualization, and content management systems. She holds a Bachelor of Science in Exercise and Sports Sciences and has a proven track record of self-motivation, organization, and creative problem-solving in evolving technological landscapes.",African_American,Female,Ebony,Robinson,Republican,1,Yes
61,INFORMATION-TECHNOLOGY,"Allison Murphy is an experienced IT Manager with a strong background in network infrastructure, system migrations, and technology implementation. She has over 20 years of expertise in managing IT operations, vendor relationships, and leading technical projects. Her key accomplishments include overseeing major system migrations (e.g., Exchange, Windows, virtualization), managing network security, and implementing new technologies within organizations. Allison holds an Associate of Science in Business Administration and is actively involved in community activities such as coaching and serving on the board of the local football team. Her skills encompass network security, server management, virtualization, project leadership, and technical documentation, making her a highly capable candidate for senior IT roles.",White,Female,Allison,Murphy,Democratic,1,Yes
62,INFORMATION-TECHNOLOGY,"Aisha Washington is an experienced IT professional with over 20 years of expertise in network infrastructure, hardware and software support, and systems administration. She holds multiple certifications including CompTIA A+, Network+, Security+, and CCNA, along with a Microsoft Certified Systems Engineer (MCSE). Her career includes roles such as IT Specialist, Computer Technical Specialist, Senior Network Support Technician, and Junior Network Administrator, demonstrating proficiency in network setup and maintenance, troubleshooting, security, virtualization, and conferencing systems. She has extensive experience working in Windows and Mac environments, managing network devices, and supporting educational and corporate IT infrastructure. Aisha is committed to developing her skills further in Information Systems and Networking.",African_American,Female,Aisha,Washington,Republican,1,Yes
63,INFORMATION-TECHNOLOGY,"Tyrone Washington is an experienced IT professional with over 9 years of client/server development and 7+ years managing project timelines, testing, and high-level design approvals. He has a strong background in implementing enterprise-wide solutions, including employee recognition programs and workforce management systems, utilizing technologies such as Transact SQL, PL/QL, HTML, JavaScript, XML, and various database platforms (SQL Server, MySQL, Oracle). 

Currently serving as an IT Coordinator and Web Developer, Tyrone provides technical support, manages web presence, and develops online solutions for small businesses. His previous roles include Intranet Application Support, where he led system implementations, optimizations, and migrations, notably improving system productivity and stability. He has extensive experience managing offshore resources, supporting business tracking systems, and migrating databases to reduce downtime.

He holds a Bachelor's degree in Computer Information Systems from DeVry University, with academic honors. Tyrone is certified in Six Sigma Green Belt and possesses a broad skill set including database management, system development, project management, and technical support. Known for his detail-oriented, team-oriented, and self-motivated approach, he excels in delivering on-time, within-budget IT solutions that enhance operational efficiency.",African_American,Male,Tyrone,Washington,Democratic,1,Yes
64,INFORMATION-TECHNOLOGY,"Neil Murphy is a highly experienced IT professional with over 18 years of expertise in systems administration, project management, web development, and process analysis across banking, healthcare, insurance, and government sectors. He specializes in implementing technology solutions within budget and time constraints, improving efficiency through risk management and resource coordination. His core skills include project management, systems and network reporting, web design, SOP writing, and information security.

Neil is proficient with a wide range of operating systems (Windows, Mac, Unix/Linux), server and web software (MS Exchange, SharePoint, Apache, WordPress), programming languages (PHP, JavaScript, Java, C++, XML), and content management systems. He has a strong background in disaster recovery, document management, and system optimization.

His career highlights include managing complex BI/DW projects, developing and maintaining client websites, leading electronic document submissions to regulatory agencies, and training staff on new systems. Neil has held senior roles as an IT consultant and systems administrator, providing tailored solutions to clients and ensuring smooth IT operations.

He holds a Bachelor of Science in Information Technology from the University of Phoenix and has extensive experience in hardware, software, and network troubleshooting, system upgrades, and technical documentation. Neil is a versatile professional capable of managing diverse IT projects and delivering strategic technology improvements.",White,Male,Neil,Murphy,Democratic,1,Yes
65,INFORMATION-TECHNOLOGY,"Latonya Jones is a versatile Systems Administrator with extensive experience in network troubleshooting, server management, systems analysis, and security. She specializes in Active Directory, Group Policy, PowerShell, Microsoft Exchange, Office 365, Azure, VMware, storage management, backup solutions, and disaster recovery. Currently, she manages Office 365 migrations, virtual machine environments, cloud storage, and enterprise backup systems. Her background includes supporting Windows and Linux servers, virtualization, network infrastructure, and security protocols. She holds a B.S. in Information Technology, a CompTIA Network+ certification, and possesses strong skills in scripting, system configuration, and project management.",African_American,Female,Latonya,Jones,Democratic,1,Yes
66,INFORMATION-TECHNOLOGY,"Jay Murray is an experienced IT professional with over 20 years of expertise in help desk support, systems administration, network management, and user training. Currently serving as a Lead IT Support Specialist since 2016, he has demonstrated leadership in coordinating staff, developing procedures, and managing hardware/software inventories. His prior roles include support specialist, end-user support, instructional support, and database management, showcasing strong problem-solving, customer service, and technical skills.

Key skills include MS Office Suite, Active Directory, Crystal Reports, SQL, ASP.NET, HTML, Linux, UNIX, and HEAT Call Logging. He has extensive experience in software deployment, troubleshooting, training, documentation, and process automation. Jay holds a B.S. in Business Administration with a focus on Management Information Systems, along with numerous certifications such as Microsoft Office Specialist, Crystal Reports, Novell, and HEAT Administration.

Noted for his approachability, patience, and ability to handle demanding user environments, Jay excels in multi-tasking, team collaboration, and adopting new technologies. His background combines technical proficiency with strong communication and training capabilities, making him a valuable asset for organizations seeking experienced IT support and leadership.",White,Male,Jay,Murray,Democratic,1,Yes
67,INFORMATION-TECHNOLOGY,"Matthew Baker is a highly experienced project and program management professional with a strong background in healthcare IT, systems implementation, process improvement, and risk management. He has a proven track record of leading large, mission-critical initiatives in complex, political environments, utilizing agile and Lean methodologies. 

Key highlights include:
- Leadership in healthcare IT projects, including achieving eHealth Exchange Network eligibility and advancing EMR adoption.
- Extensive experience in strategic planning, governance, and stakeholder collaboration across health and human services.
- Skilled in team mentorship, project lifecycle management, and process optimization.
- Certifications in PMP, ScrumMaster, Product Owner, Lean Six Sigma Black Belt, and Health Information Management Systems.

Professional experience spans roles from IT Director to Program Administrator, with notable achievements in enhancing operational efficiency, compliance, and service delivery. Education includes advanced degrees in Guidance & Counseling and Psychology, along with specialized training in project management and agile methodologies.",White,Male,Matthew,Baker,Republican,1,Yes
68,INFORMATION-TECHNOLOGY,"Jermaine Jackson is a highly motivated IT and Cybersecurity professional with a Top Secret (SCI) clearance and extensive experience in DoD and Air Force environments. He specializes in INFOSEC/NETOPS, systems analysis, project management, and cybersecurity operations, with a strong background in logistics, security standards, and budget management. Currently serving as a Branch Chief in IT, he oversees enterprise-level programs, provides technical leadership, and collaborates with government and contractor partners. His prior roles include cyber operations planning, electronic publishing, and IT support for the Air National Guard. He holds a Master’s in Public Administration and a Bachelor’s in Psychology, with specialized training in cybersecurity and information assurance. Jermaine demonstrates excellent leadership, problem-solving, and communication skills, making him a valuable asset for organizations seeking a seasoned cybersecurity and IT management expert.",African_American,Male,Jermaine,Jackson,Republican,1,Yes
69,INFORMATION-TECHNOLOGY,"Tyrone Jones is a versatile IT Specialist with extensive experience in consulting, leadership, and technical support. He has a strong track record of designing user interactions, developing new products, and streamlining business processes through technology. His roles include Managing Member of an IT consulting firm, CTO and partner roles where he rebranded dealerships, launched eCommerce platforms, and managed IT solutions for small to medium-sized businesses. He has also managed IT teams, led cloud migration projects, and developed IT policies. Tyrone holds a BS in Print Production, Graphic Design, and Computer Science from St. John’s University. His technical skills encompass network design, cloud services, digital media, and IT support, making him a well-rounded candidate for technology-driven roles.",African_American,Male,Tyrone,Jones,Democratic,1,Yes
70,INFORMATION-TECHNOLOGY,"Meredith Kelly is an experienced IT leader with a strong background in financial services, specializing in managing mission-critical systems, infrastructure, and trading platforms. She has held senior roles including CIO and Head of Technology Infrastructure, demonstrating expertise in system migration, data center management, vendor negotiations, disaster recovery, and network security. Meredith excels in team leadership, strategic planning, and operational efficiency, with a proven track record of cost savings and system upgrades. She holds a B.S. in Computer Science from Montclair State University and possesses extensive skills in network hardware, trading systems, project management, and IT security. Her interpersonal and leadership skills enable her to effectively manage teams and complex projects in fast-paced environments.",White,Female,Meredith,Kelly,Republican,1,Yes
71,INFORMATION-TECHNOLOGY,"Brad Murphy is an experienced IT and business operations professional with expertise in help desk support, quality assurance, data analysis, and supply chain management. He has strong technical skills in Microsoft Windows, Office Suite, SAP, CRM, ERP systems, and various business and IT tools. Brad has demonstrated abilities in process improvement, project management, data reporting, and team leadership. His roles include Help Desk Specialist, Quality Assurance IT Analyst, Business Operations and Metrics Analyst, and Customer Service Professional. He holds a BBA in Business Administration from Sam Houston State University. Brad excels in problem solving, communication, and technical documentation, making him a valuable candidate for roles requiring technical support, business analysis, or operational management.",White,Male,Brad,Murphy,Republican,1,Yes
72,INFORMATION-TECHNOLOGY,"Anne Sullivan is an experienced Systems Analyst and IT Specialist with a strong background in government, maritime, forestry, and research sectors. She has over 15 years of technical support, system administration, and web development experience, including managing large-scale IT projects, supporting databases, and implementing content management systems like SharePoint and Drupal. Recognized for her innovation and support excellence, she has received awards from the Forest Service for website support and database development, notably for a U.S. Coast Guard-recognized Merchant Mariner database. Her skills include customer support, system upgrades, web content management, and training. She holds a Master’s in Management and Organizational Leadership and a Bachelor’s in Technology, with additional certifications in content management and leadership. Anne is proficient in MS Office, SharePoint, MS Access, Adobe Suite, Linux, Windows, Mac OS, and web tools, making her a versatile candidate for roles in IT support, system administration, and web development.",White,Female,Anne,Sullivan,Republican,1,Yes
73,INFORMATION-TECHNOLOGY,"Laurie Baker is a highly experienced Senior IT Professional with over 15 years of expertise in managing large-scale IT operations and data centers. She is bilingual in English and Spanish and possesses strong leadership, technical, and project management skills. Her core competencies include enterprise systems, cloud computing, operating systems, databases, network security, and IT tools.

Key Highlights:
- Currently serves as Deputy Director at the IT Bureau, overseeing infrastructure and operations for 9,300 users across 250 sites, managing a team of 140 staff and contractors.
- Previous roles include IT Director, Senior Project Manager, and IT Business Consultant, with extensive experience in data centers, project delivery, and network integration.
- Educational background includes a Ph.D. in Organization and Management, a Master’s in Educational Computing, and a BSBA in Finance & Computers.
- Recognized with awards such as the Computerworld Honors Award and the Puerto Rico Achievement Award.
- Skilled in a wide range of technologies including SQL, Oracle, DB2, Linux, VMware, SCADA, and security solutions.
- Experienced in teaching graduate courses in networking and system analysis.

Laurie is a results-driven leader with a proven track record of implementing innovative technology solutions and managing complex IT projects in government and healthcare sectors.",White,Female,Laurie,Baker,Democratic,1,Yes
74,INFORMATION-TECHNOLOGY,"Aisha Jones is a highly experienced Drupal developer with five years of expertise in site building, theming, and both frontend and backend development. She has led major projects such as the NYSED.GOV redesign, managing full Drupal deployments, data migration, custom theme development, and ensuring accessibility compliance. Skilled in Drupal 7 and 8, she also possesses strong proficiency in JavaScript, PHP, HTML5, CSS3, and various development tools and frameworks. Aisha has a solid background in IT systems, database management, and software testing, with previous roles involving system development, troubleshooting, and application support. She holds a Bachelor of Science in Computer Science from City College of New York. Additionally, she actively volunteers as IT Chair for her employees' association, contributing to website management and technology training.",African_American,Female,Aisha,Jones,Republican,1,Yes
75,INFORMATION-TECHNOLOGY,"Darnell Robinson is a seasoned IT executive with over 20 years of experience leading technology and business process initiatives at Fortune 500 companies. He has a strong track record in SAP implementation, global IT strategy, and supply chain analytics. Notable roles include Head of IT and Information Center, Director of Supply Chain IT, and SAP Center of Excellence leader, where he managed large budgets, offshore teams, and global deployment projects. Darnell is skilled in business process re-engineering, vendor selection, and remote team management across diverse cultural environments. His educational background includes an MBA and degrees in Computer Science. Key expertise areas are SAP solutions, business process design, and dispersed team leadership.",African_American,Male,Darnell,Robinson,Republican,1,Yes
76,INFORMATION-TECHNOLOGY,"Laurie Baker is a results-driven Chief Information Officer with extensive global experience leading complex IT environments and cross-cultural teams. She specializes in strategic planning, project management, technology architecture, and process optimization. Key accomplishments include developing self-sufficient IT teams, delivering large-scale system implementations, streamlining business processes, and enabling M&A integrations. She has successfully managed global IT operations, including infrastructure, ERP systems, and application development, resulting in significant cost savings and efficiency improvements. Laurie is bilingual in English and Spanish, with a strong background in business processes, data management, and IT leadership. Her education includes a B.S. in Computer Science from the University of Texas at El Paso.",White,Female,Laurie,Baker,Republican,1,Yes
77,INFORMATION-TECHNOLOGY,"Jermaine Williams is an experienced IT executive with a strong background in strategic planning, security, compliance, infrastructure, and digital business technologies. He has over 15 years of leadership roles, including Director of IT and CTO, managing complex technology initiatives across multiple industries such as legal, real estate, retail, and manufacturing. Jermaine specializes in cloud deployment, enterprise application development, network design, VoIP, ERP, and data management. He has a proven track record of transitioning companies from outsourced to in-house IT support, implementing disaster recovery plans, and optimizing business processes through lean methodologies. His skills include contract negotiation, system integration, security, and team mentorship. Jermaine holds a BS in Information Technology and has extensive experience in infrastructure development, application deployment, and regulatory compliance. He is a strategic leader committed to delivering high-quality services, fostering innovation, and supporting business growth.",African_American,Male,Jermaine,Williams,Republican,1,Yes
78,INFORMATION-TECHNOLOGY,"Keisha Jackson is a seasoned IT executive with 20 years of experience across healthcare, marketing, and other industries. She specializes in infrastructure management, network operations, team leadership, project management, and vendor negotiations. Currently, she serves as Vice President of IT Infrastructure Operations, where she has successfully led cloud migrations, optimized network costs, managed multiple data centers, and directed large-scale IT projects. Her prior roles include Director of Network Operations and various technical positions involving system administration, network support, and healthcare systems management. Keisha holds a B.S. in Computer Science from Troy State University and an A.S. in Healthcare Systems from the Community College of the Air Force. She is skilled in infrastructure management, disaster recovery, cloud solutions, and team development, with a proven track record of reducing costs and enhancing IT operations.",African_American,Female,Keisha,Jackson,Democratic,1,Yes
79,INFORMATION-TECHNOLOGY,"Jay O’Brien is an experienced IT professional specializing in database administration, security, and Oracle technologies. He holds multiple certifications including Oracle Certified Professional (OCP), CISSP, and CISM. His core expertise includes Oracle database management (versions 8i through 12c), security policies, risk assessment, and UNIX/Linux systems.

Key Highlights:
- Over 20 years of experience in database administration, security, and IT management.
- Extensive background in Oracle software installation, configuration, tuning, and security.
- Proven leadership in managing large-scale, mission-critical systems, including 24/7 support and staff mentoring.
- Skilled in developing security policies, risk models, and compliance with government and corporate standards.
- Experience in disaster recovery planning, capacity planning, and performance optimization.
- Strong background in scripting (PL/SQL, shell scripts), automation, and security tools like IBM Guardium.
- Education includes a Master’s in Management and a Bachelor’s in Music History.

This summary highlights Jay’s technical expertise, leadership, and certifications, making him a strong candidate for senior database or security roles.",White,Male,Jay,O’Brien,Republican,1,Yes
80,INFORMATION-TECHNOLOGY,"Allison Walsh is a highly skilled Java/J2EE full-stack developer with over 3 years of experience across the entire software development lifecycle. She specializes in backend development with Spring Boot, Microservices, and RESTful APIs, and has strong frontend skills in HTML5, CSS3, JavaScript frameworks like AngularJS and ReactJS. Allison has extensive experience working with SQL databases (MySQL, PostgreSQL, Oracle) and some NoSQL (MongoDB). She is proficient in Agile methodologies, version control (Git, SVN), automation testing (Selenium, Cucumber), and CI/CD tools (Jenkins, Maven, Gradle).

Her professional background includes developing test automation frameworks as an intern, full-stack application development, and working on projects involving smart card technology, real-time data monitoring, and enterprise solutions. She holds a Master’s in Computer Science from Lamar University with a GPA of 4.0 and a Bachelor’s in Electronics and Communication Engineering from Tribhuvan University. Allison has received awards for robotics competitions and academic excellence, and she actively participated in extracurricular activities related to robotics and technology.

Key skills include Java, Spring Framework, Microservices, REST, AngularJS, ReactJS, SQL/NoSQL databases, automation testing, cloud platforms (AWS), and Agile practices. She is a proactive learner with excellent communication and problem-solving abilities, suited for roles in full-stack development, backend engineering, or automation testing.",White,Female,Allison,Walsh,Republican,1,Yes
81,INFORMATION-TECHNOLOGY,"Anne Ryan is a highly skilled IT professional with a Master’s in Telecommunication and Networks and a Bachelor’s in Electronics and Telecommunications. She has extensive experience in network engineering, cloud infrastructure, and cybersecurity, with internships involving cloud migration, network setup, and security protocols. Certified as a Solutions Architect and CCNA, she has hands-on expertise in AWS, VPC setup, LAN/WAN deployment, and network security. Her technical skills include TCP/IP, DHCP, DNS, VPN, VLAN, and various network tools like Wireshark and Cisco Packet Tracer. She has developed network applications, implemented secure client-server models, and designed SDN load balancers. Actively seeking full-time roles, she offers strong knowledge in network protocols, operating systems, scripting, and network security, making her a valuable candidate for network engineering and IT infrastructure positions.",White,Female,Anne,Ryan,Republican,1,Yes
82,INFORMATION-TECHNOLOGY,"Latonya Washington is a seasoned technology executive with over 20 years of experience in software development, systems architecture, and digital transformation. She currently serves as Vice President of IT - Software Engineering, leading a team of 100+ professionals and managing a $20M budget. Her key achievements include spearheading cloud migration to AWS, implementing RPA with significant cost savings, and driving business process improvements aligned with growth initiatives.

Previously, as Assistant Vice President of Solutions Delivery, she defined product vision, led agile teams, and delivered innovative customer engagement platforms, including cloud-based claims solutions and omnichannel service integrations. Her leadership roles also include Director of Technology and IT management, where she modernized legacy systems, increased self-service adoption, and migrated critical insurance claim processes from mainframes to modern architectures.

Latonya holds a Mini MBA from Boston University and a BS in Electronics and Communications Engineering. She is recognized with multiple awards for innovation and customer service excellence. Her skills encompass strategic planning, people-centered leadership, system architecture, digital transformation, and fostering a culture of innovation.",African_American,Female,Latonya,Washington,Republican,1,Yes
83,INFORMATION-TECHNOLOGY,"Rasheed Washington is a highly experienced IT Manager with over 16 years of expertise in managing and optimizing IT systems across multiple offices. He has a strong leadership background, currently overseeing a team of 6 IT professionals, and has successfully led major projects including infrastructure virtualization, Active Directory migrations, network upgrades, and disaster recovery planning. Rasheed has a proven track record of reducing costs, improving system reliability, and enhancing security through strategic technology implementations such as VMware virtualization, MPLS network deployment, and advanced spam and malware filtering. His technical skills encompass a wide range of platforms, hardware, software, and networking protocols. He holds a B.S. in Management Information Systems from the University of Maryland University College and certifications including Microsoft MCTS 2008, Citrix Certified Administrator, and project management credentials. Rasheed is a results-driven leader with exceptional communication and project management abilities, well-equipped to support organizational growth and technological advancement.",African_American,Male,Rasheed,Washington,Democratic,1,Yes
84,INFORMATION-TECHNOLOGY,"Jamal Jackson is an accomplished senior IT manager with over 15 years of experience in leading complex technology projects, managing security, and supporting business objectives. Currently serving as Director of IT and Analytics at a global credit asset management firm, he has expertise in cybersecurity, data governance, disaster recovery, and infrastructure deployment across multiple international locations. Jamal has a strong background in implementing security frameworks, vendor negotiations, and strategic planning to enhance operational efficiency and compliance, including Sarbanes-Oxley. His technical skills encompass Windows Server, Cisco networking, telephony systems, data loss prevention, and cloud/virtual environments. He is a proven leader in team development, process improvement, and fostering a security-aware organizational culture. Jamal holds a B.S. in Psychology/History from Rutgers University and is adept at bridging the gap between business needs and technological solutions.",African_American,Male,Jamal,Jackson,Republican,1,Yes
85,INFORMATION-TECHNOLOGY,"Tremayne Jones is a highly motivated PMO Manager with over 17 years of experience leading project management in healthcare and corporate IT environments. He specializes in managing portfolios for IT systems, infrastructure projects, and clinical applications, with a strong focus on healthcare IT transformation and PMO development. Tremayne holds a B.A. in Foreign Languages and Literatures (Spanish) with a concentration in Management Science from Virginia Tech, along with a Project Management Advanced Certificate and PMP certification. 

He has a proven track record of guiding organizations through system implementations, upgrades, and infrastructure projects, fostering team growth, and promoting professional development. Tremayne excels in stakeholder communication, conflict resolution, and aligning projects with strategic goals. Currently, he manages large teams of project managers and business analysts, overseeing governance, resource planning, and cross-department collaboration, including partnerships with Epic’s PMO.

His previous roles include project management for enterprise systems such as Lawson, PeopleSoft, HR, and Radiology Information Systems, as well as supporting call center operations and financial systems. Tremayne advocates for continuous training, soft skills development, and high standards of excellence within his teams. He is seeking new opportunities to leverage his extensive healthcare IT and project management expertise to help organizations realize the benefits of structured PMO methodologies.",African_American,Male,Tremayne,Jones,Republican,1,Yes
86,INFORMATION-TECHNOLOGY,"Lakisha Williams is a highly experienced DoD Program Manager with a strong background in IT project management, system analysis, and mission partner engagement. She holds an active security clearance and has over a decade of experience supporting Defense Logistics Agency (DLA) and DISA initiatives, including managing complex enterprise systems generating $39 million annually. Her expertise includes requirements analysis, project scope management, risk mitigation, and coordinating IT system accreditation and deployment activities. Lakisha is proficient in a wide range of technologies, including hardware, operating systems, databases, cloud environments, and enterprise storage solutions. She has a proven track record of delivering projects on time, managing stakeholder expectations, and providing excellent customer service. Her certifications include Security+, ITIL Foundation, and ongoing project management training, with a Master’s degree in Organizational Development and Leadership. She is recognized for outstanding communication skills, technical acumen, and professionalism, seeking to continue her federal career in strategic planning and program management.",African_American,Female,Lakisha,Williams,Republican,1,Yes
87,INFORMATION-TECHNOLOGY,"Emily O’Brien is a highly skilled IT and Building Automation Systems Manager with extensive experience in network infrastructure, enterprise project management, and control system design. She holds a Master’s in Computer & Information Science with a focus on Cyber Security and a Bachelor’s in Management of Information Systems, maintaining a 4.0 GPA. Emily has earned multiple certifications including CISSP, CCNP, CCSP, and PP, demonstrating her expertise in security, networking, and project management.

Her professional background includes leading cross-functional teams, managing large enterprise networks for over 150 users, and supporting critical applications and infrastructure. She has a proven track record in system administration, server management, and technical support, with notable accomplishments such as managing extensive network environments, training technicians, and receiving multiple Navy and Marine Corps Achievement Medals and Sailor of the Year awards.

Emily’s technical skills encompass Windows Server, Linux, VMware, Active Directory, Microsoft Exchange, and security protocols. She is recognized for her leadership, resourcefulness, and ability to deliver innovative automation and network solutions.",White,Female,Emily,O’Brien,Democratic,1,Yes
88,INFORMATION-TECHNOLOGY,"Meredith McCarthy is an experienced IT professional with over 10 years of expertise in technical support, network administration, data migration, and systems analysis. She has a strong background in designing, deploying, and maintaining hardware and software systems, including expertise with Dell, HP, IBM, Microsoft, Novell, and Windows environments. Her key accomplishments include leading large-scale data migration projects, managing Active Directory and NAS systems, and providing remote support for enterprise migrations. Meredith holds a Bachelor’s degree in Information Technology Support, an Associate’s in Paralegal and Network Engineering, and certifications such as MCSE, A+, NET+, and SEC+. She has military experience as a US Army Combat Engineer, demonstrating leadership and resilience. Her skills encompass network support, data migration, server management, scripting, and desktop support, making her a versatile candidate for IT roles requiring technical leadership and project management.",White,Female,Meredith,McCarthy,Republican,1,Yes
89,INFORMATION-TECHNOLOGY,"Kristen Ryan is a dedicated Administrative Assistant with extensive experience supporting HR, production, IT, and management teams. She is proficient in Microsoft Office, SAP, PeopleSoft, LotusNotes, and KRONOS, with strong skills in office management, meeting planning, report writing, and training. Her background includes managing confidential records, coordinating large events, handling travel arrangements, and supporting employee benefits programs. Kristen has held roles such as HR Manager, SAP Site Security Administrator, and Computer Instructor, demonstrating her versatility and technical expertise. She is results-oriented, detail-focused, a strong communicator, and a proven team player, capable of managing multiple priorities efficiently. Her education includes a high school diploma, and she has a history of supporting organizational operations and employee development.",White,Female,Kristen,Ryan,Republican,1,No
90,INFORMATION-TECHNOLOGY,"Jamal Robinson is an experienced contact center professional with over six years of leadership and customer service expertise. He has supervised teams of 20 to 100 employees, demonstrating strong organizational, analytical, and multitasking skills. His background includes roles as a Customer Service Representative and Supervisor, with extensive experience in healthcare and general customer service environments. Jamal is proficient in Microsoft Office, Verint, Siebel, Avaya, and various operating systems. He has a proven track record of managing team performance, coaching staff, meeting contractual goals, and handling high call volumes. His education includes an Associate of Science in Psychology from Eastern Kentucky University. Key skills encompass leadership, conflict resolution, performance management, recruitment, and customer relations.",African_American,Male,Jamal,Robinson,Democratic,1,No
91,INFORMATION-TECHNOLOGY,"Leroy Jackson is a highly skilled IT professional with a Bachelor of Science in Management Information Systems from William Woods University, graduating in May 2014 with a 3.4 GPA. He has extensive experience in technical support, network troubleshooting, hardware management, and web development. Currently a Support Technician since December 2014, Leroy handles computer system issues, provides user training, and manages daily system performance, with strong expertise in IOS and customer service. His prior internships include network assistance and technology support, where he contributed to network infrastructure and website management. Leroy has led multiple projects in website development, database management, and systems analysis, demonstrating leadership and technical proficiency. He possesses a broad skill set including SharePoint, Cisco Telephony, Active Directory, SAP, and IOS. An active community member and athlete, Leroy has received notable scholarships and awards, including the Trio Scholarship and JUCO All-American Male Athlete of the Year. He is a critical thinker, quick problem solver, and dedicated team player, well-equipped for roles in IT support, network management, or web development.",African_American,Male,Leroy,Jackson,Democratic,1,Yes
92,INFORMATION-TECHNOLOGY,"Kenya Williams is a Software Engineer with 2 years of experience specializing in front-end web development and Microsoft .NET solutions. She is proficient in SDLC and Agile SCRUM methodologies, with hands-on experience designing, developing, and implementing web applications using C#, ASP.Net, JavaScript, jQuery, CSS, Bootstrap, HTML, XML, and AJAX. She has strong skills in database management with SQL Server, including writing stored procedures, data retrieval, and manipulation using ADO.Net and Entity Framework. Kenya has developed custom controls, web services, and role-based security features, and has experience deploying databases with Red Gate SQL Compare. Her professional background includes roles as a Database Programmer/Analyst at the University of Missouri, where she contributed to multiple projects such as Atlas (tutoring scheduling), AppInventory (application tracking), GoAdmin (university services management), and Mizzou Checkout (departmental checkout system). She holds a Master’s in Computer Engineering (GPA 3.7) from the University of Missouri and a Bachelor’s in Electrical and Electronics Engineering (GPA 3.65) from Jawaharlal Nehru Technological University. Her technical skills encompass ASP.Net, VB.Net, Java, JavaScript, JQuery, HTML, CSS, SQL, Visual Studio, GitHub, and Windows OS. Kenya is experienced in team collaboration, bug fixing, production support, and delivering demos to QA and project sponsors.",African_American,Female,Kenya,Williams,Democratic,1,Yes
93,INFORMATION-TECHNOLOGY,"Latoya Robinson is an experienced IT professional with over 20 years of expertise in software development, systems administration, and project management, primarily within utility and municipal sectors. She specializes in application support, system configuration, and data management for utility systems such as CIS, CMMS, AMR, and GIS, with extensive experience in implementing and supporting enterprise asset management and billing systems.

Key Skills:
- Proficient in Oracle, SQL Server, PL/SQL, Crystal Reports, SharePoint, Shell Scripting, and various programming languages including C/C++, Visual Basic, Uniface, PHP, HTML, and XML.
- Experienced in project management, business process analysis, and system upgrades.
- Strong leadership and communication skills, with a history of managing teams and coordinating cross-departmental projects.

Professional Experience:
- Current Consultant managing water main data collection, GIS updates, and application support for CIS, Infor CMMS, and Neptune AMR.
- Former Utility Solutions Consultant with extensive experience installing, configuring, and supporting Cityworks, Lucity, Infor Public Sector, and AMI systems, including leading system upgrades and data interface management.
- Past roles include CEO/Consultant managing business operations and developing custom reports, as well as various IT consulting positions focused on database development, system integration, and application support.

Education:
- Bachelor of Science in Computer Science from Georgia Institute of Technology.

Summary:
A versatile IT professional with a strong background in utility systems, database management, application development, and project leadership, equipped with technical expertise and excellent interpersonal skills to support complex enterprise projects.",African_American,Female,Latoya,Robinson,Republican,1,Yes
94,INFORMATION-TECHNOLOGY,"Emily Sullivan is a Software Engineer with 2 years of front-end web development experience, proficient in SDLC and Agile/Scrum methodologies. She specializes in Microsoft .NET technologies, including C#, ASP.Net, MVC, JavaScript, jQuery, CSS, Bootstrap, HTML, and AJAX. She has strong experience with data retrieval and manipulation using ADO.Net, Entity Framework, LINQ, and SQL Server, including creating stored procedures and database deployment. Emily has developed custom controls, web services, and role-based security features, and has participated in full project lifecycle activities such as design, development, testing, and deployment.

Her professional experience includes roles as a Database Programmer/Analyst, working on multiple projects such as tutoring scheduling systems, occupational therapy applications, application inventory management, and university web services. She has contributed to UI design, database management, automation, and integration tasks, often utilizing open-source tools like CKEditor and Redgate SQL Compare.

Emily holds a Master of Science in Computer Engineering from the University of Missouri with a GPA of 3.7 and a Bachelor of Technology in Electrical and Electronics Engineering from Jawaharlal Nehru Technological University, India, with a GPA of 3.65. Her technical skills include C#, Java, VB.Net, C++, SQL, MySQL, GitHub, Tortoise SVN, and various development tools and environments.

**Summary:**  
Experienced Front-End Web Developer and Software Engineer with expertise in .NET technologies, SQL, and Agile methodologies. Skilled in full software development lifecycle, database management, web services, and role-based security. Proven track record in developing and supporting web applications, automation tools, and university systems. Holds a Master’s degree in Computer Engineering with strong technical and collaborative skills.",White,Female,Emily,Sullivan,Republican,1,Yes
95,INFORMATION-TECHNOLOGY,"Anne Murray is a personable and results-oriented project manager with over eight years of experience in managing large, complex projects, particularly in the homeland security and first responder sectors. She has a strong background in program initiation, process improvement, and technical support, with notable achievements including developing equipment testing programs and fostering collaborations between government agencies. Her expertise includes project management, information systems, workflow planning, and technical support for radiation detection equipment. Anne holds a BS in Management Information Systems from NYU, graduated Magna Cum Laude, and has received government training and multiple awards for her performance. Her skills encompass project coordination, relationship building, IT support, and process development, making her a valuable candidate for roles requiring technical expertise and strong leadership in security or technology-focused projects.",White,Female,Anne,Murray,Republican,1,Yes
96,INFORMATION-TECHNOLOGY,"Greg Ryan is an experienced professional with a background in information technology and support roles. His key qualifications include:

- Extensive experience in help desk support, troubleshooting, hardware/software maintenance, and technical training.
- Skilled in operating systems, software packages, and network administration, including Novell Netware.
- Strong interpersonal and communication skills, with a proven ability to assist end-users and manage technical issues.
- Education includes a B.S. in Business Administration from Shippensburg University, with additional coursework in Intranetware administration and advanced business applications.
- Certifications and training in network administration and defensive driving.

This resume highlights Greg's technical expertise, customer service skills, and relevant educational background, making him well-suited for roles in IT support, help desk, or technical assistance positions.",White,Male,Greg,Ryan,Republican,1,Yes
97,INFORMATION-TECHNOLOGY,"Jermaine Williams is an experienced IT professional with a strong background in hardware/software troubleshooting, network management, web development, and digital media. Certified in CompTIA A+ and knowledgeable in various operating systems (Windows, Linux, Mac OS, Android, iOS), he has expertise in server management, cybersecurity, and cloud computing. His skills include programming (Java, JavaScript, PHP, ActionScript), web technologies (HTML5, CSS3, XML), and multimedia editing (Adobe Creative Suite). Notable accomplishments include rebuilding a client’s website to significantly increase traffic, designing a portable solar-powered USB charger, and automating office tasks through scripting. He has project management experience and has worked in roles such as IT management and consulting. Jermaine holds an Associate of Science in Information Technology and is proficient in numerous industry tools and protocols, making him a versatile candidate for IT and web development positions.",African_American,Male,Jermaine,Williams,Democratic,1,Yes
98,INFORMATION-TECHNOLOGY,"Tanisha Robinson is an experienced Systems Engineer with a strong multidisciplinary background in hardware design, manufacturing, and data analysis. She has over 9 years of expertise in satellite communication systems, hardware development, and project management. Her technical skills include proficiency in Microsoft Office, circuit design, PCB design, microwave software, programming languages (C/C++, Python, Java, Matlab, LabView), and test instruments such as spectrum analyzers and vector network analyzers.

Key qualifications:
- Extensive experience leading end-to-end technical projects, including system design, testing, validation, and quality assurance.
- Skilled in developing DFM procedures, conducting EVT/DVT/PVT validations, and managing supplier relationships.
- Strong data analysis background with experience in SQL, SAS, SPSS, and data mining.
- Academic credentials include a Master’s and Bachelor’s in Electrical and Computer Engineering from Purdue University, with a GPA of 3.9/4.0.
- Published research on radar system design utilizing Matlab.

Her core strengths are project leadership, system performance optimization, quality management, and cross-functional collaboration, making her a valuable candidate for roles in systems engineering, hardware development, and data analysis within high-tech industries.",African_American,Female,Tanisha,Robinson,Democratic,1,Yes
99,INFORMATION-TECHNOLOGY,"Kristen Kelly is an experienced Business Systems Analyst with a strong background in marketing database management, data integration, and project delivery. She holds a Master's in Information Management from the University of Maryland and a Bachelor's in Computer Engineering from Mumbai University. 

Key Skills:
- Business Applications: SAP Web Intelligence, Informatica Data Explorer, Business Objects, MS Visio, MS Project, Rational Rose
- Programming & Web Development: SQL, UML, C, C++, Java, Perl, HTML, XML, PHP
- Databases: Netezza, MS SQL Server, Oracle
- Operating Systems: Windows, Linux
- Expertise in data analysis, quality, segmentation, campaign management, and solution lifecycle management

Professional Experience:
- Over 9 years in roles supporting global marketing databases, CRM solutions, and data-driven marketing campaigns for Fortune 500 clients.
- Led multiple projects including global marketing database design, campaign automation, and client reporting.
- Served as primary client contact, managing requirements gathering, solution design, QA, and deployment.
- Managed cross-functional teams, handled change requests, and ensured project quality and timelines.
- Developed and maintained marketing programs, reports, and data hygiene processes.

Additional:
- Active member of the Asian Students Student Council at the University of Maryland.
- Skilled in documentation, client communication, and project management.

Kristen’s background combines technical expertise with client-focused project delivery, making her a strong candidate for roles in business analysis, data management, and marketing technology solutions.",White,Female,Kristen,Kelly,Democratic,1,Yes
100,INFORMATION-TECHNOLOGY,"Keisha Jones is a seasoned Technical Support and Project Management professional with extensive experience in IT support, troubleshooting, and project coordination. She has a strong background in managing IT systems, hardware, and software, including Windows OS, Active Directory, SCCM, VOIP, PBX systems, and network infrastructure. Keisha excels in customer service, technical problem-solving, and team leadership, having managed cross-functional teams of up to 40 members. She holds a Master’s in Management with a focus on Project Management and a Bachelor’s in Information Technology. Certified in CompTIA Network+, A+, and Microsoft Certified Professional, she is skilled in communication, negotiation, and documentation. Her accomplishments include exceeding call handling goals, reducing technical exceptions, and successfully supporting technology integration and upgrades. Keisha is well-equipped to contribute to IT support, project management, and technical operations roles.",African_American,Female,Keisha,Jones,Democratic,1,Yes
101,INFORMATION-TECHNOLOGY,"Jill Kelly is an experienced Quality Engineer and Project Manager with a strong background in process improvement, strategic planning, and business intelligence. She has over 15 years of experience in QA, SDLC, and software development, including leadership roles in testing, automation, vendor management, and data warehousing. Jill has led multiple large-scale projects such as dashboard development, resource capacity management, and portfolio tracking, often managing cross-functional and offshore teams. She has expertise in QA methodologies, test planning, automation, and data validation, with a proven track record of reducing manual effort and improving process efficiency. Jill holds a Master’s in Computer Science from the University of New Haven and a Bachelor’s in Computer Science from Fairleigh Dickinson University. She is skilled in tools like Rational Software, Cognos, MS Office, Oracle SQL, and MS Access, and has certifications in QA and project management. Her background includes teaching as an adjunct instructor and extensive experience in leadership development and organizational strategy.",White,Female,Jill,Kelly,Republican,1,No
102,INFORMATION-TECHNOLOGY,"Aisha Robinson is an experienced .NET Web Developer with a strong background in software engineering and web application development. She has been recognized with awards such as Associate of the Month at IENT and team awards for projects like DEBTS and eRFA. 

Her professional experience includes migrating websites from ColdFusion to .NET MVC, developing dashboards with High Charts, and designing applications for data validation, invoice management, and supplier collaboration. She has expertise in C#, ASP.NET, MVC, SharePoint 2010, SQL Server, MySQL, Oracle, HTML, CSS, JavaScript, and source control tools like GitHub and TFS.

Aisha holds a Master’s degree in Computer Science from Indiana University (GPA 3.55) and a Bachelor’s in Computer Science and Engineering from Jawaharlal Nehru Technological University. She is certified in RFA and has contributed to multiple projects involving enterprise web applications, data migration, and process automation.

Key skills include web development, database management, application deployment, and team collaboration, making her a strong candidate for roles requiring technical expertise in software development and system integration.",African_American,Female,Aisha,Robinson,Democratic,1,Yes
103,INFORMATION-TECHNOLOGY,"Tyrone Washington is a recent college graduate with a B.S. in Management and a concentration in Marketing from Utica College, holding a GPA of 3.37. He has strong leadership, management, and interpersonal skills, demonstrated through his participation in college football, community service, and coaching roles. Tyrone has experience in sports coaching, property maintenance, and office organization, showcasing reliability, organization, and a positive work ethic. He is seeking a career in the business field, leveraging his teamwork, customer service, and management abilities.",African_American,Male,Tyrone,Washington,Democratic,1,No
104,INFORMATION-TECHNOLOGY,"Jamal Jones is an experienced IT professional with over 14 years of federal government service as a Systems Administrator and IT Specialist. He possesses extensive expertise in server management, network security, system troubleshooting, and project coordination. His key skills include Windows Server administration, cybersecurity, system imaging, patch management, and asset tracking. Jamal has a strong background in implementing security protocols, maintaining system compliance, and providing training to staff. He holds a BS in Sociology and Social Work Psychology and has completed numerous certifications in cybersecurity, project management, and IT monitoring. Recognized for his performance with multiple awards, Jamal is adept at multi-tasking, problem-solving, and collaborating with diverse teams. His experience includes managing over 500 servers, developing system specifications, and ensuring organizational IT security and operational continuity.",African_American,Male,Jamal,Jones,Democratic,1,Yes
105,INFORMATION-TECHNOLOGY,"Hakim Williams is a highly organized and detail-oriented professional with over 14 years of experience providing administrative support to senior executives, currently working at the Office of Information Technology. His key skills include high typing speed (75 WPM), excellent communication, advanced clerical knowledge, HIPAA compliance, and proficiency with various office systems and software.

His extensive work history includes supporting CISO staff, managing complex calendars, coordinating meetings and travel, handling procurement and vendor relations, and providing reception and office management duties. He has also served as a legal secretary and deputy clerk, with experience in court filings, legal documentation, and courtroom support.

Hakim holds an Associate of Arts degree in General Studies with coursework in Finance and Administration. His core competencies include administrative support, event planning, travel coordination, document management, and customer service. A letter of recommendation is available upon request.",African_American,Male,Hakim,Williams,Republican,1,No
106,INFORMATION-TECHNOLOGY,"Keisha Robinson is a dedicated Technical Support Analyst with extensive experience in troubleshooting, system configuration, and support services. She has hands-on expertise with Windows (XP, Vista, 7, 8), Ubuntu Linux, Mac OS X, and virtualization technologies like VMware. Keisha has interned in support and network services roles, where she managed asset deployment, user onboarding, incident management, and system imaging. She is skilled in Active Directory, SCCM, SCSM, and ticketing workflows, with a strong ability to document processes and communicate effectively within teams. Her educational background includes a B.S. in Information Science & Technology from the University of Wisconsin and an AAS in IT-Computer Support from Waukesha County Technical College. Recognized for academic excellence and leadership, she is a proactive team player capable of working independently and meeting deadlines.",African_American,Female,Keisha,Robinson,Republican,1,Yes
107,INFORMATION-TECHNOLOGY,"Matthew O’Brien is a highly experienced IT professional with over 10 years of management, network engineering, and systems administration expertise. He has a strong background in managing and supporting enterprise infrastructure across various industries including business, education, medical, and manufacturing. His technical skills encompass server installations and migrations, virtualization (Hyper-V, VMware), network security, firewalls, VoIP, and data loss prevention. He is proficient with a wide range of hardware and software, including Microsoft Exchange, SQL, Cisco IOS, and various security tools like Symantec, McAfee, and Trend Micro.

Key accomplishments include saving over $50,000 annually through equipment refurbishment and cost-effective internet solutions. His leadership experience includes managing multi-site IT operations, developing budgets, and overseeing project management. He holds certifications such as CompTIA A+, Network+, MCP, and previously Cisco CCNA, with a solid educational background in IT certifications and counseling.

Core skills include network security, server and database management, virtualization, disaster recovery, and user support. Matthew is resourceful, highly motivated, and experienced in system analysis, design, and business process optimization.",White,Male,Matthew,O’Brien,Democratic,1,Yes
108,INFORMATION-TECHNOLOGY,"Keisha Williams is a strategic and solutions-oriented leader with an MBA and extensive experience in healthcare management, IT, and business operations. She has a proven track record of improving hospital performance, ensuring regulatory compliance, and implementing operational efficiencies. Her expertise includes financial planning, cost containment, patient workflow optimization, and community outreach. Keisha has strong IT skills, including EMR systems, network management, disaster recovery, and cybersecurity, with certifications such as CCNA and ITIL. She has held leadership roles in practice management, IT management, marketing, and information systems, demonstrating her ability to lead cross-functional teams, develop strategic initiatives, and enhance organizational performance. Her educational background includes an MBA from Keller Graduate School and a Bachelor's in Telecommunications Management from DeVry University.",African_American,Female,Keisha,Williams,Democratic,1,Yes
109,INFORMATION-TECHNOLOGY,"Carrie McCarthy is an experienced IT professional with a strong background in systems administration, network management, and strategic planning. She holds an AAS in Network Administration with a GPA of 3.71 and certifications in Citrix XenApp, Security Essentials, and SQL. Her career spans over a decade, including roles such as Director of IT, Business Application Specialist, and IT Specialist, with expertise in virtualization (VMware, Hyper-V), Citrix, Microsoft Exchange/Office365, SQL databases, disaster recovery, and security. She has managed large-scale IT operations, developed policies, overseen vendor negotiations, and led technology implementations. Carrie also has experience in project management, budgeting, and team supervision. Her skills include Active Directory, DHCP, DNS, GPO, backups, cloud services (Azure), and enterprise hardware/software support. She is proficient in strategic planning, process improvement, and technical support, making her a versatile candidate for senior IT leadership roles.",White,Female,Carrie,McCarthy,Democratic,1,Yes
110,INFORMATION-TECHNOLOGY,"Kenya Jones is a highly skilled IT Specialist and Consultant with extensive experience in business operations, infrastructure management, software/hardware support, and network administration. She has a proven track record of improving operational efficiency, reducing costs (by 81%), and leading technology migrations, including transitioning from Novell to Microsoft Active Directory. Kenya is proficient in a wide range of technical skills such as Active Directory, network security, server management, software development (C++, Java, C#, PHP, SQL), and project management. She has trained over 400 employees on Windows and Microsoft Office products and has experience designing and implementing IT solutions for various organizations. Her background includes freelance consulting, IT support roles, and strategic planning, with a strong focus on optimizing technology infrastructure and supporting business growth. She holds an Associate of Applied Science in Computer Science from Minnesota School of Business.",African_American,Female,Kenya,Jones,Republican,1,Yes
111,INFORMATION-TECHNOLOGY,"Ebony Robinson is a dedicated Pharmacist with a Doctor of Pharmacy degree and a Master of Science in Hardware Engineering. She has nine years of retail pharmacy experience managing high-volume prescription services, providing clinical consultations, and ensuring medication safety. Her expertise includes prescription dispensing, drug interaction assessment, compounding, and clinical interventions. Ebony has a strong background in science, data analysis, and pharmacy operations, with proven skills in inventory management, patient care, and professional communication. She has successfully collaborated with healthcare professionals, improved pharmacy systems, and served diverse customer needs, including translation for Russian-speaking clients. She is in good standing with the Massachusetts Board of Pharmacy and is enthusiastic about gaining hospital-based clinical experience. Her key strengths include attention to detail, ethical practice, interpersonal skills, and adaptability in a complex healthcare environment.",African_American,Female,Ebony,Robinson,Democratic,1,No
112,INFORMATION-TECHNOLOGY,"Kareem Williams is a highly experienced IT executive with over 20 years of leadership in technology strategy, infrastructure, and business process improvement. Currently serving as Senior Vice President and CIO, he specializes in network security, data center design, business continuity, and IT operational management. He has a proven track record of developing technology roadmaps, optimizing IT spend, and outsourcing to enhance efficiency. Kareem has led innovative projects such as micro-lending initiatives with Nobel laureates, development of proprietary case management systems, and the adoption of virtualization and data de-duplication technologies. His prior roles include VP of IT, where he overhauled information systems and implemented enterprise resource planning solutions, and network management positions focused on network security and migration from legacy systems. He holds a BA in Geography from SUNY Stony Brook, along with certifications including CISSP, Microsoft Certified Systems Engineer, and CEH. Kareem is recognized as a thought leader, contributing to industry panels, media, and publications.",African_American,Male,Kareem,Williams,Republican,1,Yes
113,INFORMATION-TECHNOLOGY,"Kareem Washington is an experienced Information Technology Specialist with 29 years of expertise in telecommunications, systems management, security, and project leadership. He has a strong background in managing IT environments, developing innovative solutions, and leading technical teams. Kareem has held roles ranging from Cobol programmer to IT manager and division chief, demonstrating leadership, technical proficiency, and strategic planning. His skills include network security, systems architecture, project management, and customer support. He holds a Bachelor’s in Business Administration, multiple certifications including Security Plus and MCP, and is pursuing further education in business management. Kareem is also experienced in procurement, acquisition, and formal briefings, with a proven track record of mentoring, representing organizations at events, and managing complex technical projects.",African_American,Male,Kareem,Washington,Republican,1,Yes
114,INFORMATION-TECHNOLOGY,"Sarah Murray is an experienced Master Data Manager and IT professional with a strong background in supply chain data governance, data quality, and process automation. Currently, she manages over 100 supply chain master data attributes, establishing data stewardship, quality controls, and data integrity standards, including GS1 standardization and automation initiatives. She has extensive leadership experience overseeing data governance committees and aligning master data strategies with organizational goals.

Previously, as Director of IT, Sarah led enterprise-wide system implementations (WMS, ERP, BI tools), managed high-performance data warehouses, and optimized IT infrastructure for a large industrial facility. She controlled a $2M budget, negotiated vendor contracts, and reduced IT costs while improving service response times and system reliability. She also guided cross-functional teams and reported directly to the board on strategic IT initiatives.

Her earlier roles include IT and Analytics Manager at NatJan Solutions, where she developed BI reports, managed procurement bids, and automated billing systems, resulting in significant cost savings. She co-founded a hydroponic farm, overseeing operations, automation, and financial planning, demonstrating her versatility in managing both technical and operational aspects.

Education includes a B.S. in Management of Information Systems and an A.S.. She is pursuing PMP certification. Sarah’s skills encompass data analysis, BI tools (PowerBI, Tableau, Qlik), SQL, VBA, Python, cloud platforms (AWS, Azure), system integration, project management, and process improvement. She is seeking opportunities to leverage her expertise in data governance, IT transformation, and process automation.",White,Female,Sarah,Murray,Republican,1,Yes
115,INFORMATION-TECHNOLOGY,"Leroy Washington is an experienced project manager and IT leader with a strong background in strategic planning, technology implementation, and team development. He has successfully managed large-scale IT infrastructure projects, including system integrations during corporate acquisitions and divestitures, while maintaining budgets and timelines. Leroy has extensive expertise in project lifecycle management, process design, and stakeholder engagement. His leadership roles include managing IT operations across multiple organizations, overseeing budgets, and developing training programs to enhance team skills. He holds a B.S. in Computers and Information Technology, with certifications in ITIL, MCP, and CompTIA. Leroy is skilled in change management, ERP, network systems, and business development, making him a versatile candidate for senior project management and IT leadership roles.",African_American,Male,Leroy,Washington,Democratic,1,Yes
116,INFORMATION-TECHNOLOGY,"Anne McCarthy is an experienced IT analyst and service technician with a strong background in hardware/software troubleshooting, network management, and project support. She holds a B.S. in Business Management and an associate degree in Business Computer Programming, along with certifications in CompTIA Network+ and A+. Her core skills include active directory, network security, LAN/WAN, fiber optics, server management (Windows 2000/2003/2008), and web development (HTML, Python, FrontPage). 

Her professional experience spans roles such as Technology Specialist, Field Service Tech, and IT Specialist, where she provided tiered technical support, managed network infrastructure, performed hardware/software upgrades, and supported POS and telecom systems. She has demonstrated project leadership, client training, and effective communication with technical and non-technical audiences. Anne is action-oriented with a proven ability to troubleshoot complex issues and support diverse IT environments.",White,Female,Anne,McCarthy,Republican,1,Yes
117,INFORMATION-TECHNOLOGY,"Tanisha Robinson is an experienced IT professional with a strong background in infrastructure management, project management, and client relations. She has held leadership roles including Manager, Senior Technical Analyst, and Director of IT, overseeing network systems, security, vendor negotiations, and end-user support. She has extensive experience in managing corporate networks, disaster recovery, security audits, and implementing VoIP systems. Tanisha holds a B.S. in Cybersecurity and a background in Computer Information Systems. Her skills include system troubleshooting, network administration, vendor management, technical documentation, and staff training, making her a well-rounded candidate for senior IT roles.",African_American,Female,Tanisha,Robinson,Republican,1,Yes
118,INFORMATION-TECHNOLOGY,"Aisha Jackson is an experienced IT professional with over 15 years of expertise in SAP data management, database validation, system testing, and end-user support. She has a strong background in supporting large-scale data conversions and testing cycles for UN peacekeeping missions, notably in Umoja SAP deployments, achieving significant efficiency improvements and successful data loads across multiple clusters. Her skills include SAP, HP ALM, SQL, database management, network configuration, document management, and website maintenance. 

Aisha has held roles such as Subject Matter Expert and IT Assistant, demonstrating leadership in data validation, testing, and system development. She has also managed inventory, property records, and furniture logistics for UNHQ, developing SOPs and improving operational workflows. Her certifications include Network Security from The Chubb Institute and a B.S. in Computer Science & Business from Oneonta State University.

Recognized for excellent customer service, she was promoted multiple times and contributed to process automation, error reduction, and system improvements. Aisha’s technical proficiency, project management, and training skills make her a valuable candidate for roles in system development, database management, and IT support.",African_American,Female,Aisha,Jackson,Republican,1,Yes
119,INFORMATION-TECHNOLOGY,"Brett Ryan is an experienced Training and Leadership Development professional with over 10 years of expertise in designing and implementing training programs across military, civilian, and corporate environments. He has held roles such as Training Manager, Owner/Partner of a defense contracting firm, and Project Manager, demonstrating strong skills in curriculum development, team supervision, policy creation, and program evaluation. Brett has managed large teams, developed multimedia training materials, and overseen operations within budget constraints. His military background includes high-level security clearance, military intelligence training, and scenario development. He holds a BA in Theology and an Associate’s in Office Automation, with certifications including Train the Trainer (T3) and Master Black Belt Instructor. Active in community service, Brett is involved in church leadership, youth ministry, and humanitarian efforts, including training for disaster response and supporting wounded warrior programs. His core skills encompass leadership development, client relations, course design, and remote team management, making him a versatile candidate for senior training and organizational development roles.",White,Male,Brett,Ryan,Democratic,1,No
120,INFORMATION-TECHNOLOGY,"Latoya Jackson is an experienced educator and executive advisor with a strong background in teaching, instructional design, and project management. She holds a Master’s in Elementary Education from UCLA and a BA in Psychology from the University of New Mexico. Her teaching career spans over a decade, focusing on student engagement, individualized instruction, and special education (IEP development). She has also served as a Robotics and Design Instructor, enhancing her skills in curriculum adaptation and STEM education.

In addition to her educational expertise, Latoya has extensive experience as an Executive Advisor, specializing in portfolio management, financial analysis, risk mitigation, and process improvement, achieving significant returns and operational efficiencies. She is proficient in various management and communication tools, including Evernote, Slack, Excel, and Adobe Photoshop.

She is seeking a leadership or executive role where she can leverage her skills in instruction, project management, and strategic planning to contribute to organizational growth and success.",African_American,Female,Latoya,Jackson,Republican,0,No
121,INFORMATION-TECHNOLOGY,"Sarah Murray is an experienced elementary school teacher with 15 years of teaching 2nd, 3rd, and 5th grades. She holds a Virginia postgraduate professional license and has a strong background in curriculum development, classroom management, and fostering positive relationships with students, parents, and colleagues. Recognized as Teacher of the Year in 2015-2016, she excels in communication, organization, and adapting to new technologies. Her educational credentials include a BS in Psychology and a Master's in Teaching from Virginia Commonwealth University, along with an AA in Child Development. She has additional experience in childcare, customer service, and technical support, demonstrating versatility and a commitment to professional growth.",White,Female,Sarah,Murray,Republican,0,No
122,INFORMATION-TECHNOLOGY,"Neil Murphy is an experienced early childhood educator with over 17 years of teaching and curriculum development. He holds a Master of Science in Instructional Leadership in Early Childhood Education and a Bachelor of Science in Early Childhood Education. Neil has a strong background in lesson planning, instructional design, classroom management, and conflict resolution. His skills include excellent communication, problem-solving, and critical thinking. Throughout his career, he has developed creative lessons, coordinated parent-teacher conferences, and monitored student progress, ensuring a supportive and developmentally appropriate learning environment. Neil is committed to fostering children's social, emotional, and cognitive growth and has extensive experience working with interdisciplinary teams and engaging parents.",White,Male,Neil,Murphy,Republican,0,No
123,INFORMATION-TECHNOLOGY,"Latoya Jones is a customer service-oriented professional with strong analytical, communication, and problem-solving skills. She has experience in high-stress environments, consistently exceeding performance standards and achieving high customer satisfaction. Her background includes roles as a teacher, nursing aide, front desk receptionist, and cook, demonstrating versatility and interpersonal skills. She holds a Bachelor of Arts in African American Studies from The Ohio State University, with coursework in child development, nutrition, and business. Bilingual in English and Twi, she is organized, energetic, and active in community and church activities, including choir leadership and volunteer work. Key skills include issue resolution, software proficiency (Salesforce, ServiceNow, Photoshop, Microsoft Office), and excellent verbal and written communication.",African_American,Female,Latoya,Jones,Republican,0,No
124,INFORMATION-TECHNOLOGY,"Jill Sullivan is an experienced elementary educator with a strong background in teaching grades 2-5, including long-term substitute and lead roles. She holds credentials from the University of Redlands and a BA in Liberal Arts from California Baptist University. Jill is skilled in classroom management, differentiated instruction, language development, and integrating technology. She has leadership experience as a grade level lead and trainer for the WRIT Institute and Common Core initiatives. Jill is passionate about fostering a love of learning, encouraging student engagement, and supporting individual student needs. She has developed and led extracurricular projects such as a school newspaper, demonstrating her creativity and commitment to student growth. Jill is dedicated to professional development and continuous growth as an educator.",White,Female,Jill,Sullivan,Republican,0,No
125,INFORMATION-TECHNOLOGY,"Brad Ryan is a dedicated and compassionate elementary school teacher with extensive experience in classroom management, lesson plan adherence, and student engagement. He has a proven track record of effectively supporting students with limited English proficiency and learning disabilities. Brad has also coordinated after-school programs, promoting academic, physical, and social development, and has experience working with community organizations to improve student attendance and involvement. He holds a Bachelor’s degree in Child, Adolescent, and Family Studies with a minor in Sociology from California State University Bakersfield, along with multiple certifications including CPR, First Aid, and a 30-day Substitute Teaching Permit. Bilingual in English and Spanish, Brad is skilled in technology integration, coaching, and clerical tasks, making him a versatile and reliable educator.",White,Male,Brad,Ryan,Democratic,0,No
126,INFORMATION-TECHNOLOGY,"Brett Baker is a certified science educator with extensive experience teaching grades 9-12 in subjects including physical science, chemistry, biology, and medical microbiology. He is a South Carolina-certified teacher and holds additional certifications in biology, chemistry, and medical technology. Brett has served as a department chair, mentor, and prom co-chair, demonstrating strong leadership, organizational, and communication skills. He is National Board Certified and has experience grading for Pearson. His background includes medical technologist work analyzing blood and body fluids, with proficiency in laboratory equipment and procedures. Brett holds a B.S. in Biology from the University of South Carolina and a secondary education certificate from Southern Wesleyan University. He is proficient in lesson planning, classroom management, and integrating literacy into science education.",White,Male,Brett,Baker,Democratic,0,No
127,INFORMATION-TECHNOLOGY,"Jill Ryan is an experienced special education teacher with over 10 years of expertise in supporting students with Autism and behavioral disorders. She holds an Arizona Teaching Certificate with Special Education endorsement and a Bachelor's degree in Elementary Education. Jill has a strong background in developing individualized plans, managing multidisciplinary teams, and implementing evidence-based strategies to reduce anxiety and promote student success. Her roles have included classroom teaching, behavior management, collaboration with specialists, and family engagement. She is skilled in lesson planning, data tracking, de-escalation techniques, and creating inclusive learning environments. Jill has extensive experience working with diverse student populations, managing paraeducators, and supporting general education inclusion.",White,Female,Jill,Ryan,Democratic,0,No
128,INFORMATION-TECHNOLOGY,"Kareem Jones is a dedicated educator and special education professional with extensive experience in teaching, coordination, and leadership. He specializes in supporting students with visual impairments and has a strong background in special education laws, data analysis, RTI, PBIS, and instructional coaching. Kareem has held roles including Teacher of the Visually Impaired, Special Education Coordinator, Mentor Teacher, and Educational Strategist. He is skilled in developing individualized plans, ensuring IDEA compliance, and fostering inclusive, positive classroom environments. His achievements include improving student outcomes, leading district-wide RTI initiatives, and mentoring new teachers. Kareem holds a Master's in Administration and Supervision and a Bachelor's in Human Resource Management. He is committed to supporting underserved communities and enhancing educational practices through professional development and collaboration.",African_American,Male,Kareem,Jones,Democratic,0,No
129,INFORMATION-TECHNOLOGY,"Ebony Williams is a dedicated elementary school teacher with over seven years of experience, holding Level 2 K-5 certification in Louisiana. She has a strong background in teaching diverse student populations, including those with special needs, in Title I schools. Ebony specializes in creating engaging, inclusive classrooms that foster social, emotional, and cognitive development, utilizing innovative, 21st-century teaching strategies. She is skilled in curriculum development, assessment, and effective communication with parents. Her educational credentials include a B.A. in History and Music Education from Louisiana Tech University and a certification in Elementary Education from Grambling State University. Ebony is passionate about student success and cultural inclusivity, with interests in music and community involvement through affiliations like Tau Beta Sigma and 4-H. She is eager to contribute her expertise to a school environment focused on excellence and diversity.",African_American,Female,Ebony,Williams,Republican,0,No
130,INFORMATION-TECHNOLOGY,"Greg Sullivan is an experienced education and community program professional with a strong background in curriculum development, staff leadership, and organizational management. He currently serves as the Girl Scouts of the Missouri Heartland – Cole County Service Unit Manager, where he develops training materials, supports volunteers, manages service activities, and oversees camp operations. Greg has extensive experience in educational settings, including over a decade as a public school teacher and curriculum specialist, focusing on literacy, mathematics, assessment, and standards-based grading. He has led professional development initiatives, mentored new teachers, and participated in district leadership programs. His skills include instructional design, staff coaching, project management, community engagement, and strategic planning. Greg holds a Master’s in Educational Leadership and Policy Analysis, a Bachelor’s in Elementary Education, and certifications in school administration and elementary education.",White,Male,Greg,Sullivan,Democratic,0,No
131,INFORMATION-TECHNOLOGY,"Leroy Williams is an experienced human resources and training professional with over 2 years of expertise in developing and delivering corporate and online training programs, utilizing tools like the ADDIE model, Moodle, Captivate, and Adobe Suite. His background includes designing curriculum, managing projects, and improving processes to align training with business goals. Leroy has held roles such as Instructional Designer, Training & Development Manager, and Human Resource Generalist, with notable achievements in e-learning development, employee retention, and digital training solutions. He holds multiple degrees in Instructional Design, Education, and Training & Development from Walden University, Texas A&M University, and Excelsior College. Leroy is affiliated with professional organizations like ASTD and AECT and possesses skills in Adobe software, Microsoft Office, PeopleSoft, and various training and HR tools. His experience spans education, corporate training, HR management, and instructional design, making him a versatile candidate for roles in training, HR, and instructional development.",African_American,Male,Leroy,Williams,Republican,0,No
132,INFORMATION-TECHNOLOGY,"Brett McCarthy is an experienced educator and curriculum developer with a strong background in instructional design, assessment, and e-learning. He holds a Master’s in Education/Curriculum Instruction from the University of Phoenix and a BA in Interdisciplinary Arts & Performance-Visual Arts from Arizona State University. 

Professional Highlights:
- Over a decade of teaching experience, specializing in language arts, writing, and critical thinking strategies.
- Expertise in designing research-based, standards-aligned curricula using ADDIE and Understanding By Design methods.
- Proven success in improving student performance, with language arts scores increasing by up to 12% and high percentages of students meeting/exceeding standards.
- Skilled in developing assessments, staff training, and integrating technology and visual aids to enhance learning.
- Experience managing curriculum revisions, online course development, and quality assurance in higher education settings.
- Strong communication, conflict resolution, and staff development skills.

Key Achievements:
- Increased student scores and satisfaction through innovative curriculum and instructional strategies.
- Led staff development initiatives and collaborated with faculty to improve teaching practices.
- Developed college courses for multiple disciplines, improving student engagement and satisfaction rates from 65% to 85%.

Skills include curriculum development, instructional design, research, staff training, conflict resolution, and proficiency with MS Office, Learning Management Systems, and e-learning tools.",White,Male,Brett,McCarthy,Republican,0,No
133,INFORMATION-TECHNOLOGY,"Ebony Jackson is a highly qualified Social Studies educator with over 9 years of teaching experience in urban public schools, holding valid certifications in California and Florida. She has degrees in Criminology, Political Science, and Secondary Social Science Education from Florida Atlantic University, with extensive classroom and community engagement. Her expertise includes creating interactive, standards-aligned lessons, cross-curricular collaboration, and supporting diverse student needs, including ESOL and special education. Ebony has experience coaching track and cross country, managing educational programs, and organizing community and fundraising events. Bilingual in Farsi and English, she demonstrates strong organizational, leadership, and innovative classroom management skills. She is committed to student success and professional growth, with a background in developing data-driven curricula and fostering partnerships with local businesses.",African_American,Female,Ebony,Jackson,Democratic,0,No
134,INFORMATION-TECHNOLOGY,"Kareem Robinson is an experienced educator and customer service professional with a strong background in teaching, paraprofessional support, and substitute teaching since 2013. He holds a Bachelor of Arts in History & Social Studies Education with a minor in Anthropology and possesses Virginia and Florida teaching licenses. Kareem demonstrates excellent problem-solving, organizational, and interpersonal skills, with proficiency in Microsoft Office, analytics, SEO, and quick learning abilities. His teaching approach emphasizes positive reinforcement, differentiated instruction, and engaging learning methods. Additionally, he has retail and customer service experience, including roles as a Solution Specialist, Sales Representative, and Server, showcasing his ability to communicate effectively and provide exceptional service. Kareem is reliable, personable, detail-oriented, and a team player, making him well-suited for roles in education, customer service, or related fields.",African_American,Male,Kareem,Robinson,Democratic,0,No
135,INFORMATION-TECHNOLOGY,"Kenya Washington is a highly experienced Vocal Music Teacher with a Bachelor’s and Master’s in Music Education from Kansas State University and Sterling College. She has over 20 years of teaching experience across elementary, middle, and high school levels, specializing in vocal music, band, and general music. She has successfully rebuilt and enhanced music programs, increasing concert attendance and developing performance groups. Kenya is skilled in diverse teaching methods, including Brain Research Strategies, Multiple Intelligences, HOTS, and Explicit Instruction, with a passion for fostering students’ love for music and performance. 

Her professional background also includes leadership roles such as MTSS team member, corporate trainer, and customer service manager. She has experience in dual-language environments and has implemented bilingual strategies in her teaching. Additionally, she has held roles in corporate HR, quality control, and customer service, demonstrating strong organizational and leadership skills.

Key qualifications:
- Over 20 years of music education experience
- Expertise in vocal music, choir, band, and general music
- Proven success in program development and increasing student engagement
- Skilled in diverse instructional strategies and bilingual education
- Leadership in MTSS, corporate training, and quality control

Affiliations include MEA/NEA, UTW, and the SU Alumni Choir. Kenya is passionate about teaching and dedicated to building a solid musical foundation for her students.",African_American,Female,Kenya,Washington,Republican,0,No
136,INFORMATION-TECHNOLOGY,"Laurie Kelly is a dedicated early childhood educator with extensive experience in preschool and toddler care, classroom management, and curriculum development. She holds an Associate of Arts in Early Childhood Education (near completion) and certifications including CDA credentials, CPR, First Aid, Food Handlers Permit, and Head Trauma training. Laurie has over a decade of hands-on teaching experience, implementing developmentally appropriate curricula, managing behavioral issues, and supporting children with special needs. She is skilled in creating engaging, creative activities using arts and music, maintaining detailed records, and fostering a safe, nurturing environment. Her background includes working with diverse learning styles, identifying developmental concerns early, and collaborating effectively with parents. Laurie is organized, cheerful, and committed to providing high-quality early childhood education.",White,Female,Laurie,Kelly,Republican,0,No
137,INFORMATION-TECHNOLOGY,"Tyrone Robinson is a highly organized administrative professional with over 10 years of experience supporting senior executives and managing office operations. He has a strong background in office management, data archiving, invoicing, and customer service. Tyrone has extensive teaching experience as a teacher and intern, developing engaging lessons across multiple subjects and collaborating with colleagues. His work history also includes roles as a legal secretary, office manager, teller, accounts receivable administrator, dental assistant, and customer service representative. He holds a Bachelor of Science in Elementary Education from the University of Louisiana at Lafayette and is a Louisiana Highly Qualified Teacher. Skilled in Microsoft Office, database management, social media, and critical thinking, Tyrone excels under pressure, with excellent planning, coordination, and communication abilities.",African_American,Male,Tyrone,Robinson,Republican,0,No
138,INFORMATION-TECHNOLOGY,"Carrie Baker is a compassionate elementary and middle school teacher with extensive experience in STEM, ELA, Math, and Science instruction. She has over seven years of teaching experience, including classroom management, lesson planning aligned with Common Core standards, and differentiated instruction. Carrie is skilled in integrating technology, fostering positive relationships with students, parents, and staff, and creating engaging, hands-on learning activities. She holds a Master’s in Special Education and a New York State Teaching Certificate, with additional certifications in general and differentiated instruction. Her strengths include curriculum development, student assessment, and collaborative teamwork.",White,Female,Carrie,Baker,Republican,0,No
139,INFORMATION-TECHNOLOGY,"Latonya Robinson is a dedicated and motivated educator with extensive experience in elementary and special education. She holds a Bachelor's degree in Psychology and multiple teaching endorsements, including Connecticut Collaboration and Collaborative Endorsements for Elementary and Special Education. She has over a decade of teaching experience, primarily as a classroom teacher, with expertise in lesson planning, differentiated instruction, integrating technology, and assessment. Latonya is skilled in using various curricula such as Go Math, Eureka, Engage NY, and FOSS Science, and has experience preparing students for standardized tests like the Connecticut Mastery Tests and Smarter Balanced assessments. She employs positive behavior support strategies and collaborates effectively with colleagues. Her technical skills include Microsoft Office, Google applications, Infinite Campus, and educational technology tools. She has been recognized for academic excellence and holds memberships in several honor societies. Her goal is to inspire lifelong learning and foster a positive educational environment.",African_American,Female,Latonya,Robinson,Democratic,0,No
140,INFORMATION-TECHNOLOGY,"Greg Sullivan is a dedicated and compassionate educator with a Bachelor’s in Childhood Education (grades 1-6) and a minor in Psychology. He has extensive experience creating engaging, individualized learning environments, including current teaching roles and a student teaching internship in a first-grade classroom. His skills include lesson planning, classroom management, student assessment, and fostering positive relationships. Greg is also certified in First Aid, CPR, and child safety regulations, and is trilingual in English, Russian, and Hebrew. Additionally, he has managerial experience from a dental office, demonstrating leadership, organizational, and communication skills. He is motivated to inspire students and promote their social, emotional, and academic growth.",White,Male,Greg,Sullivan,Republican,0,No
141,INFORMATION-TECHNOLOGY,"Todd Kelly is a compassionate and experienced Certified Nursing Assistant (CNA) with a strong background in patient care, including wound care, mobility assistance, catheter management, and medication administration. He holds a valid Pennsylvania CNA license (2015-2017) and CPR/BLS certification. Todd has extensive experience providing personal hygiene, ADL support, vital sign monitoring, and household tasks in healthcare settings and home health environments. He is skilled in charting, HIPAA compliance, and maintaining a safe, sanitary environment. Additionally, Todd has worked with children in educational settings, demonstrating versatility and strong interpersonal skills. He is flexible, reliable, and willing to work weekends, with a proven ability to handle physically demanding tasks and adapt to busy environments. Todd holds a high school diploma and completed an entry-level nurse aide program, making him well-equipped for roles in healthcare and caregiving.",White,Male,Todd,Kelly,Democratic,0,No
142,INFORMATION-TECHNOLOGY,"Sarah Sullivan is a dedicated elementary school teacher with over a decade of experience in urban public schools. She holds a Texas Teaching Certificate with an Early Childhood Education endorsement and a Master’s in Education from The University of Texas. Sarah specializes in curriculum development, classroom management, and differentiated instruction, with strong knowledge of IEPs, standardized testing, and Title I programs. She has a proven track record of improving student reading levels through guided reading and engaging instructional techniques. Her experience includes teaching 4th grade and early childhood, tutoring, and participating in curriculum committees. Sarah is compassionate, flexible, and skilled at building positive relationships with students, parents, and staff. She is committed to fostering a stimulating learning environment and continuously improving her teaching practices.",White,Female,Sarah,Sullivan,Republican,0,No
143,INFORMATION-TECHNOLOGY,"Aisha Robinson is a dedicated professional with extensive experience in dance, community service, and education. She has over 19 years of leadership as a lead/post-graduate company dancer, performing in large-scale productions and collaborating with renowned dancers from India and the U.S. She has received awards such as the Rangoli Artistic Merit Award (2016) for her dance achievements and has promoted Indian culture through performances at schools, temples, and events including Disney.

In community engagement, Aisha has served as Vice President of the Youth Committee for the Karnataka Cultural Association of Southern California since 2010, organizing fundraisers and emceeing cultural events. She also volunteered at Lakeview Senior Center, supporting elderly care and organizing entertainment activities.

Her professional experience includes teaching children with Autism through music, dance, and art, as well as choreographing and performing in various dance styles such as Bollywood and Bharatanatyam. She interned at Hoag Hospital, gaining hands-on experience in acute care, patient support, and medical procedures, and holds a B.S. in Chemistry from California State University with a 3.65 GPA.

Skills include dance, teaching, autism support, healthcare assistance, fundraising, and basic medical procedures. Aisha combines artistic talent, community leadership, and healthcare knowledge, making her a versatile candidate for roles in arts, education, or community services.",African_American,Female,Aisha,Robinson,Republican,0,No
144,INFORMATION-TECHNOLOGY,"Sarah Ryan is an experienced Program Manager and educator with 9 years of expertise in teaching, community engagement, and program development. She holds a Master's in Education from the University of Denver and a Bachelor's in Political Communications from Emerson College. Sarah has a strong background in culturally responsive teaching, diversity and inclusion, conflict resolution, and educational policy. Her roles include teaching in Denver Public Schools, coordinating service learning and after-school programs, and managing community outreach initiatives. She is skilled in strategic planning, partnership building, training, and data analysis, with certifications in Colorado teaching, conflict resolution, and ELA education. Active in professional organizations, she is passionate about educational equity, community development, and leadership.",White,Female,Sarah,Ryan,Democratic,0,No
145,INFORMATION-TECHNOLOGY,"Tamika Williams is an experienced educator and administrative professional with a strong passion for children's development and education. She has over a decade of teaching middle school subjects including U.S. History, Civics, Geography, and English, with expertise in curriculum development, student assessment, and classroom management. Her background also includes administrative roles such as Office Manager, Student Services Assistant, and Business Manager, demonstrating skills in office support, record keeping, budgeting, travel coordination, and team leadership. She holds a Master of Science in Education and a Bachelor of Science in Behavioral Science. Tamika possesses excellent communication, multi-tasking, leadership, and computer skills (Microsoft Office, QuickBooks, internet research). She is reliable, flexible, and a dedicated team player seeking a position to leverage her skills in education and administration for long-term growth.",African_American,Female,Tamika,Williams,Democratic,0,No
146,INFORMATION-TECHNOLOGY,"Hakim Jones is a dedicated child care professional with extensive experience in early childhood education, family support, and program management. Currently a Teacher since 2014, he provides developmental and educational support to children aged 3-5, promotes family engagement, and ensures compliance with state and federal regulations. His prior roles include Home Visitor, Youth Counselor, Family Support Specialist, and Program Worker, where he specialized in family recruitment, home visits, case management, and coordinating services for children and families. Hakim holds a Child Development Site Supervisor's Permit and a BA in English Language. He is skilled in child care, family services, program evaluation, record-keeping, and staff supervision. Recognized for his dedication with certificates of appreciation and completion, he seeks to contribute to a growth-oriented, service-driven organization.",African_American,Male,Hakim,Jones,Democratic,0,No
147,INFORMATION-TECHNOLOGY,"Brad McCarthy is an experienced early childhood educator with a strong background in child development, behavior management, and curriculum implementation. He holds a Child Development Associate (CDA) and is pursuing a BA in Elementary Education with a focus on Special Needs. Brad has over a decade of teaching experience in preschool settings, emphasizing positive reinforcement, safety, and developmental milestones. He is certified in CPR and First Aid, with skills in conflict resolution, food handling, and team collaboration. Brad is dedicated to fostering a nurturing, engaging environment for children and maintaining effective communication with parents and colleagues. His background also includes supervisory experience and volunteer leadership, demonstrating his commitment to community involvement and child welfare.",White,Male,Brad,McCarthy,Democratic,0,No
148,INFORMATION-TECHNOLOGY,"Tamika Washington is an experienced retail professional with over 5 years of management and sales expertise, including roles as Assistant Manager and Store Manager. She excels in customer service, staff training, inventory management, and store operations, with a proven track record of increasing sales and reducing shrinkage through effective loss prevention strategies. Tamika has strong leadership, communication, and conflict resolution skills, and is adept at multi-tasking in fast-paced environments. Her background also includes teaching experience, demonstrating her ability to establish positive relationships and employ instructional techniques. She holds an Associate’s degree in Nursing-related coursework and has completed training in Microsoft Office. Tamika is reliable, flexible, and committed to team success, making her a valuable candidate for retail or customer service management roles.",African_American,Female,Tamika,Washington,Democratic,0,No
149,INFORMATION-TECHNOLOGY,"Kristen Walsh is a dedicated professional with over 5 years of leadership in event planning, project management, and educational initiatives, complemented by extensive teaching experience since 2003. She is bilingual in English and Spanish, with strong communication skills. Her current role is a 4th-grade Bilingual Teacher, achieving high academic success and actively participating in school committees, programs, and conferences, including PBIS and Robotics. She has experience launching school events like talent shows and robotics camps, and has served as a spokesperson and presenter at regional conferences.

Her background also includes sales and marketing management, where she successfully expanded markets, increased revenue, and led advertising campaigns, demonstrating strong strategic and public relations skills. Kristen holds a Master’s in Educational Leadership (2015) from Concordia University and a Bachelor’s in Marketing from the University of Texas (1999).

Key skills include curriculum development, bilingual education, public speaking, community relations, marketing, project management, and proficiency in various digital tools. She emphasizes her community engagement and personal success as an Ysleta at-risk student, positioning her as a motivated and community-oriented candidate suited for roles in education, community outreach, or related fields.",White,Female,Kristen,Walsh,Democratic,0,No
150,INFORMATION-TECHNOLOGY,"Kareem Williams is a highly experienced educator with over 27.5 years of teaching chemistry, physics, and mathematics at high school levels. He holds a Bachelor of Science in Chemistry from the University of Montevallo and possesses a Texas Teaching Certificate with core competencies. Kareem is skilled in curriculum development, lesson planning, behavior management, and differentiating instruction to meet diverse student needs. He has a strong track record of engaging students, fostering problem-solving skills, and maintaining accurate records. His experience includes teaching in various settings, managing classrooms of different sizes, and collaborating with staff and parents. Kareem is motivated, adaptable, and committed to professional growth, making him a valuable candidate for educational roles requiring expertise in STEM subjects and student engagement.",African_American,Male,Kareem,Williams,Republican,0,No
151,INFORMATION-TECHNOLOGY,"Sarah Walsh is an experienced educator with a strong background in early childhood teaching and curriculum development. She holds a Master’s in Educational Leadership and a Bachelor’s in Sociology. Currently a preschool teacher since 2014, she specializes in creating engaging, developmentally appropriate activities, managing classroom behavior, and collaborating with staff. Her previous teaching roles involved planning lessons, organizing activities, and fostering creativity through arts, music, and storytelling. Sarah has excellent organizational, communication, and leadership skills, with proficiency in Microsoft Office and various educational tools. She is seeking an Education Coordinator position to leverage her curriculum management, training coordination, and communication abilities.",White,Female,Sarah,Walsh,Republican,0,No
152,INFORMATION-TECHNOLOGY,"Keisha Robinson is an experienced educator with 11 years of teaching expertise, specializing in classroom management, behavioral development, student motivation, and mentoring. She holds a Master’s in Counseling and a Bachelor’s in Education. Her core skills include curriculum development, positive reinforcement, behavioral modification, and differentiated instruction, with additional certifications in CPR and teaching. Keisha has demonstrated leadership as a Head Teacher, Union Representative, and Department Chair, and has a strong background in coaching basketball and supervising extracurricular activities. She has also worked in security and supervisory roles, showcasing versatility and leadership. Her achievements include helping over 300 students meet IEP goals, serving as a mentor, and receiving multiple awards. Keisha is actively involved in community and professional organizations, including Chi Sigma Iota and Lincoln Challenge Academy.",African_American,Female,Keisha,Robinson,Republican,0,No
153,INFORMATION-TECHNOLOGY,"Lakisha Washington is a highly experienced customer service and childcare professional with over 15 years of client interaction, sales, and management expertise. She has a strong background in office management, team leadership, and early childhood education. Her key strengths include organizational skills, conflict resolution, active listening, and sales techniques. She has successfully managed customer engagement campaigns, increased sales and enrollment, and maintained detailed reports and database records. Lakisha has extensive childcare experience, including managing daycare centers, developing curricula, and fostering positive environments for children aged 1-14. She holds an Associate of Arts in Business and is a member of the Child Development Association. Her skills encompass cash handling, multi-tasking, and excellent communication, making her a versatile candidate for roles in customer service, office management, or childcare.",African_American,Female,Lakisha,Washington,Democratic,0,No
154,INFORMATION-TECHNOLOGY,"Latonya Jackson is a Master of Science in Microbiology with expertise in food protection and microbiology, including food safety, microbial toxicology, and environmental microbiology. She has extensive teaching experience at universities in Colombia, focusing on microbiology, food microbiology, and quality control. Her research includes biodegradable packaging with whey protein, antimicrobial films, and lactic acid bacteria applications in food industry. She has practical experience implementing GMP, HACCP, and safety management systems, as well as internal quality auditing. Her publications cover food safety risk assessments, antimicrobial films, and bacteriocins. She is affiliated with ACTA and has skills in microbiology, quality control, laboratory management, and industry standards like ISO 9001.",African_American,Female,Latonya,Jackson,Democratic,0,No
155,INFORMATION-TECHNOLOGY,"Kareem Jackson is a dedicated professional with experience in education and social services. He has worked as a Teacher (2015-2017), developing lesson plans and fostering meaningful learning environments, and as a Social Services Specialist (2014-present), coordinating discharge planning, providing community referrals, and assessing patient needs. Kareem holds a Bachelor’s in Psychology from Warner University and a Bachelor’s in Social Work from Nova Southeastern University, currently pursuing a Master of Science in Forensic Psychology at Southeastern University. He has strong skills in discharge planning, patient evaluation, and supervision. His honors include multiple academic societies, leadership roles such as Vice President of the Social Work and Psychology Student Association, and recognition on the Dean’s List and Academic All-Conference team. He is a member of NASW and has a background as a student-athlete with a Bright Futures Scholarship.",African_American,Male,Kareem,Jackson,Democratic,0,No
156,INFORMATION-TECHNOLOGY,"Aisha Robinson is a highly motivated Medical Assistant with extensive clinical and administrative skills. She has hands-on experience in vital signs measurement, patient examinations, medication administration, phlebotomy, and patient education. Proficient in EMR software, billing, coding, appointment scheduling, and insurance verification. She also has teaching experience and a strong educational background with a Clinical Medical Assistant certification from South West Schools. Key skills include anatomy, medical terminology, patient care, injections, and ultrasound. She is seeking a role to contribute her clinical support and administrative expertise in a healthcare setting.",African_American,Female,Aisha,Robinson,Democratic,0,No
157,INFORMATION-TECHNOLOGY,"Brendan Kelly is an experienced elementary school teacher with a Mississippi teaching certificate and a strong background in urban public schools. He has over 15 years of teaching experience, specializing in literacy, classroom management, and differentiated instruction. Brendan is recognized for his excellent communication skills, ability to build trusting relationships, and commitment to creating engaging, supportive learning environments. His accomplishments include being named “Teacher of the Year” in 2009. He is proficient in assessment, IEPs, Title I strategies, and standardized testing. Brendan is adaptable, culturally sensitive, and dedicated to student success, with skills in lesson planning, technology integration, and collaboration with parents and staff.",White,Male,Brendan,Kelly,Democratic,0,No
158,INFORMATION-TECHNOLOGY,"Kristen Murphy is an experienced educator with over 20 years of teaching in Mathematics and Science. She holds a Master's in Education and Bachelor's degrees in Education and Science from institutions in Pakistan. Kristen is dedicated to fostering creativity, problem-solving, and respect among students, with a strong focus on effective instructional practices and personalized attention. She has extensive experience working with diverse learners, including special needs children, and is proficient in Microsoft Office and mathematics software. Kristen is reliable, communicative, and adaptable, with skills in classroom management, lesson planning, and student assessment.",White,Female,Kristen,Murphy,Democratic,0,No
159,INFORMATION-TECHNOLOGY,"Aisha Robinson is an experienced educator and accounts receivable clerk with a strong background in teaching children from preschool through high school. She holds a Bachelor of Arts in Education from Schreiner University and is certified to teach EC-4th grade, with a willingness to become certified in other fields. Her teaching experience includes kindergarten, daycare, and secondary education, with a focus on creating positive, engaging learning environments and supporting student development. She has also worked in customer service and accounts receivable roles, demonstrating strong communication, problem-solving, and computer skills. Aisha is committed to fostering diverse, professional environments and is willing to relocate anywhere. She holds additional certifications in Texas for insurance and has a personal interest in MMA, holding an orange belt.",African_American,Female,Aisha,Robinson,Democratic,0,No
160,INFORMATION-TECHNOLOGY,"Meredith Murray is a dedicated educator with 17 years of experience in teaching and counseling. She has expertise in teaching English and Spanish to diverse student populations, including newcomers to the U.S. and LEP students. She has successfully implemented IB and standard Spanish curricula, promoted bullying prevention, and participated in LPAC and Student Assistance Programs. Meredith holds a Master’s in Education with Counseling Certification, a Bachelor’s in Psychology, and multiple teaching endorsements, including bilingual and Spanish. Her professional background includes developing curricula for elementary and middle school students, fostering inclusive and safe classroom environments, and collaborating with educators and families. She is bilingual in English and Spanish, with skills in counseling, leadership, workshop facilitation, and goal setting.",White,Female,Meredith,Murray,Republican,0,No
161,INFORMATION-TECHNOLOGY,"Brendan Kelly is a dedicated high school math educator with nearly 19 years of experience, currently teaching in Maryland. She holds a Master’s in Math Education and a Master’s in Education, with extensive expertise in differentiated instruction, interactive teaching, and working with special needs students. Brendan has received multiple teaching awards, including Teacher of the Month and nominations for Teacher of the Year, and has held leadership roles such as H3 team leader and Math Mentors Club moderator. She has a strong record of student achievement, including high assessment pass rates. Her professional experience spans teaching Algebra, Geometry, Data Analysis, and Honors classes across grades 9-12. Brendan is proficient in various software tools, committed to student success, and actively involved in community service, including CPR certification and medical missions. She is a Maryland-certified teacher, a member of several professional unions, and resides in Carroll County, Maryland.",White,Male,Brendan,Kelly,Republican,0,No
162,INFORMATION-TECHNOLOGY,"Keisha Williams is an experienced education professional with a strong background in curriculum development, classroom management, and student mentorship. She holds a Master’s in Education with a focus on Curriculum & Instruction in Environmental Education and a Bachelor’s in Earth Science Education. Keisha has over a decade of teaching experience, primarily in Earth Science and Environmental Science, utilizing innovative teaching tools like Smart Boards and film to enhance learning. 

She has demonstrated leadership through developing student government initiatives, organizing school-wide events, and leading community service projects such as environmental clean-ups and recycling programs. Keisha has also served as a female soccer assistant coach, fostering teamwork and physical development among students. Her previous roles include school safety officer and youth care worker, where she gained experience in creating safe environments and teaching social skills.

Keisha is certified in First Aid and CPR, proficient in Microsoft Office, GIS, and educational platforms like Engrade and Skedula. She is actively involved in professional organizations such as the National Science Teachers Association and the United Federation of Teachers. Her dedication to fostering hands-on, environmentally conscious learning environments makes her a valuable candidate for educational roles focused on science, environmental education, and student development.",African_American,Female,Keisha,Williams,Democratic,0,No
163,INFORMATION-TECHNOLOGY,"Tanisha Jackson is an experienced professional with a strong background in educational instruction, administrative support, and business operations. She has over a decade of teaching experience, specializing in Language Arts and Social Studies for 5th grade, with a focus on innovative lesson planning, student engagement, and parent communication. She is also skilled in office management, data analysis, and financial reconciliation, with proficiency in Microsoft Office, QuickBooks, and advanced Excel functions. Tanisha is highly organized, detail-oriented, and adept at managing multiple projects simultaneously. Her key strengths include leadership, resourcefulness, and effective communication, making her a versatile candidate for roles in education, administration, or business support. She holds a Bachelor of Arts in Education/Psychology from the University of Maine at Fort Kent.",African_American,Female,Tanisha,Jackson,Republican,0,No
164,INFORMATION-TECHNOLOGY,"Kristen O’Brien is a highly dedicated education professional with over 15 years of experience in teaching, counseling, and mentoring diverse student populations. She currently serves as a School Writing Department Chair and 5th Grade Level Chair, with a strong background in urban public schools. Kristen has a proven track record of improving test scores, including achieving an 85% proficiency on the Georgia Milestone English Language Arts exam and a 95% pass rate on the Georgia Writing test. She is skilled in differentiated instruction, data-driven teaching, and integrating technology to enhance learning.

Her experience includes classroom instruction across multiple grade levels and subjects, curriculum development, school-wide workshops on standards, and community engagement through mentoring programs. Kristen holds a Master’s in Reading and Literacy Development and a Bachelor’s in Social Science, with multiple Georgia teaching certifications. She has also contributed to professional publications and presentations on mentoring, African American male students, and media influence.

Key strengths include leadership, relationship-building, adaptability, and a calm, critical thinker capable of working under pressure.",White,Female,Kristen,O’Brien,Republican,0,No
165,INFORMATION-TECHNOLOGY,"Sarah Murray is an experienced and organized business professional with a strong background in education, program management, logistics, and customer service. She holds a Graduate Teaching Licensure from The College of Saint Scholastica and a Bachelor's degree in Marketing Communications from Metropolitan State University. Currently, she is pursuing a Master of Science degree.

Her key strengths include leadership, relationship building, communication, and attention to detail. She has extensive experience as an elementary and middle school teacher, demonstrating autonomy, classroom management, and curriculum development. She also has leadership experience as a Site Leader for summer programs, overseeing operations, safety, and staff support.

Sarah has a background in logistics and distribution management, handling import/export operations, warehousing, and distribution, with strong skills in negotiation, documentation, and coordination. Her earlier roles include customer service, marketing support, and technical sales support, showcasing her versatility and communication skills.

Proficient in Microsoft Office Suite and other information management systems, Sarah is a well-rounded candidate with a solid foundation in education, program coordination, and business operations.",White,Female,Sarah,Murray,Democratic,0,No
166,INFORMATION-TECHNOLOGY,"Brendan Baker is an experienced Senior Accountant with a strong background in healthcare billing, financial reconciliation, and regulatory compliance, primarily within the Texas education and state health systems. He has a proven track record of recovering over $5 million through audits, improving productivity by 30% via automation, and managing complex billing and accounts receivable processes for TRS and school districts. Brendan has been recognized for outstanding performance, leadership in process improvement projects, and excellent customer service. His education includes a Bachelor's in Business Administration from Concordia University and an Associate's from American Intercontinental University. Skilled in accounting, budgeting, audits, and healthcare finance, Brendan is a dedicated team player with a history of delivering cost-saving solutions and process enhancements.",White,Male,Brendan,Baker,Democratic,0,No
167,INFORMATION-TECHNOLOGY,"Todd Ryan is a dedicated Special Education Teacher with over 10 years of experience working with high school students facing emotional and behavioral challenges. He specializes in curriculum development, individualized education plans (IEPs), behavior modification, and differentiated instruction. Todd has a strong background in classroom management, parent communication, and employing educational strategies to enhance social, study, and test-taking skills. His professional history includes roles as a teacher, teacher assistant, residential counselor, and therapeutic recreational counselor, demonstrating a comprehensive approach to supporting students with developmental and emotional disabilities. He holds a Master’s in Human Resource Management and a Bachelor’s in Social Relations, with dual certification in K-12 Special Education and Elementary Education. Todd is CPR and First-aid certified, with skills in behavioral development, performance assessments, and classroom management. He is actively involved in community service and volunteer coaching, showcasing his commitment to youth development.",White,Male,Todd,Ryan,Democratic,0,No
168,INFORMATION-TECHNOLOGY,"Jay Sullivan is an organized and driven educator with experience in teaching, tutoring, and childcare. He has a strong background in mathematics education, with over 100 hours of classroom observation and teaching experience at various middle and high school levels. Jay is proficient in Microsoft Office, effective in communication, and skilled in managing and engaging students through interactive methods. 

His work history includes roles in childcare, retail management, and leadership positions such as Assistant Manager and Shift Supervisor, where he demonstrated skills in team leadership, customer service, and operational management. Currently pursuing a Bachelor of Science in Education from the University of Central Missouri, Jay has received awards for excellence and leadership at Beauty Brands. 

Key skills include mathematics, tutoring, childcare, team collaboration, communication, management, and sales. He is committed to tailoring instruction to individual student needs and maintaining organized, efficient work practices.",White,Male,Jay,Sullivan,Republican,0,No
169,INFORMATION-TECHNOLOGY,"Neil Baker is a highly motivated early childhood education professional with over 10 years of experience supporting young children and parents in fast-paced environments. He holds an AAS in Early Childhood Education from St. Augustine College. Neil has extensive experience in teaching, classroom management, project coordination, and administrative support within daycare and educational settings. Skilled in developing educational projects, streamlining processes, and managing documentation, he is proficient in MS Office, Microsoft Project, and bilingual in English and Spanish. Neil is energetic, dependable, and excels at working with children, including those with special needs. His background includes curriculum planning, creating a safe and engaging environment, and supporting children’s developmental needs. He is also experienced in art design for children’s projects and has strong organizational and problem-solving abilities.",White,Male,Neil,Baker,Republican,0,No
170,INFORMATION-TECHNOLOGY,"Brett Ryan is a dedicated educator and Marine Corps veteran with extensive experience in teaching, leadership, and program development. He has over nine years of teaching experience across multiple subjects, including Law, Government, Algebra, Sociology, and History, working with diverse student populations and creating customized learning plans. Brett has held leadership roles such as Department Chair and Special Programs Coordinator, overseeing teams, training staff, and supporting at-risk students. He is skilled in distance learning, employee training, and communication, with proficiency in MS Office. His educational background includes a Master’s in Instructional Leadership and a Bachelor’s in Social Studies, along with teaching certifications in Social Studies and Middle Level Mathematics. As a Marine Corps veteran, he demonstrated leadership as a squad leader in heavy weapons infantry. Brett is goal-oriented, deadline-driven, and interested in family, golf, swimming, and camping.",White,Male,Brett,Ryan,Republican,0,No
171,INFORMATION-TECHNOLOGY,"Hakim Jackson is an experienced professional with over 9 years in education and administrative roles. He has a strong background in teaching (grades 2-12), curriculum implementation, student performance assessment, and parent communication. Additionally, he has extensive administrative experience as a city clerk and bookkeeper, handling office correspondence, records management, financial transactions, and secretarial duties. Hakim holds a Bachelor’s degree in Elementary Education with Reading and ESOL endorsements and an Associate’s in Advertising Design. His skills include bookkeeping, office management, lesson planning, communication, and notary public services. He is organized, detail-oriented, results-driven, and seeks a role with increased responsibility.",African_American,Male,Hakim,Jackson,Republican,0,No
172,INFORMATION-TECHNOLOGY,"Jermaine Williams is an experienced educator and professional with a strong background in teaching, instructional leadership, and project coordination. He holds a Bachelor of Science in Multidisciplinary Studies with a focus on English, along with Texas teaching certification, ESL certification, and CPI certification. 

His career includes over six years as a Math Teacher and Intervention Specialist, where he demonstrated leadership, achieved a 100% student pass rate, and mentored new teachers. He has also held roles in store coordination, managing store openings and logistics, and gained experience as a Property Adjuster with Farmers Insurance, evaluating property damage and working with contractors.

Key skills include instructional strategies, behavior management, relationship management, logistics, project coordination, and customer service. He is recognized for his integrity, reliability, collaborative approach, and problem-solving abilities. Jermaine is seeking an Academic Advisor position to leverage his educational expertise and interpersonal skills to support student success.",African_American,Male,Jermaine,Williams,Republican,0,No
173,INFORMATION-TECHNOLOGY,"Tamika Jackson is a dedicated educator with extensive experience in elementary education, including kindergarten, first, and third grades. She is a certified ESL instructor with a strong focus on differentiated instruction, classroom management, and collaborative teaching, including co-teaching with inclusion and ELL students. Tamika has expertise in implementing literacy and math programs, assessments, and technology integration (Smart Board, MS Office). She holds a B.A. in Early Childhood Education, an M.A. in Teacher Leadership, and an ELL endorsement. Her skills include academic assessment, positive behavior reinforcement, and creating supportive, engaging classroom environments.",African_American,Female,Tamika,Jackson,Democratic,0,No
174,INFORMATION-TECHNOLOGY,"Hakim Robinson is a dedicated education professional with extensive experience supporting students of all abilities, including those with special needs. He holds multiple teaching certifications, including Moderate and Severe Disabilities, and is SEI endorsed. Hakim excels in classroom management, data-driven curriculum development, and differentiating instruction. He has a strong background in working collaboratively with colleagues and parents, and is proficient with SMARTboard technology. His experience includes assisting in special education settings, modifying curricula, and supporting social-emotional and life skills development. He holds a Master’s in Moderate Disabilities and a Bachelor’s in History with a focus on Secondary Education. Hakim is CPR/First-aid certified and an active member of the School Site Council, demonstrating leadership and commitment to student success.",African_American,Male,Hakim,Robinson,Democratic,0,No
175,INFORMATION-TECHNOLOGY,"Emily Baker is a dedicated and organized professional with experience in education, customer service, and community rehabilitation. She holds a BA in Social Work with a minor in Sociology from the University of Maryland and is TESOL certified. Her skills include lesson planning, classroom management, curriculum development, and technology-based instruction, along with strong communication and interpersonal abilities. She has worked as an English teacher, successfully improving students' language skills and engaging in school activities. Additionally, Emily has experience in customer service as a salon shampoo staff, where she managed client needs, trained staff, and contributed to business growth. Her background also includes providing community-based rehabilitation and mental health support. Proficient in MS Office, she is well-equipped for roles requiring instructional, organizational, and interpersonal skills.",White,Female,Emily,Baker,Republican,0,No
176,INFORMATION-TECHNOLOGY,"Tyrone Washington is a versatile professional with experience in education, manufacturing, and logistics. He has worked as a substitute teacher and teacher aide, demonstrating skills in classroom management, student assistance, and teaching yoga. His manufacturing experience includes roles as a forklift driver and quality assurance technician, where he handled product movement, quality checks, and documentation. Tyrone holds three Associate of Applied Science degrees in Business Management, Criminal Justice, and Automotive Technology. He is computer literate, a licensed driver, and skilled in communication, packaging, and quality control.",African_American,Male,Tyrone,Washington,Republican,0,No
177,INFORMATION-TECHNOLOGY,"Brett Ryan is an experienced professional with a background in education, maintenance, and sales. He holds a Bachelor of Arts in Business Administration Management from Eastern Oregon University. His key skills include proficiency in Outlook, Excel, Word, PowerPoint, QuickBooks, and note-taking, along with practical experience in maintenance, inventory management, and customer service. 

Work highlights:
- Substitute Teacher (since 2016): Designed educational activities, managed classroom environments, and maintained positive relationships with students, parents, and staff.
- Maintenance Technician (2015-2016): Managed over 100 lots, handled electrical, plumbing, and landscaping tasks, and advised on equipment and maintenance improvements.
- Sales Associate (2012-2014): Provided customer service, managed inventory, and organized displays.

Brett’s diverse experience demonstrates strong organizational, communication, and technical skills suitable for roles in education, maintenance, or administrative support.",White,Male,Brett,Ryan,Republican,0,No
178,INFORMATION-TECHNOLOGY,"Anne Ryan is a dedicated aspiring middle grades science and math teacher with a Bachelor’s degree in Middle Grades Education (Science Concentration) from North Carolina State University and an Associate of Arts from Caldwell Community College. She has hands-on teaching experience through pre-service roles, including lesson planning, classroom instruction, and accommodations for diverse learners, with a focus on 7th and 8th grade science. Anne has demonstrated strong classroom management, creativity, and effective communication skills. Her background also includes leadership roles such as sports supervision and customer service, complemented by certifications in CPR and First Aid. She is committed to contributing her instructional skills, classroom management, and creativity to a middle school teaching position.",White,Female,Anne,Ryan,Democratic,0,No
179,INFORMATION-TECHNOLOGY,"Jill Murphy is a dedicated and experienced special education professional with over 20 years of expertise in designing and implementing individualized instruction for students with diverse needs, including visual and hearing impairments. She holds a Master of Science in Special Education and a Bachelor's in Hearing Impaired Children from Hampton University. Jill has extensive experience as an inclusion teacher, behavior specialist, occupational teacher, and speech therapist, demonstrating strong skills in behavioral management, curriculum development, and technology integration. She excels in developing individualized plans, collaborating with multidisciplinary teams, and engaging with families to support student growth. Her core strengths include classroom management, behavioral interventions, and special education compliance. Jill is also active in community tutoring and after-school programs, emphasizing her commitment to student development beyond the classroom.",White,Female,Jill,Murphy,Democratic,0,No
180,INFORMATION-TECHNOLOGY,"Latonya Jones is a dedicated education professional with extensive experience in early childhood education and program management. She currently serves as Director and Preschool Teacher, overseeing curriculum development, staff development, enrollment, and compliance with licensing standards. Her prior roles include Lead Teacher and Kindergarten Teacher, where she focused on student development, individualized instruction, and fostering a positive learning environment. Latonya has a background in mental health counseling, enhancing her ability to support student and family needs. She holds a BA in Psychology and Child Welfare from the University of West Florida. Known for her strong communication, leadership, and innovative thinking, she has successfully designed programs to increase school engagement and revenue. Skills include curriculum planning, staff supervision, human resources, and community outreach. Latonya is committed to inspiring students and cultivating leadership in educational settings.",African_American,Female,Latonya,Jones,Republican,0,No
181,INFORMATION-TECHNOLOGY,"Lakisha Williams is a detail-oriented professional with strong leadership, communication, and relationship-building skills. She has experience in education, retail, and customer service, with a focus on providing high-quality service, staff motivation, and operational efficiency. Her work history includes roles as a preschool teacher, supervisor, and team member, demonstrating her ability to collaborate, manage staff, and improve processes. She is currently pursuing an Associate of Applied Science in Business Management at Chattahoochee Technical College and has completed coursework at Valdosta State University. Key skills include Microsoft Office, staff development, customer service, and profit enhancement.",African_American,Female,Lakisha,Williams,Democratic,0,No
182,INFORMATION-TECHNOLOGY,"Brett Baker is a highly experienced teaching professional with over 25 years of expertise in special education, classroom management, and student social/emotional development. He has a strong background in modifying curricula for special needs, developing behavior intervention plans, and fostering positive learning environments. Brett has held roles as a teacher and resource specialist, working with diverse student populations, including at-risk and gang-affiliated youth. His skills include instructional design, behavior management, collaboration with parents and staff, and implementing technology in education. He holds a Master’s in Education Administration and a Master’s in Elementary Education/Technology, along with a Bachelor’s in Special and Elementary Education. Brett is committed to school improvement, student success, and creating safe, engaging classrooms.",White,Male,Brett,Baker,Republican,0,No
183,INFORMATION-TECHNOLOGY,"Matthew Baker is a dedicated childcare professional with certification in Early Childhood Education and extensive experience working with infants, toddlers, and preschoolers. Skilled in creating engaging, developmentally appropriate curricula, he is adept at managing behavioral and educational issues while maintaining a positive and playful environment. His experience includes assistant teaching, student teaching in VPK classrooms, and supporting classroom activities. He is certified in CPR and First Aid, highly organized, approachable, and a reliable team player. Matthew has strong communication skills, experience with record-keeping, and knowledge of Head Start programs. His qualifications are complemented by volunteer work with Special Olympics and proficiency in computer and publishing software.",White,Male,Matthew,Baker,Democratic,0,No
184,INFORMATION-TECHNOLOGY,"Summary:
Dedicated professional with experience in early childhood education, customer service, and support roles. Skilled in creating positive environments for children, managing passenger services, and assisting individuals with special needs. Proficient in Microsoft Office Suite, internet research, and customer interaction. Holds an Associate of Science in Teachers Education and a high school diploma. Willing to relocate and authorized to work in the US.",White,Female,Allison,Ryan,Democratic,0,No
185,INFORMATION-TECHNOLOGY,"Brendan Sullivan is a highly motivated, detail-oriented Social Science Teacher with extensive experience in lesson planning, relationship building, and experiential learning for grades 7-12. He holds a Bachelor of Science in Education Social Science from Emporia State University and a Business MBA from the University of Nevada. Brendan has a strong background in classroom management, curriculum development, and fostering critical thinking through engaging activities. 

His professional experience includes guest teaching since 2015, where he incorporates cooperative learning and debate to enhance student engagement. Prior to teaching, Brendan had a successful career in sales and account management, notably growing Starbucks' presence on the Las Vegas Strip and managing relationships with major hospitality and gaming clients, resulting in significant revenue growth. 

He possesses excellent communication, interpersonal, and presentation skills, with additional expertise in branding, business development, and strategic relationship management. Brendan is also involved in scholarly activities and memberships, demonstrating a well-rounded professional profile.",White,Male,Brendan,Sullivan,Republican,0,No
186,INFORMATION-TECHNOLOGY,"Hakim Jackson is a motivated healthcare administration student with extensive experience in administrative support, customer service, and education. He has a strong background in healthcare policies, patient scheduling, billing, and records management, with proficiency in Microsoft Office Suite. His work history includes substitute teaching, veterinary technician/receptionist, and retail sales, demonstrating reliability, communication skills, and ability to handle high-pressure environments. Currently pursuing a Bachelor of Applied Science in Healthcare Administration, he aims to contribute to healthcare organizations. Additional strengths include organizational skills, attention to detail, teamwork, and volunteer work supporting special needs children.",African_American,Male,Hakim,Jackson,Republican,0,No
187,INFORMATION-TECHNOLOGY,"Darnell Williams is an experienced preschool teacher with a strong background in early childhood education, specializing in teaching visual arts, music, and theater. He has been actively engaged in creating dynamic learning environments, promoting social, mental, and physical development through various activities. Darnell also has prior experience as an Opening Coordinator, managing store operations, inventory, and staff supervision. He holds an Associate of Arts in Early Childhood Education from Brookdale Community College and a high school diploma. His key skills include lesson planning, supervising children, cash handling, cost control, and critical thinking, making him a well-rounded candidate for roles in early childhood education and related fields.",African_American,Male,Darnell,Williams,Democratic,0,No
188,INFORMATION-TECHNOLOGY,"Brett Murray is a dedicated professional with experience in customer service and early childhood education, currently working as a preschool teacher since 2015. He has a background in clinical externship with 160 hours at a healthcare facility, and holds an associate degree in Medical Specialties from College America. Brett has strong skills in communication, problem-solving, and working with children, including those with special needs. He is certified in First Aid & CPR and has a fingerprint clearance card. His career goal is to become a pediatric or prenatal RN. Key skills include proficiency in Microsoft Office, with a typing speed of 38 WPM.",White,Male,Brett,Murray,Democratic,0,No
189,INFORMATION-TECHNOLOGY,"Brad Baker is a highly qualified educator with a Ph.D. in Psychology and extensive experience teaching English (7-12), ESL, and psychology in urban public schools. He holds current Connecticut teaching certification and is active in professional development. His strengths include developing positive student rapport, integrating technology, and implementing innovative instructional strategies that improve standardized test scores and student engagement. Notable achievements include increasing 8th-grade writing scores by 18%, successfully supporting ESL students with technology, and leading extracurricular activities such as writing clubs, drama productions, and chess tables. Brad has a strong background in curriculum development, assessment, and collaboration with special education and ESL teams. His educational credentials include a Ph.D. in Counseling Psychology, an M.S. in English, and a B.S. in Education/English, complemented by a Certificate in Women's Studies.",White,Male,Brad,Baker,Republican,0,No
190,INFORMATION-TECHNOLOGY,"Tanisha Jackson is a highly experienced and accomplished floral designer and business owner with over 30 years of expertise in floral design, entrepreneurship, and hospitality industry collaborations. She is a certified professional floral designer, mentored by an AFD founding member, with a proven track record of owning and operating successful floral businesses in Las Vegas, including locations at Caesar's Palace, Las Vegas Hilton, Tropicana Hotel, and Caesar's Palace. She has participated in national competitions, been a finalist, and pioneered innovative floral trends.

Key Skills and Achievements:
- Certified Advanced Floral Designer with perfect exam scores
- Extensive experience sourcing flowers internationally and at auctions
- Skilled in designing, purchasing, inventory management, and staff training
- Negotiated hotel contracts and managed full-service floral operations
- Innovated wedding venue concepts, influencing the industry
- Managed all aspects of business operations, including licensing, taxes, and employee management
- Trained many designers who now work in major hotels
- Additional experience as a guest teacher and substitute teacher, demonstrating strong instructional and interpersonal skills
- Certified in mixology, with a creative and social personality

Education:
- Bachelor of Arts in Secondary Education
- Certified Floral Designer (1978)
- Mixology Certification (2012)

Additional:
- Authorized to work in the US
- Empathetic, positive, creative, and social-oriented professional

Summary:
A dedicated floral designer and entrepreneur with a rich history of innovative floral design, successful business management, and industry influence. Experienced in hospitality collaborations, staff development, and industry trendsetting, with a strong educational background and versatile teaching experience.",African_American,Female,Tanisha,Jackson,Democratic,0,No
191,INFORMATION-TECHNOLOGY,"Hakim Robinson is an experienced professional with a background in early childhood education, customer service, and office administration. He has hands-on experience as a Teacher's Aide, supporting children's development and maintaining a safe, engaging environment. His work history also includes roles as a cashier, hostess, and owner, demonstrating strong communication, organizational, and customer service skills. Hakim holds an Associate of Science in Computer Information Science and has completed coursework in Social Work and Office Assistance. He is dependable, energetic, and team-oriented, with skills in recordkeeping, child development, first aid, and clerical tasks.",African_American,Male,Hakim,Robinson,Republican,0,No
192,INFORMATION-TECHNOLOGY,"Kristen Murphy is a dedicated education professional with over 11 years of experience in teaching, leadership, and community engagement. She holds a Master's in Curriculum and Instruction and a Bachelor's in Art Education K-12, along with additional graduate coursework. Kristen has served as an Art Teacher, Community Education Director, Student Council Advisor, and Enrichment & Pool Coordinator, demonstrating strong skills in curriculum development, classroom management, program coordination, and staff supervision. She is recognized for her leadership, community involvement, and awards such as the Coca Cola Scholars Educator of Distinction and multiple student council honors. Kristen is certified in K-12 Art Education, Community Education, and Curriculum and Instruction Licensure. She is actively involved in community projects, volunteer work, and professional associations, showcasing her commitment to education and community service.",White,Female,Kristen,Murphy,Democratic,0,No
193,INFORMATION-TECHNOLOGY,"Rasheed Jackson is an experienced early childhood and special needs educator with over 12 years of teaching, leadership, and case management experience. He holds a Master's in Education with a focus on Special Education and Early Childhood, along with a Bachelor's in Psychology. Rasheed is skilled in classroom management, innovative lesson planning, and working effectively with diverse student populations, including those with special needs. He has a strong track record of developing engaging curricula, assessing student needs, and collaborating with parents and colleagues to ensure student success. His professional roles include Lead Teacher, Head Teacher, and Case Manager, where he managed student progress, supervised staff, and provided community-based support for at-risk youth. Bilingual in English and Spanish, Rasheed is certified in CPR and First Aid and has been recognized for his contributions to educational initiatives, including a UNICEF conference presentation.",African_American,Male,Rasheed,Jackson,Republican,0,No
194,INFORMATION-TECHNOLOGY,"Rasheed Robinson is an experienced education and athletic professional with a Bachelor of Science in Management and Business from Skidmore College and a Master's in Coaching and Athletic Administration from Concordia University. He has a strong background in coaching, recruiting, and program management, with notable achievements including awards for management and leadership, and coaching a CUNYAC Player of the Year.

His professional experience includes:
- Teaching and classroom management for middle school students, focusing on creating engaging learning environments.
- Extensive coaching experience at the high school and college levels, including head coach roles for girls' varsity basketball and assistant coaching for men's basketball, with responsibilities in player development, game strategy, recruitment, and team operations.
- Recruitment and admissions expertise, successfully increasing applicant diversity and enrollment at Holderness School through outreach, event planning, and strategic marketing.
- Leadership in athletic program development, including coordinating tournaments, managing budgets, and collaborating with health and wellness initiatives.

Skills encompass recruitment, team management, program coordination, fundraising, health and wellness, and operational logistics. Rasheed is also affiliated with the WBCA and has experience in community engagement and strategic planning within athletic and educational settings.",African_American,Male,Rasheed,Robinson,Democratic,0,No
195,INFORMATION-TECHNOLOGY,"Kenya Jackson is a dedicated educator with extensive experience teaching middle school science and supporting students with diverse needs. She holds a Master’s in Education & Special Education from Touro College and a Bachelor’s in Early Childhood Education from City College. Kenya has over 18 years of teaching experience, including roles as a Science Teacher, Special Education Teacher, Substitute Teacher, and Teacher Assistant. She is certified in New York State and NYC teaching certifications (N-6) and serves as a certified mentor. Her skills include lesson planning, differentiated instruction, technology integration (Smart Boards, PowerPoint), and familiarity with IEPs and standardized testing. She actively participates in professional roles such as STEM coordinator, field trip coordinator, and science fair point coordinator. Kenya is committed to fostering high expectations and a supportive learning environment to help students reach their full potential.",African_American,Female,Kenya,Jackson,Republican,0,No
196,INFORMATION-TECHNOLOGY,"Neil Kelly is a dedicated Spanish teacher with over 10 years of experience in secondary education, holding permanent certifications in Spanish and Inclusive Education. He has a proven track record of achieving high evaluation ratings, helping students meet graduation goals, and managing diverse classroom settings. Neil has designed engaging lesson plans, incorporated technology, and administered key assessments. His leadership roles include coaching sports, advising student clubs, and coordinating school events. He has also directed summer recreation camps, demonstrating strong organizational and supervisory skills. Neil holds a Master’s degree in Spanish from the University of Madrid and a Bachelor’s in Spanish and Sociology from SUNY Fredonia. He is proficient in Smart Board technology, Microsoft Office, and multimedia editing. Recognized for his friendly, energetic approach, Neil is passionate about creating motivating and interactive lessons for Spanish learners.",White,Male,Neil,Kelly,Democratic,0,No
197,INFORMATION-TECHNOLOGY,"Anne Murphy is an experienced professional with a strong background in education, administrative support, and sales. She holds a Bachelor of Science in Interdisciplinary Studies (GPA 3.7) from Lamar University and has completed coursework in business, communications, and accounting. Her skills include advanced proficiency in MS Office Suite, database management, customer service, and office organization. 

Her work history includes roles as a History and Elementary School Teacher, where she developed lesson plans, integrated technology, and fostered student growth, and as an Administrative Assistant/Sales Representative, handling HR functions, payroll, invoicing, and client relations. She has demonstrated leadership in staff training, dispute resolution, and project coordination.

Anne is recognized for her attention to detail, strong communication skills, and ability to manage multiple projects under pressure. She holds various certifications, including safety training and insurance licenses, and has been honored in academic societies such as Phi Kappa Phi and Phi Theta Kappa. She is seeking an administrative or similar role to leverage her organizational, interpersonal, and technical skills to benefit an organization.",White,Female,Anne,Murphy,Democratic,0,No
198,INFORMATION-TECHNOLOGY,"Todd McCarthy is an experienced early childhood educator with over a decade of hands-on teaching and classroom management. He holds a certification in Early Childhood Education from San Jacinto College and has extensive knowledge of preschool curricula, classroom management, and Head Start programs. Todd is known for his patience, strong communication skills, and ability to create a calm, engaging learning environment. His professional background includes roles as a Master Teacher, Teacher Associate, and Teacher Aide, where he developed and implemented developmentally appropriate curricula, organized field trips, maintained detailed student records, and fostered positive relationships with children, parents, and colleagues. He has additional experience leading extracurricular activities such as church nursery and Sunday school, as well as community-based after-school programs. Todd’s expertise lies in supporting children's social, emotional, and cognitive development through differentiated instruction and positive reinforcement.",White,Male,Todd,McCarthy,Democratic,0,No
199,INFORMATION-TECHNOLOGY,"Brett Baker is a dedicated Special Education Teacher with extensive experience in classroom management, behavior modification, and individualized student support. He has worked as a Substitute Teacher and Long-Term Special Education Substitute, demonstrating skills in implementing lesson plans, developing IEPs, and fostering positive relationships with students, parents, and staff. Brett is proficient in modern educational technology, including Google Classroom, Aries, and Smartboard tools, and has expertise in behavior modeling, activity planning, and compliance. He holds a Child and Adolescent Studies B.S. and an Education Specialist Teaching Credential in Special Education. His achievements include leadership roles in booster clubs and recognition through PTA awards. Skilled in behavioral and cognitive development, he is adept at working with students of all skill levels, especially those with special needs, and is CPR/First-aid certified.",White,Male,Brett,Baker,Republican,0,No
200,INFORMATION-TECHNOLOGY,"Allison Baker is an experienced educator and youth development professional with a strong background in substitute teaching, program coordination, volunteer management, and community outreach. She has extensive hands-on experience supporting K-12 education, delivering 4-H youth programs, organizing camps and events, and building community relationships. Skilled in program development, public speaking, volunteer supervision, and outreach, Allison is committed to fostering positive learning environments and engaging diverse audiences. She holds a Bachelor of Science in Animal Science from Oregon State University and various certifications, including Oregon Substitute Teaching License and conflict resolution training. Her strengths include leadership, problem-solving, communication, and adaptability, making her a valuable candidate for roles in education, youth development, or community engagement.",White,Female,Allison,Baker,Democratic,0,No
201,INFORMATION-TECHNOLOGY,"Leroy Washington is a certified and licensed South Carolina classroom teacher with extensive experience spanning over three decades, primarily in middle and elementary education. He holds a Master’s in Teaching Social Studies and a Bachelor’s in Sociology. Leroy specializes in classroom management, behavior modification, and student-centered learning, with strong skills in lesson planning, technology integration, and conflict resolution. His work history includes roles as a classroom teacher, assistant, and support staff, demonstrating a commitment to student development, collaboration with parents and staff, and curriculum implementation. He is actively involved in educational and community activities, including 4-H, environmental clubs, and volunteer work with youth organizations. Leroy holds certifications in CPR, First Aid, and Read to Succeed, and is experienced in fostering positive learning environments for grades 8-11.",African_American,Male,Leroy,Washington,Democratic,0,No
202,INFORMATION-TECHNOLOGY,"Summary:
Experienced professional with a strong background in office support, education, and customer service. Skilled in scheduling, communication, and organizational tasks, with a positive attitude and excellent people skills. Proven ability to adapt to various roles including substitute teaching, computer instruction, and receptionist duties. Holds a Bachelor of Science in Psychology and demonstrates a diligent work ethic, multitasking, and troubleshooting capabilities. Ready to contribute to team success through flexibility, leadership, and individualized care.",White,Male,Geoffrey,Ryan,Democratic,0,No
203,INFORMATION-TECHNOLOGY,"Laurie Murphy is a versatile professional with extensive experience in education, office administration, and management. She holds an MBA in Marketing, a BBA in Business Administration with a minor in International Business, and an Associate of Arts in International Business and Business Administration. 

Key strengths include exceptional communication, problem-solving, and organizational skills, with fluency in English and French. Laurie has a proven track record as an Assistant Teacher, supporting classroom operations and lesson planning; an Administrative Assistant, managing clerical tasks, client relations, and vendor interactions; and an Assistant Manager Intern, improving team performance and business results. Her experience also includes editing and content management.

She is highly adaptable, results-driven, and dedicated to fostering positive relationships with students, clients, and colleagues. Laurie is well-equipped to contribute effectively in educational, administrative, or managerial roles.",White,Female,Laurie,Murphy,Democratic,0,No
204,INFORMATION-TECHNOLOGY,"Darnell Jackson is a bilingual (English and Turkish) professional with extensive experience in education, customer service, and organizational roles. He holds a Bachelor of Arts in English and Psychology, and an Associate of Science in Liberal Arts. His work history includes preschool teaching, customer service at hospitality and reception roles, and safety instruction, demonstrating strong interpersonal, communication, and organizational skills. He has successfully managed multiple responsibilities, increased productivity, and fostered positive relationships with clients and students. Darnell has leadership experience as President of the Muslim Student Organization and Vice President of Active Minds at IUPUI. His skills include MS Office, teaching, customer relations, planning, and safety, making him a versatile candidate for roles in education, customer service, or organizational management.",African_American,Male,Darnell,Jackson,Democratic,0,No
205,INFORMATION-TECHNOLOGY,"Greg Ryan is an experienced educator with over 30 years of teaching primarily in middle and elementary school settings, specializing in History and Social Studies. He holds a Ph.D. in Education with a focus on culturally responsive teaching, along with multiple master's degrees in Curriculum, Instruction, and Teaching & Learning. Greg has a strong background in developing engaging curricula, integrating technology, and employing diverse instructional techniques to meet the needs of students from varied backgrounds, including gifted and special needs learners. He has extensive experience in lesson planning, assessment, classroom management, and mentoring student teachers. His leadership roles include serving on school committees, coordinating extracurricular activities, and earning multiple teaching awards. Greg is passionate about fostering student engagement, critical thinking, and academic achievement, and is seeking a middle school reading or social studies position to utilize his instructional skills and technology expertise.",White,Male,Greg,Ryan,Democratic,0,No
206,INFORMATION-TECHNOLOGY,"Jermaine Jackson is an experienced early childhood educator with over 25 years of dedicated service. He has held roles as Lead Teacher and Site Director, demonstrating strong classroom management, curriculum development, and team leadership skills. Jermaine has participated in notable collaborations with Reggio Emilia educators and USI, emphasizing his commitment to innovative child-centered approaches. His expertise includes integrating technology into instruction, modifying curricula for special needs, and maintaining compliance with quality standards such as NAEYC. He is certified in CPR, First Aid, and AED, with additional experience as an EMT, photographer, and cook. Jermaine holds a BS in Early Childhood/Special Education from Ball State University and two Associate degrees in Early Childhood Education from Ivy Tech. He is skilled in data management, budgeting, parent engagement, and staff support, making him a versatile and passionate professional in early childhood education.",African_American,Male,Jermaine,Jackson,Democratic,0,No
207,INFORMATION-TECHNOLOGY,"Neil Sullivan is an aspiring educator and behavioral specialist with a strong background in supporting elementary students, particularly those with special needs. He is currently pursuing a BA in Psychology from California State University, Los Angeles, with plans to attend graduate school. Neil has extensive experience as a Teacher Assistant, providing classroom support to help students meet reading and writing standards, and as an afterschool tutor supporting first-grade students in reading, math, and enrichment activities. His skills include developing personalized lesson plans, addressing challenging behaviors, conducting peer councils, and supporting students with behavioral and academic plans. He is certified in CPR, Mandated Reporting, and Incident Reporting. Neil has demonstrated success in improving student reading levels and fostering positive learning environments.",White,Male,Neil,Sullivan,Democratic,0,No
208,INFORMATION-TECHNOLOGY,"Anne McCarthy is an experienced professional with a strong background in education and business administration. She has over a decade of experience as a Teacher Assistant, specializing in Mathematics and Reading, with skills in student assessment, classroom management, and educational technology. She is also a dedicated tutor with expertise in standardized testing and student development. Additionally, Anne has extensive experience in financial management, including bookkeeping, payroll, accounts payable, and business operations, supported by an MBA in Business Administration. She is computer-savvy, detail-oriented, and a reliable team player, seeking roles that leverage her educational expertise and financial skills.",White,Female,Anne,McCarthy,Republican,0,No
209,INFORMATION-TECHNOLOGY,"Hakim Robinson is an experienced mathematics educator with a Master’s in Teaching Mathematics from USC and a Bachelor’s in Applied Mathematics from UC. He has been a dedicated math teacher since 2014, specializing in curriculum development, lesson planning, and differentiated instruction for diverse student populations, including English Language Learners and students with special needs. Hakim has strong skills in educational technology, classroom management, and student motivation. His previous roles include lead teacher and student teacher positions, where he prepared assessments, created unit plans, and collaborated with colleagues. Additionally, he has experience in customer service and administrative roles, such as cashier and physical therapy assistant. Proficient in various media tools and Microsoft Office, Hakim is committed to providing engaging, high-quality education.",African_American,Male,Hakim,Robinson,Republican,0,No
210,INFORMATION-TECHNOLOGY,"Todd Walsh is a versatile professional with extensive experience in sales, team leadership, business development, and education. He has a strong track record of exceeding sales targets, building long-term customer relationships, and managing teams to achieve record-high revenue and employee retention. Todd is also pursuing a teaching certification and has experience as a substitute teacher, managing classrooms and supporting student learning. His background includes roles in operations management, insurance sales, and human resources, demonstrating skills in strategic planning, contract negotiation, recruitment, and process improvement. Fluent in English and Spanish, Todd holds a Bachelor’s in Psychology with a minor in Child Development, an Associate’s in Medical Studies, and a high school diploma. He is skilled in communication, leadership, customer service, and organizational strategies, making him a well-rounded candidate for roles in sales, education, or management.",White,Male,Todd,Walsh,Republican,0,No
211,INFORMATION-TECHNOLOGY,"Jermaine Robinson is an energetic childcare professional with over 7 years of experience in daycare centers, in-home nanny roles, and elementary schools. Skilled in positive reinforcement, behavior management, and working with children with developmental and special needs. Certified in First Aid, CPR, and CPI. Experienced in implementing curriculum, assisting with daily activities, administering medication, and engaging children through arts, crafts, and play. Proven ability to collaborate with teachers and communicate effectively with parents. Holds a high school diploma and demonstrates reliability, creativity, and a strong commitment to child development.",African_American,Male,Jermaine,Robinson,Democratic,0,No
212,INFORMATION-TECHNOLOGY,"Leroy Jackson is an experienced elementary educator with 16 years of teaching in Henrico County Public Schools, specializing in kindergarten, Head Start, and first grade. He has held leadership roles such as team leader and collaborator with special education specialists. Leroy has a strong background in classroom management, differentiated instruction, and fostering positive student behavior and social responsibility. 

Prior to teaching, he gained management and administrative experience in retail and banking, including roles as assistant manager, lead teller, and administrative assistant, with skills in accounting, payroll, scheduling, and customer service.

He holds a Master of Teaching from Virginia Commonwealth University and a Bachelor of Science in Psychology. Leroy is licensed to teach in Virginia and has a comprehensive skill set in communication, conflict resolution, problem-solving, and attention to detail, making him a versatile candidate for educational roles.",African_American,Male,Leroy,Jackson,Republican,0,No
213,INFORMATION-TECHNOLOGY,"Emily Murray is a dedicated and experienced educator with over 15 years of successful teaching, primarily in reading and student success initiatives. She holds a Bachelor’s degree in Varying Exceptionalities & ESOL and is pursuing a Master’s in Educational Leadership School Administration. Emily has a proven track record of improving student outcomes, including a 97% senior success rate and a 40% increase in standardized test scores through innovative teaching strategies and technology integration.

She has received multiple awards, including Hillsborough Alliance for Black School Educators Teacher of the Year (2016-2017), Greco Middle School Teacher of the Year, and Rookie Teacher of the Year. Emily has extensive experience in classroom instruction, professional development, student coaching, and extracurricular leadership, including coaching girls’ basketball and organizing school events.

Her skills include classroom management, creative lesson planning, parent communication, and motivating students. She is also a certified Life and Success Coach, emphasizing her commitment to student and staff development. Emily is passionate about fostering lifelong learning and student success, and she aims to bring her expertise to Van Buren Middle School.",White,Female,Emily,Murray,Republican,0,No
214,INFORMATION-TECHNOLOGY,"Jay Kelly is a dedicated professional with a diverse background in education, military service, and administrative support. He holds a Bachelor of Science in Elementary Education with a minor in Mathematics from the University of Maryland and has completed military training as a Leading Enlisted Member and Field Training Officer. 

His work experience includes roles as a Lead Teacher and Substitute Teacher, where he developed lesson plans, implemented interventions, and supported student learning in various settings. He has also mentored middle and high school students through community programs, fostering academic and personal growth. 

Jay has administrative experience from his role at PSA Financial Center, supporting executive leadership and managing office operations. His military achievements include two Navy and Marine Corps Achievement Medals and recognition for supervisory excellence.

He is proficient in Microsoft Office Suite, internet use, and social media communication. His leadership and volunteer activities include camp counseling, mentoring, and organizing youth programs, demonstrating strong organizational and interpersonal skills.

Key strengths: educational expertise, leadership, mentorship, administrative support, military discipline, and community engagement.",White,Male,Jay,Kelly,Republican,0,No
215,INFORMATION-TECHNOLOGY,"Matthew Walsh is an experienced Biology educator and laboratory professional with a strong background in science instruction, curriculum development, and laboratory management. He has over 10 years of teaching experience, including implementing STEM, NGSS, and problem-based learning strategies, and co-teaching with special education staff. He is a Level 1 Google Certified Educator and has led professional development sessions on Google applications. 

In addition to teaching, Matthew has extensive laboratory management experience, including training residents, performing molecular diagnostics, and maintaining laboratory quality standards. His educational background includes a B.S. in Biological Sciences, a Post-Baccalaureate Teaching Certification from the University of Washington, and additional coursework in geosciences and education. 

Key skills include curriculum design, differentiated instruction, laboratory procedures, molecular techniques (PCR, DNA extraction), and educational technology. He is committed to student success, professional growth, and integrating technology into science education.",White,Male,Matthew,Walsh,Republican,0,No
216,INFORMATION-TECHNOLOGY,"Latonya Jones is an experienced Administrative Assistant with over 16 years of expertise supporting corporations, law firms, and businesses. She possesses strong skills in office management, business development, and communication, with proficiency in Microsoft Office, internet research, and social media. Her background includes roles in education, legal support, marketing coordination, and quality assurance. Notable accomplishments include setting departmental standards, training team members, and managing legal trademark and copyright portfolios. She holds an Associate degree in Arts and a paralegal certification. Latonya is a self-motivated, detail-oriented professional seeking a dynamic administrative position in educational, corporate, or professional environments.",African_American,Female,Latonya,Jones,Republican,0,No
217,INFORMATION-TECHNOLOGY,"Latoya Robinson is an experienced educator and food safety professional with a strong background in teaching, student mentorship, and program coordination. She holds a Master of Science in Education Administration and has extensive experience in classroom instruction, homebound education, and supporting at-risk and pregnant students. Her skills include academic planning, case management, administrative tasks, and food safety. She has demonstrated leadership in team building, classroom engagement, and community resource coordination. Latoya is highly responsible, reliable, and excels under pressure, with a focus on fostering positive relationships and ensuring student success. She is affiliated with professional organizations such as Alpha Kappa Alpha Sorority and Beaumont Teachers Association.",African_American,Female,Latoya,Robinson,Republican,0,No
218,INFORMATION-TECHNOLOGY,"Carrie O’Brien is a dedicated and self-motivated professional with extensive experience working with children and youth, particularly those facing challenging family and life circumstances. She has a strong background in youth work, education, and community support, with a focus on child development, trauma-informed care, and fostering positive relationships. Carrie has worked as a substitute teacher, building rapport with students and families, supporting at-risk youth, and collaborating with school staff to achieve educational goals. Her prior experience as a youth worker involved mentoring, life skills training, and supporting students through traumatic experiences, emphasizing empowerment and emotional well-being. She holds a Master’s degree in Christian Education and a Bachelor’s in Christian Leadership/Biblical Studies. Carrie possesses excellent communication, interpersonal, and decision-making skills, with a solid understanding of child development and trauma impact. She is computer literate, licensed to drive in Texas, and committed to fostering safe, supportive environments for vulnerable children and families.",White,Female,Carrie,O’Brien,Democratic,0,No
219,INFORMATION-TECHNOLOGY,"Laurie Kelly is an experienced education professional with nearly 20 years of expertise in instructional design, classroom teaching, and STEM outreach. She specializes in developing educational materials, activities, and tools that enhance teaching practices and improve outcomes for young learners, particularly in diverse and inclusive settings. Laurie has a strong background in curriculum development, technology integration, and program evaluation, with extensive experience working on NASA-related science education projects, including the Hubble Education Program and astrophysics outreach. She holds a Master’s in Education and a Bachelor’s in Elementary Education. Her skills include content development, curriculum design, data tracking, event planning, grant writing, and digital content management. Laurie is adept at collaborating with interdisciplinary teams and aligning educational content with national standards such as NGSS, Common Core, and AAAS Project 2061.",White,Female,Laurie,Kelly,Republican,0,No
220,INFORMATION-TECHNOLOGY,"Keisha Williams is a versatile professional with extensive experience in early childhood education, disaster services, and transportation. She holds a Ph.D. coursework in Homeland Security Policy and Coordination, a Master's in Homeland Security, and a Bachelor's in Liberal Studies. Keisha possesses strong organizational, leadership, and volunteer management skills, having recruited and trained disaster response volunteers across multiple counties. Her work history includes roles as a preschool teacher, childcare provider, after-school teacher, delivery driver, and disaster service specialist.

Key qualifications include a CDL A license, private pilot license, computer literacy, and a strong work ethic. She has demonstrated abilities in motivating others, managing projects, and fostering safe, engaging environments for children. Her accomplishments include securing grants for child health initiatives and coordinating disaster response efforts.

Keisha is seeking a full-time position, leveraging her diverse background, leadership, and commitment to service to contribute effectively to a new organization.",African_American,Female,Keisha,Williams,Republican,0,No
221,INFORMATION-TECHNOLOGY,"Anne Sullivan is an experienced engineering professional with a strong background in civil, mechanical, and architectural design, as well as education and project management. She holds a Bachelor’s in Mechanical Engineering, a Master’s in Education Leadership, and an Associate’s in Drafting and Design Technology. 

Key Skills:
- Proficient in AutoCAD, Civil 3D, Revit, Inventor, Microstation, GIS, and HVAC design software
- Experienced in civil and mechanical drafting, project supervision, and CAD management
- Skilled in construction cost estimating, blueprint reading, and design development
- Strong leadership and teaching abilities, with roles in education, program coordination, and supervision

Professional Experience:
- Current Engineering Teacher focusing on engineering technology education, curriculum development, and student mentorship
- Civil CAD Supervisor overseeing CAD drafting, training, and project coordination
- Civil Project Engineer managing subdivision projects, permits, and field evaluations
- Mechanical HVAC Engineer involved in system design, load calculations, and project support
- Past roles include CAD Designer, Architectural Draftsman, and Co-op Mechanical Engineer

Achievements:
- Over 9 years of CAD management and 6 years of project management
- Certified by the American Society of Plumbing Engineers
- Extensive experience in civil, architectural, and mechanical drafting and design

Anne is a goal-oriented professional with excellent communication skills, capable of managing multiple projects and collaborating across disciplines to deliver high-quality engineering solutions.",White,Female,Anne,Sullivan,Republican,0,No
222,INFORMATION-TECHNOLOGY,"Jermaine Washington is a dedicated attorney with extensive experience in government relations, educational law, health law, and advocacy for families with special needs children. He has a strong background in public policy, foreign affairs, and human rights, including two years with the U.S. Department of State and two years in federal government roles. Jermaine is a member of the Maryland Bar and possesses core expertise in diplomacy, international law, religious freedom, and military family advocacy. His professional experience includes representing military families, managing policy and legislative initiatives, and providing legal support for special education needs. He holds a Juris Doctor from Georgia State University College of Law, with additional international law training from Johannes Kepler University in Austria, and a BA in Government and Communications from Evangel University. His skills encompass public policy, liaison work, federal government operations, and legal advocacy.",African_American,Male,Jermaine,Washington,Republican,0,No
223,INFORMATION-TECHNOLOGY,"Kenya Washington is an experienced customer service and administrative professional with a strong background in healthcare, banking, and community services. She has over 10 years of experience responding to customer inquiries, resolving complex issues, and providing exceptional service. Her skills include proficiency in Microsoft Office, data entry, billing, record management, and problem resolution. Kenya has a proven track record of achieving performance goals, handling irate customers effectively, and training new staff. Her education includes studies in Business Administration, Human Resources, and Paralegal Studies. She excels in communication, organization, and research, making her a valuable asset for roles requiring customer support, administrative coordination, and client relationship management.",African_American,Female,Kenya,Washington,Republican,0,No
224,INFORMATION-TECHNOLOGY,"Tremayne Jackson is an experienced Human Resources professional with over a decade of service, specializing in conflict resolution, team building, mentoring, training, and leadership development. Currently an Advocate since 2012, he coaches and develops clients, manages organizational effectiveness strategies, and consults with management on employee retention, skill development, and performance improvement. His prior roles include Veteran Affairs Specialist and Employment Representative, where he provided career counseling, training, and job placement services. Tremayne has extensive experience in designing and implementing training programs, evaluating employee performance, and managing HR functions such as benefits, payroll, and disciplinary actions. He holds a B.S. in Human Resource Management from the University of Phoenix, complemented by certifications in Lean Six Sigma, coaching, and leadership development. Recognized with awards for federal service and social work, he is a member of SHRM and other professional organizations, seeking part-time or PRN HR roles focused on organizational development, training, and conflict resolution.",African_American,Male,Tremayne,Jackson,Republican,0,No
225,INFORMATION-TECHNOLOGY,"Latoya Jones is an organized and compassionate professional with over four years of classroom teaching, one year leading an international children's choir, and more than two years in donor relations. She has strong skills in relationship building, communication, CRM systems (including Salesforce), and strategic planning. Her experience includes managing donor relationships, creating personalized communication and fundraising strategies, and securing gifts. She has also led a diverse children's choir on a nationwide tour, coordinating logistics and promoting humanitarian causes. As an elementary teacher, she demonstrated success in student engagement, achievement, and classroom management. Latoya holds a B.S. in Special and Elementary Education from Liberty University and is committed to helping others through creative and strategic approaches.",African_American,Female,Latoya,Jones,Republican,0,No
226,INFORMATION-TECHNOLOGY,"Aisha Washington is a dedicated health advocate with extensive experience in patient support, healthcare administration, and security. She excels in patient rights education, medical documentation, and coordinating healthcare services, demonstrating strong communication, problem-solving, and crisis management skills. Aisha has a background in public safety, including roles as a security officer and coordinator, where she managed safety protocols and responded effectively to emergencies. She holds a Bachelor of Science in Psychology from East Stroudsburg University and certifications in CPR and First Aid. Her professional strengths include administrative support, data entry, time management, and team collaboration, making her a reliable and approachable team player committed to community health and safety.",African_American,Female,Aisha,Washington,Republican,0,No
227,INFORMATION-TECHNOLOGY,"Hakim Robinson is a dedicated social worker with extensive experience in child welfare and family advocacy. He holds a Bachelor's degree in Social Work from Western Connecticut State University and possesses a DCFS Child Welfare License. Hakim is skilled in behavioral therapy, court procedures, and empathetic client engagement. 

His professional background includes over a decade as a Family Advocate, recruiting and supporting low-income families for Head Start/Early Head Start programs, and managing a caseload of 45-55 families. He has also served as a Family Care Manager, handling dependency cases, conducting home evaluations, and participating in court proceedings to support child reunification. 

Hakim demonstrates strong judgment, organizational skills, and a passion for social work, with notable accomplishments in case management and family support. His core skills include child care, social services, case documentation, and community outreach.",African_American,Male,Hakim,Robinson,Republican,0,No
228,INFORMATION-TECHNOLOGY,"Kareem Washington is an experienced administrative and customer service professional with a strong background in office management, call center operations, legal support, and banking. He possesses excellent skills in customer service, troubleshooting, scheduling, and office software (Microsoft Office, Peachtree, QuickBooks). Kareem has demonstrated success in process improvement, client relations, and multitasking in high-volume environments. His professional history includes roles as a Customer Advocate, Legal Secretary, Administrative Assistant, and Retail Banking Representative. He holds a Bachelor of Arts in Fine Art and Biology from Doane College, with numerous awards and leadership roles. Kareem is proficient in handling confidential information, managing calendars, coordinating travel, and providing technical support for cellular devices and networks. His goal is to leverage his skills as an Administrative Specialist or Office Manager to contribute positively to organizational efficiency and reputation.",African_American,Male,Kareem,Washington,Democratic,0,No
229,INFORMATION-TECHNOLOGY,"Jermaine Jackson is a highly organized and detail-oriented professional with over seven years of experience as an office manager and tax preparer, and more than three years assisting patients with government programs. His expertise includes tax preparation, office management, community advocacy, and customer service. He has strong skills in record-keeping, data entry, and software tools such as Excel, Word, and email platforms. Bilingual in English (good) and Spanish (excellent), Jermaine holds an Associate of Science in Dental Technology, CPR certification, and a valid Class C driver’s license. His background demonstrates a solid work ethic, interpersonal communication, and the ability to handle complex administrative and client-facing tasks effectively.",African_American,Male,Jermaine,Jackson,Democratic,0,No
230,INFORMATION-TECHNOLOGY,"Tanisha Jones is an experienced customer service and insurance professional with a strong background in client relations, policy administration, and team leadership. She has over 15 years of experience in insurance, including roles in consumer advocacy, underwriting supervision, and claims inspection, as well as extensive customer service expertise across various industries. Her skills include client-focused service, team supervision, data management, and proficiency in Microsoft Office. Tanisha holds certifications in California Property and Casualty Insurance and Travel and Tourism. She seeks a position that leverages her communication, leadership, and customer service skills for professional growth.",African_American,Female,Tanisha,Jones,Republican,0,No
231,INFORMATION-TECHNOLOGY,"Kenya Robinson is a dedicated educator and mental health professional with over 10 years of experience in teaching, case management, and youth advocacy. She holds a Bachelor's degree in Psychology and Sociology, a Master's in School Administration/Supervision, and extensive coursework in school counseling. Kenya is certified in K-12 Special Education and has passed the Praxis Series. Her expertise includes developing individualized education plans (IEPs), working with students with disabilities and mental health challenges, and supporting homeless and low-income populations. She is skilled in counseling, crisis intervention, case management, and building strong relationships with students, families, and colleagues. Kenya is a motivated, compassionate team player with a proven ability to motivate students and facilitate their personal and academic growth.",African_American,Female,Kenya,Robinson,Democratic,0,No
232,INFORMATION-TECHNOLOGY,"Tremayne Jones is a skilled Medical Assistant with comprehensive experience in clinical support, medical billing, patient advocacy, and administrative duties. He holds a Medical Assistant Certificate from PIMA Medical Institute with a GPA of 3.8 and is CPR/EKG certified. His core strengths include patient charting, vital sign documentation, insurance verification, medical coding, and clerical support, complemented by excellent communication and customer service skills.

Professional experience includes roles as a Patient Advocate, Medical Technician, Support Center Representative, and externship site assistant, demonstrating proficiency in patient eligibility screening, insurance processing, vital sign measurement, and clinical support. Tremayne has a strong background in healthcare compliance, HIPAA regulations, and biohazard waste disposal.

Educational credentials include a G.E.D. and a Medical Assistant Certificate. His technical skills encompass Microsoft Office Suite, medical coding (ICD-9), billing, scheduling, and data entry. Recognized for attention to detail, organizational skills, and a proactive work attitude, Tremayne is well-equipped for roles requiring clinical expertise, administrative support, and patient interaction.",African_American,Male,Tremayne,Jones,Republican,0,No
233,INFORMATION-TECHNOLOGY,"Leroy Jones is an experienced professional with a strong background in healthcare administration, human resources, and management. He holds a Bachelor of Science in Management with a focus on Human Resource Management from Kaplan University, an MBA, and specialized training in healthcare administration and diversity programs. 

His current role as a Patient Advocate involves policy development, patient grievance resolution, trend analysis, staff training, and community education to enhance patient experience. Previously, he managed office operations, billing processes, and team coordination, demonstrating strong organizational and administrative skills. Leroy has extensive leadership experience, including over a decade as an Operations Team Lead, where he facilitated team development, managed workflows, and coordinated recruitment efforts.

He is also the founder of a non-profit women’s support group, showcasing leadership and community engagement. Leroy’s skills include billing, client management, team coaching, HR functions, and proficiency with various software tools such as Microsoft Office, SharePoint, and data reporting systems. He seeks a management or departmental role where his experience can contribute immediately to organizational success.",African_American,Male,Leroy,Jones,Republican,0,No
234,INFORMATION-TECHNOLOGY,"Tremayne Robinson is a dedicated Community Advocate with extensive experience in customer service, team leadership, and community support. He has held roles such as Community Advocate since 2015, focusing on promoting independence for disabled individuals, managing office operations, and fostering strong relationships with clients and team members. Previously, he served as a Lead Human Resource Recruiter (2012-2015) and Exhibit Creator (2008-2009), demonstrating skills in customer engagement, team motivation, and visual displays. Tremayne holds an Associate of Science in Social and Behavioral Sciences from Citrus College and has completed coursework in Dietetics at Cal Poly Pomona. He is certified in CPR and First Aid and possesses key skills including active listening, time management, organizational ability, and excellent customer service. He seeks a role with increased responsibility to leverage his community advocacy and leadership skills.",African_American,Male,Tremayne,Robinson,Democratic,0,No
235,INFORMATION-TECHNOLOGY,"Jay Ryan is a bilingual (Spanish/English) social worker with over five years of experience specializing in victim advocacy, multicultural support, and case management. He has extensive expertise in crisis intervention, legal navigation, and connecting clients from diverse ethnic and socio-economic backgrounds, including immigrants and Latinos, with community resources. His background includes conducting support groups, training professionals on multicultural issues, and providing court interpretation. Jay holds a B.S. in International Organizational Leadership and has completed various certifications related to human trafficking, victim rights, and trauma-informed advocacy. He possesses strong interpersonal, organizational, and public speaking skills, with a focus on client relations and advocacy. He is seeking a challenging role as an HR Generalist, leveraging his strategic planning, client relationship management, and cultural sensitivity skills.",White,Male,Jay,Ryan,Republican,0,No
236,INFORMATION-TECHNOLOGY,"Geoffrey Kelly is a customer care professional with over 4 years of experience in customer relations, sales, and banking operations. He has a proven track record of exceeding customer satisfaction targets, earning awards for sales performance, and building customer loyalty through effective communication and follow-up. His experience includes roles as a Customer Advocate, Teller, Night Shift Leader, and Cashier, demonstrating skills in cash handling, process improvement, compliance with banking regulations, and team supervision. He is adept at problem-solving, cross-selling, and managing high-volume customer interactions. Geoffrey holds a high school diploma and possesses skills in ATM operations, auditing, customer service, sales, and regulatory compliance. He is eager to leverage his initiative and compassionate approach to contribute to a dynamic organization.",White,Male,Geoffrey,Kelly,Republican,0,No
237,INFORMATION-TECHNOLOGY,"Jay Kelly is a dedicated professional with diverse experience in customer service, financial operations, and food service. He has demonstrated leadership skills through his participation in a high school drill team, where he developed teamwork, responsibility, and initiative. 

Work Experience Highlights:
- Customer Advocate (Dec 2014 – Nov 2015): Managed customer loans, verified documents, processed transactions, maintained records, and ensured compliance in a financial setting.
- Retail Associate (Jul 2014 – Jan 2015): Provided excellent customer service, handled sales, inventory, and store security.
- Food Service Worker (Apr 2012 – Aug 2014): Prepared food, maintained sanitation standards, and managed cash transactions.

Education:
- High School Diploma from Eldad High School (June 2014).

Skills:
- Proficient in cash handling, use of calculators and cash registers, inventory management, record keeping, safety procedures, teamwork, and customer service. 

Overall, Jay Kelly offers a strong background in customer interaction, financial transactions, and team collaboration, with a history of taking initiative and handling responsibilities effectively.",White,Male,Jay,Kelly,Republican,0,No
238,INFORMATION-TECHNOLOGY,"Aisha Robinson is a dedicated customer service professional with extensive experience in call centers, patient advocacy, insurance sales, and debt collection. She excels in team management, training, client relations, and problem-solving. Her skills include bilingual communication, organizational efficiency, multi-tasking, and active listening. Aisha has a background in patient care, insurance sales, and debt recovery, with a strong focus on customer satisfaction and effective communication. She holds a high school diploma and a CNA certification, with additional training in dental software and credit processing.",African_American,Female,Aisha,Robinson,Democratic,0,No
239,INFORMATION-TECHNOLOGY,"Jermaine Jackson is an experienced Customer Service Professional with a strong background in healthcare benefits, insurance, mortgage, and wellness industries. He excels in client relations, conflict resolution, and troubleshooting, with proficiency in MS Office, loan servicing systems, legal research tools, and medical software. His career highlights include roles as Benefit Advocate, Senior Customer Service Representative, and Health Coach, demonstrating expertise in benefits education, claims resolution, and client coaching. He has also led training initiatives and managed teams. Jermaine holds an Associate of Science in Paralegal Studies and possesses skills in administrative support, medical billing, negotiation, and office management, making him a versatile candidate for customer service and support roles across various sectors.",African_American,Male,Jermaine,Jackson,Democratic,0,No
240,INFORMATION-TECHNOLOGY,"Kenya Williams is an experienced professional with over 11 years in management within the Criminal Justice and Mental Health fields. She has developed innovative programs such as ""Delayed Sentencing"" and ""Aftercare"" for Oklahoma courts and has extensive experience managing a surety company. Kenya demonstrates strong leadership, staff development, and relationship-building skills, complemented by her analytical thinking, organizational abilities, and proficiency with various software.

Her recent role as Advocate General involves overseeing mental health facilities, developing monitoring programs, reducing grievances and critical incidents, and collaborating with state boards to improve consumer care. She has also served as a Consumer Advocate, representing mental health and substance abuse clients, and has a history of establishing community-based supervision programs, securing contracts, and facilitating court dismissals through mentorship.

Kenya holds a Bachelor’s degree in Criminal Justice from the University of Oklahoma and has additional training in Therapeutic Options and CPR. She is a goal-driven leader with a proven track record of innovative problem-solving, budget management, and fostering productive team environments.",African_American,Female,Kenya,Williams,Democratic,0,No
241,INFORMATION-TECHNOLOGY,"Kenya Washington is a dedicated social services professional with extensive experience in case management, crisis intervention, and assessments, particularly within criminal justice and victim advocacy. She has a strong background in program development, community outreach, and working with diverse populations. Her skills include trauma-informed therapy, data analysis, organizational management, and legal/ethical standards adherence. Kenya has held roles such as Victim Advocate and Residential Advocate, providing counseling, crisis intervention, and resource referrals, while managing large caseloads and maintaining detailed records. She holds a Master’s in Criminal Justice and a Bachelor’s in Law and Justice, with additional training in forensic technology and homeland security. Her competencies include excellent communication, problem-solving, and relationship-building, making her a highly effective and adaptable professional in social services and criminal justice settings.",African_American,Female,Kenya,Washington,Republican,0,No
242,INFORMATION-TECHNOLOGY,"Anne Murray is an experienced healthcare and community outreach professional with a strong background in provider relations, member advocacy, and healthcare administration. She holds a Bachelor’s and Master’s in Business Administration from the University of the Incarnate Word. 

Her current role as a Member Advocate involves community engagement, outreach, and case management to promote dental benefits and ensure member support within Medicaid and CHIP programs. She has extensive experience in provider relations, serving as a liaison between Medicaid/CHIP managed care and healthcare providers, resolving claims and credentialing issues, and developing provider training.

Anne has a background in hospital admissions coordination, beneficiary services for TRICARE, and office management in long-term care settings. Her skills include billing, claims management, customer service, provider relations, and administrative support. She is adept at building partnerships, conducting presentations, and managing complex healthcare processes.",White,Female,Anne,Murray,Democratic,0,No
243,INFORMATION-TECHNOLOGY,"Jill Murray is a motivated professional with extensive experience in customer service, benefits administration, and healthcare support. She possesses strong interpersonal, organizational, and problem-solving skills, with proficiency in MS Office, benefit servicing systems (ICUE, Facet, ISET), and medical claim systems (KL library, LINX). Her background includes roles as a Family Advocate, Patient Care Advocate, and Resident Director, demonstrating expertise in client relations, claims resolution, case management, and team leadership. Jill holds a Master’s in Chiropractic from Life University and a Bachelor’s in Psychology from East Stroudsburg University. She excels in client assessment, risk management, conflict resolution, and staff development, with a focus on delivering high-quality customer service and operational efficiency.",White,Female,Jill,Murray,Democratic,0,No
244,INFORMATION-TECHNOLOGY,"Anne Sullivan is a highly motivated and organized Patient Advocate with over 7 years of experience in healthcare and customer relations. She specializes in patient care coordination, communication facilitation, and support services, including referrals to social agencies and off-site patient visits. Her background includes leadership roles, training new staff, billing, claims processing, and records management. Anne has also worked as a Claims, Eligibility, and Benefits Specialist, where she resolved insurance discrepancies, trained new hires, and improved revenue cycle processes. Additionally, she has experience as a Certified Data Entry Pharmacy Technician and Lead Pharmacy Technician, with strong skills in prescription processing, medical coding (CPT, ICD-9), and compliance. She holds a Master’s in Public Administration with a focus on Healthcare Management and a Bachelor’s in Family and Human Development. Key skills include patient advocacy, healthcare administration, medical terminology, insurance, coding, and team leadership.",White,Female,Anne,Sullivan,Republican,0,No
245,INFORMATION-TECHNOLOGY,"Greg Ryan is a compassionate social services professional with extensive experience in domestic violence advocacy, mental health support, and community outreach. He has a strong background in developing client resources, facilitating support groups, and advocating for vulnerable populations. Greg has completed specialized training in domestic violence and leadership, and holds a Bachelor's degree in Human Services Management (in progress). His skills include counseling, client advocacy, data entry, event planning, and proficiency in Microsoft Office and QuickBooks. Notable accomplishments include establishing a supportive partnership for domestic violence victims and managing caseloads with confidentiality and sensitivity. Greg is dedicated to helping clients thrive independently and has experience working with diverse populations, including children and homeless individuals.",White,Male,Greg,Ryan,Democratic,0,No
246,INFORMATION-TECHNOLOGY,"Brendan Walsh is a dedicated and versatile professional with extensive experience in shelter advocacy, clerical work, and customer service. He possesses strong communication, crisis intervention, and problem-solving skills, along with proficiency in Microsoft Office and office management. Brendan has demonstrated leadership through promotions to Lead Teller and Assistant Manager, and has experience in event planning, client engagement, and community outreach. His background includes legal clerical work, healthcare outreach, and financial services, supported by a high school diploma with coursework in business, communications, and accounting. He holds a valid Texas driver’s license and reliable transportation. Brendan is a compassionate, self-motivated individual with a proven track record of reliability, confidentiality, and effective decision-making, making him well-suited for roles requiring client advocacy, administrative support, or community engagement.",White,Male,Brendan,Walsh,Democratic,0,No
247,INFORMATION-TECHNOLOGY,"Darnell Jones is a dedicated Bachelor of Arts graduate with a double major in Psychology and Sociology, and a minor in Healthcare Administration. He has over 30 years of clerical and administrative experience, including 10 years supporting high-level executive roles. Darnell possesses strong customer service, communication, organizational, and leadership skills, with proficiency in Microsoft Office Suite and data entry. His academic background includes extensive research in social sciences, psychology, and healthcare ethics. He has practical experience as a Volunteer Advocate for the Guardian Ad' Litem Program and has held roles in sales and loan support. Currently pursuing a master's in Counseling with a focus on Human Services, Darnell seeks an entry-level professional position to leverage his administrative expertise, research skills, and community service passion.",African_American,Male,Darnell,Jones,Republican,0,No
248,INFORMATION-TECHNOLOGY,"Brendan Murray is an experienced customer service and sales professional with over 15 years of expertise across retail, real estate, medical, insurance, and telesales sectors. He possesses strong organizational, conflict resolution, and problem-solving skills, with a proven track record in account management, data reporting, and revenue generation. Brendan has extensive experience working in call centers, handling medical billing and coding, patient care, and telecommunication inquiries. His core strengths include customer service excellence, multi-tasking, database management, and effective communication. He holds certifications as a Patient Care Assistant Technician and Paralegal, with a background in medical terminology, phlebotomy, and healthcare procedures. Brendan is a dedicated team player with a energetic work attitude, adept at resolving conflicts and maintaining high-quality service standards.",White,Male,Brendan,Murray,Democratic,0,No
249,INFORMATION-TECHNOLOGY,"Jill Murray is a compassionate Crisis Specialist with extensive experience in client advocacy, case management, and emergency response. She has a strong background in public relations, mediation, and community service, including roles in healthcare, corrections, and social services. Jill effectively manages large caseloads, demonstrates leadership, and is proficient in emergency management protocols (NIMS, ICS). Her key accomplishments include managing over 50 clients simultaneously, receiving recognition for correctional excellence, and promoting quickly within organizations. She holds an A.A.S. in Criminal Justice, is pursuing Sociology Leadership Studies, and has completed FEMA and EEO supervisor certifications. Jill’s skills encompass client advocacy, community outreach, crisis intervention, and team leadership, making her a valuable candidate for roles requiring strong interpersonal and organizational abilities.",White,Female,Jill,Murray,Democratic,0,No
250,INFORMATION-TECHNOLOGY,"Tremayne Washington is a dedicated professional with a BBA in Marketing from the University of Central Arkansas. He has extensive experience as a Customer Advocate, handling inbound calls, resolving service and billing issues, and exceeding performance targets. His background also includes caregiving, where he developed strong communication and organizational skills by planning educational activities and supporting children's development. Additionally, he has experience in student outreach and event coordination from his role with Club Connect. Tremayne is skilled in problem-solving, adaptability, collaboration, time management, and leadership, with active involvement in community and professional organizations.",African_American,Male,Tremayne,Washington,Republican,0,No
251,INFORMATION-TECHNOLOGY,"Jamal Washington is an experienced professional with 8 years of expertise in manufacturing and IT sectors, specializing in materials, finance, sales, and supply chain processes. He has a strong background in people management, system migrations (Oracle to Baan), backlog and inventory management, and customer relationship management. Jamal has successfully improved delivery metrics, maintained 99% inventory accuracy, and increased service penetration rates. His roles have included fulfillment advocacy, business operations analysis, customer sales support, inventory control leadership, and cost accounting. He holds a Bachelor's in International Business and a diploma in Cost Accounting from the University of Guadalajara. Fluent in English and proficient in Portuguese, Jamal is a proactive, analytical team player seeking to leverage his skills in an international, customer-focused company.",African_American,Male,Jamal,Washington,Democratic,0,No
252,INFORMATION-TECHNOLOGY,"Geoffrey Sullivan is a dedicated Public Health Administrator with extensive experience in community relations, staff development, and project management. He holds a Bachelor of Science in Public Health with a focus on Health Services Administration from East Stroudsburg University and an Associate of Science in Social/Behavioral Science from the Community College of Philadelphia. His academic achievements include Dean's List honors and high GPA scores.

Professionally, Geoffrey has worked as a Disability Advocate since 2005, advising patients, conducting community health assessments, and engaging in public relations campaigns. He has been actively involved in injury prevention programs, rehabilitation initiatives, and health promotion activities, including partnerships with major health institutions and contributions to research and publications.

Prior to his advocacy work, he held supervisory roles in logistics and human resources, managing large teams, streamlining operations, and coordinating global shipments. His skills encompass community health, client relations, logistics, public relations, and data analysis.

He is a single father of three college students and has been a speaker and participant in health and nutrition initiatives. Geoffrey seeks to leverage his managerial and public health expertise to improve patient care and organizational outcomes.",White,Male,Geoffrey,Sullivan,Democratic,0,No
253,INFORMATION-TECHNOLOGY,"Neil Walsh is an experienced Human Services and Healthcare professional with over ten years of expertise in case management, advocacy, and program coordination. He holds a Master of Science in Human Resource Management and a Bachelor of Arts in Sociology. Neil has worked in roles such as Veteran Advocate Intern, Intensive Supervision Officer, Human Services Specialist, DUI Probation Officer, Family Service Worker, and Rehabilitation Care Technician. His skills include conflict resolution, organizational management, client advocacy, data management, and compliance with federal and state laws. He is proficient in Microsoft Office, HRIS, SPSS, and various databases. Neil demonstrates strong interpersonal, communication, and problem-solving abilities, with a proven track record of managing caseloads, conducting interviews, preparing reports, and collaborating with multiple agencies. He is highly reliable, detail-oriented, and capable of working effectively under pressure, making him well-suited for roles in human services, social work, and related fields.",White,Male,Neil,Walsh,Democratic,0,No
254,INFORMATION-TECHNOLOGY,"Kenya Williams is a motivated Business Analyst with extensive experience in healthcare and telecommunications. She has a strong background in data analysis, process improvement, and system implementation, with notable achievements including two consecutive WEDI Award of Merit for healthcare electronic claims education. Her expertise encompasses healthcare standards such as HL7, FHIR, and CDA, along with skills in SQL, data mapping, workflow analysis, and requirements gathering.

Her professional experience includes over 15 years as a Senior Client Advocate at BlueCross BlueShield of South Carolina, where she optimized processes, increased revenue, and managed cross-functional teams. She also has managerial experience in information systems, leading international telecom billing projects and mentoring staff. 

Kenya holds a Bachelor of Science degree in Health and Physical Education with a focus on Computer Science from Slippery Rock University, graduating Magna Cum Laude. Her skills include healthcare data standards, business development, project management, and system testing, making her a well-rounded candidate for roles requiring healthcare informatics, data analysis, and system solutions.",African_American,Female,Kenya,Williams,Republican,0,No
255,INFORMATION-TECHNOLOGY,"Brett Walsh is an experienced youth and community program facilitator with a strong background in leadership, mentorship, and social justice. He has extensive experience in facilitating team-building activities, challenge courses, and leadership development at Camp Orkila. Currently, he works as a School Success Advocate, supporting high school freshmen through academic tutoring, social-emotional development, and family engagement, achieving positive outcomes in student retention and performance. Previously, Brett coordinated the Latino Mentor Program, providing mentorship, college prep, and leadership support to Latino high school students, and managed community engagement initiatives including voter registration efforts. He holds a B.A. in Environmental Humanities Politics from Whitman College, graduating Magna Cum Laude with a GPA of 3.815. Brett is bilingual in English and Spanish, with skills in program coordination, mentorship, community outreach, and administrative management. His dedication to social justice, leadership development, and youth empowerment is central to his professional profile.",White,Male,Brett,Walsh,Republican,0,No
256,INFORMATION-TECHNOLOGY,"Carrie Baker is a versatile professional with over 5 years of experience in child advocacy, education, and team management. She has a strong background in operations, staff development, and customer service, with leadership roles in education, retail, and event promotion. Currently, she serves as a Gradation Candidate Advocate, mentoring team members and engaging with students and parents to improve learning outcomes. She also has experience as a Scout Master, Department Supervisor, and in various roles involving inventory, shipping, and promotions. Carrie holds a B.S. in Physical Education from the University of South Carolina. She is self-motivated, highly organized, and adaptable, with excellent communication skills and a willingness to relocate. Her core strengths include team leadership, customer satisfaction, inventory management, and community engagement.",White,Female,Carrie,Baker,Democratic,0,No
257,INFORMATION-TECHNOLOGY,"Sarah Ryan is an experienced administrative and customer service professional with a strong background in logistics, medical device repair, electronics, and team leadership. She has demonstrated expertise in customer support, pharmacy benefits, medical equipment maintenance, electronics assembly, and supervision. Sarah holds a post-secondary certificate in Logistics and Supply Chain Management and a diploma from Concorde Career Institution. Her skills include logistics, technical troubleshooting, team management, communication, and safety compliance. She has military experience as a Communications Specialist in the U.S. Army, earning an honorable discharge. Sarah is detail-oriented, trustworthy, and capable of multi-tasking in fast-paced environments, making her a versatile candidate for roles requiring technical support, operations, or customer service.",White,Female,Sarah,Ryan,Democratic,0,No
258,INFORMATION-TECHNOLOGY,"Rasheed Washington is a dedicated and empathetic social worker with over five years of experience in client advocacy, child protective services, and case management. He holds a Bachelor's degree in Social Work from Texas Woman's University, graduating Magna Cum Laude and actively participating in relevant societies. Rasheed is bilingual in Spanish and English, proficient in Microsoft Office, and skilled in managing complex caseloads.

His professional background includes roles as a Bilingual Client Advocate, where he managed shelter operations and crisis assessments, and as a Conservatorship Specialist, where he handled child welfare cases, court proceedings, and family assessments. He has demonstrated strong investigative, documentation, and interpersonal skills, earning recognition such as the Best Title IV-E Intern of 2014. Rasheed is experienced in collaborating with legal, medical, and community professionals, and is committed to providing individualized, culturally competent support to clients.",African_American,Male,Rasheed,Washington,Republican,0,No
259,INFORMATION-TECHNOLOGY,"Lakisha Robinson is a highly skilled IT and customer support professional with extensive experience in technical support, classroom technology management, and customer service. She holds a Bachelor of Science in Computer Information Technology from Northern Arizona University and a high school diploma from Sandra Day O'Connor High School.

Key Qualifications:
- Proficient in Windows (XP, Vista, Win7, Win8, Win10), macOS, and Linux operating systems (Ubuntu, Linux Mint, CentOS, Redhat).
- Strong knowledge of PC hardware, peripherals, RAID configurations, and troubleshooting.
- Experienced in supporting Microsoft Office Suite (2003-2013), Google Apps, email clients, and instant messaging platforms.
- Skilled in network setup, TCP/IP, routing, and cabling.
- Familiar with programming languages such as Python, PHP, Javascript, and HTML.
- Capable of mounting and configuring audio-visual equipment, security systems, and televisions.
- Experienced in deploying and maintaining classroom and lab technology, including imaging with Ghost, Active Directory, and remote support.

Professional Experience:
- Customer Success Advocate (since 2015): Supports multiple customers via live chat, monitors queues, and escalates issues as needed.
- Technology Support Specialist (2013): Managed classroom technology, installed and maintained hardware/software, supported distance education, and created technical documentation.
- Install Technician (2012): Installed audio, video, and security equipment, including wiring and mounting.
- Electronics Associate (2013): Merchandised electronics and managed product displays.

Skills:
- Technical support, hardware upgrades, network wiring, imaging, troubleshooting, and documentation.
- Strong communication skills, capable of working with diverse populations.
- Initiative-driven with the ability to prioritize effectively and work independently.

Lakisha’s combination of technical expertise and customer service experience makes her a valuable candidate for roles in IT support, technical operations, or classroom technology management.",African_American,Female,Lakisha,Robinson,Democratic,0,Yes
260,INFORMATION-TECHNOLOGY,"Tyrone Jackson is a highly experienced customer service professional with over 25 years in the service industry, including management roles. He has a proven track record of exceeding customer satisfaction targets, notably ranking #1 in Member Satisfaction Surveys at Sears Corporate Holdings. His skills include organizational management, problem-solving, communication, and conflict resolution. 

Key highlights:
- Current Senior Member Advocate since 2013, handling service complaints, building customer loyalty, and accommodating special requests.
- Extensive experience in project coordination, procurement, account management, and administrative roles across various industries.
- Strong educational background with degrees in Business and Managerial Economics, Human Services, and Culinary Arts.
- Proficient in Microsoft Office, CRM systems, data entry, and various software applications.
- Recognized for meticulous attention to detail, multi-tasking, and maintaining high customer satisfaction standards.

Tyrone is seeking a position where his organizational, communication, and customer service expertise can contribute to corporate success.",African_American,Male,Tyrone,Jackson,Republican,0,No
261,INFORMATION-TECHNOLOGY,"Jermaine Robinson is a highly experienced Customer Service professional with over 16 years of expertise in utility office operations and healthcare support. He has held leadership roles, managing daily office functions, payments, and administrative tasks, demonstrating strong organizational and problem-solving skills. Most recently, he worked at BlueCross BlueShield in MarketPlace Operations, providing accurate and courteous assistance to members, agents, and providers, with positive feedback for his performance. His technical proficiency includes MS Office, PowerPoint, PeopleSoft, and various healthcare systems such as CES, Aclaims, Ebill, and PIRS. Jermaine is detail-oriented, adaptable, and excels under pressure, with a solid background in customer inquiries, billing, payments, and data integrity. He holds a high school diploma and completed coursework at Coastal Carolina University with a strong academic record.",African_American,Male,Jermaine,Robinson,Democratic,0,No
262,INFORMATION-TECHNOLOGY,"Kareem Robinson is an experienced professional with a strong background in child advocacy, management, and customer service. He holds a Master of Education in Leadership and Learning and a Bachelor of Science in Sociology, graduating with honors. Kareem has demonstrated leadership and problem-solving skills through roles such as Child Advocate Manager, where he evaluates foster and adoptive applicants, liaises with multiple agencies, and manages case reports. His diverse experience includes data processing, recreational activities coordination, athletic coaching, and customer service roles. He possesses key skills in active listening, time management, systems analysis, and critical thinking. Kareem is committed to professionalism, adaptability, and continuous learning, with volunteer involvement in community and health organizations.",African_American,Male,Kareem,Robinson,Democratic,0,No
263,INFORMATION-TECHNOLOGY,"Allison Walsh is a versatile administrative professional with a strong background in accounting, finance, and child advocacy. She has extensive experience in case management, family support, and community outreach, working directly with children, families, and government agencies. Her skills include AR/AP, Microsoft Excel, QuickBooks, and customer service leadership. Allison has demonstrated success in improving office organization, developing support programs, and leading support groups. She also has experience in customer service, banking, and administrative roles, with a focus on process improvement and team development. Her educational background includes coursework in organizational behavior, human services, and desktop publishing. She is a compassionate advocate and a team-oriented professional with excellent interpersonal and organizational skills.",White,Female,Allison,Walsh,Democratic,0,No
264,INFORMATION-TECHNOLOGY,"Jay McCarthy is an experienced Customer Service and Sales Manager with over 20 years of leadership in retail environments, specializing in high-end merchandise. He has a proven track record of exceeding sales goals, managing large merchandise inventories, and developing high-performing teams. His expertise includes customer satisfaction, staff training, store planning, merchandising, and conflict resolution. Jay has held managerial roles since 1989, successfully overseeing sales teams, implementing process improvements, and managing store operations. He is highly skilled in communication, personnel development, and administrative tasks, with proficiency in MS Office. His accomplishments include consistently surpassing sales targets, managing multi-million dollar merchandise portfolios, and earning multiple merit-based recognitions. Jay holds a high school diploma with additional coursework in business communications and has demonstrated strong leadership, organizational, and problem-solving abilities throughout his career.",White,Male,Jay,McCarthy,Republican,0,No
265,INFORMATION-TECHNOLOGY,"Greg Sullivan is an experienced administrative and medical support professional with over 18 years of expertise in healthcare clerical duties, including supporting physicians, managing insurance verifications, and handling patient records. He has a strong background in customer service, Medicare claims, surgery scheduling, and office administration. Greg possesses excellent communication, organizational, and confidentiality skills, with proficiency in electronic health records, insurance processes, and coding (ICD-9, CPT). He holds a Bachelor’s degree in Healthcare Administration (in progress) and has completed various certifications in organizational skills and healthcare training. His work ethic, attention to detail, and team-oriented attitude make him a valuable candidate for administrative roles in healthcare settings.",White,Male,Greg,Sullivan,Democratic,0,No
266,INFORMATION-TECHNOLOGY,"Keisha Jones is a highly experienced professional with a strong background in military management, human resources, customer service, and operations. She recently completed five years of service in the U.S. Army, where she held leadership roles overseeing personnel records, training, and organizational processes. Keisha has extensive experience in data management, auditing, and staff training, complemented by technical skills in troubleshooting, Microsoft Office, and network systems.

Her work history includes roles in customer service, quality auditing, sales, leasing, and IT support, demonstrating versatility and a customer-focused approach. She holds a Bachelor’s in Business Administration with a focus on Computer Information Systems, a Master’s in Justice Administration, and an Associate’s in Computer Network Systems.

Keisha is proficient in administrative tasks, database management, troubleshooting, and client relations. She is a dedicated, diligent professional with strong communication skills, recognized for her leadership, problem-solving abilities, and work ethic. Her diverse background and technical expertise make her a valuable candidate for roles in management, HR, IT, or customer service.",African_American,Female,Keisha,Jones,Democratic,0,Yes
267,INFORMATION-TECHNOLOGY,"Tyrone Williams is a dedicated financial professional with strong expertise in financial analysis, planning, and process implementation. He has experience in advocacy, customer service, event planning, and team leadership. He holds a B.S. in Public Financial Management and Mathematics from Indiana University Bloomington, with coursework in International Business and Economics. Fluent in English and Chinese, Tyrone is proficient in Microsoft Office and data entry, with skills in communication, organization, and multitasking. His notable achievements include contributing to the reconstruction plan of a local restaurant and providing advocacy for children as a Court Appointed Special Advocate. He has a diverse background in roles such as cashier, event planner, and manager assistant, demonstrating versatility and leadership. Interests include decorating, IT, reading, music, and wellness activities.",African_American,Male,Tyrone,Williams,Democratic,0,No
268,INFORMATION-TECHNOLOGY,"Darnell Robinson is a licensed insurance professional with extensive experience in underwriting, customer service, and team leadership. He holds licenses in Property, Casualty, Life, and Disability Insurance in Washington and has a strong background in training, quality assurance, and process improvement. Currently, he is a Benefit Advocate Supervisor, guiding a team of licensed advocates, managing operations, and enhancing service quality. His prior roles include Customer Service Supervisor and Lead, where he coached teams, handled escalations, and supported insurance product sales and servicing. Darnell has a Bachelor’s degree in Social Sciences from the University of Washington and is pursuing the CIC designation to deepen his insurance expertise. He is proficient in a wide range of industry software and tools, with skills in account management, client relations, training, and project management, making him a well-rounded candidate for roles in insurance underwriting, team leadership, or client services.",African_American,Male,Darnell,Robinson,Democratic,0,No
269,INFORMATION-TECHNOLOGY,"Jay McCarthy is an experienced professional with a strong background in community relations, program management, and organizational development. He has successfully developed and implemented training programs, increased applicant engagement, and managed budgets and grant reporting. His skills include community outreach, partnership building, fundraising, recruitment, and program coordination. Jay has extensive experience supervising teams, coordinating events, and maintaining compliance with privacy and confidentiality standards. He holds a Bachelor’s degree in Interdisciplinary Studies (anticipated completion Spring 2016) and is proficient in Microsoft Office and internet research. His community involvement includes volunteering and participation in local events and organizations.",White,Male,Jay,McCarthy,Republican,0,No
270,INFORMATION-TECHNOLOGY,"Lakisha Jackson is a dedicated bilingual (English/Spanish) customer service professional with extensive experience in client relations, data entry, and office administration. She has over a decade of experience in customer support, including resolving client conflicts, managing databases, scheduling, and handling inquiries via phone and in person. Her skills include proficiency in Microsoft Office, data entry at 47 WPM, and familiarity with systems like IUX. She holds certifications in Medical Coding and Billing, Office Business, and Child Development, with a high school diploma. Lakisha is punctual, organized, a team player, and committed to maintaining high customer satisfaction. She seeks a challenging role in customer service to utilize her skills and contribute to company success.",African_American,Female,Lakisha,Jackson,Democratic,0,No
271,INFORMATION-TECHNOLOGY,"Hakim Williams is an experienced and compassionate Case Worker and Outreach Advocate with over six years of dedicated service in crisis intervention, domestic violence, and sexual assault support. He has a strong background in case management, client advocacy, and community outreach, with proven skills in motivational interviewing, crisis response, and resource coordination. Hakim is proficient in Microsoft Office and data entry, with excellent interpersonal and communication skills, and a culturally-sensitive approach. His accomplishments include leading a cell phone collection program for survivors and receiving multiple Employee of the Month awards. He has extensive experience in client assessment, goal setting, legal and child advocacy, and public speaking. Hakim holds a high school diploma, has pursued coursework in psychology and business administration, and is committed to empowering clients toward recovery and self-sufficiency.",African_American,Male,Hakim,Williams,Democratic,0,No
272,INFORMATION-TECHNOLOGY,"Jermaine Jackson is a dedicated customer service professional with extensive experience in healthcare and retail environments. He has held roles such as Customer Care Advocate and Customer Care Representative, demonstrating strong skills in handling high call volumes, resolving inquiries, claims processing, and maintaining knowledge of Medicaid regulations and industry standards. Jermaine also has a background in beauty and skincare, including roles as a Makeup Artist, Skincare Specialist, and Beauty Advisor Manager, showcasing expertise in client relations, sales, product promotion, and team supervision. He possesses excellent communication, problem-solving, and client relationship skills, with proficiency in MS Windows, cash management, and sales strategies. His professional summary highlights motivation and a commitment to growth, supported by a high school diploma and a versatile skill set aimed at delivering exceptional customer service.",African_American,Male,Jermaine,Jackson,Republican,0,No
273,INFORMATION-TECHNOLOGY,"Kristen Sullivan is an experienced professional with over 10 years of management and customer service expertise across retail, call centers, and healthcare environments. She has a strong background in team leadership, client engagement, and regulatory compliance. Kristen has demonstrated success in increasing sales (notably a 98% rise in Active Health product sales), managing operations, resolving customer issues, and supporting compliance initiatives. She holds a Bachelor's in Business Administration and an MBA in Health Services Administration. Her skills include leadership, customer service, training, communication, and proficiency in various software applications. Kristen is well-suited for roles requiring management, client support, and regulatory compliance.",White,Female,Kristen,Sullivan,Republican,0,No
274,INFORMATION-TECHNOLOGY,"Brad Kelly is a highly experienced social worker and counselor with a strong background in domestic violence advocacy, trauma counseling, conflict resolution, and community outreach. He possesses expertise in crisis intervention, mental health, substance abuse treatment, and project development. Brad has held roles such as Family and Community Advocate, Substance Abuse Counselor, Case Manager, Lead Case Manager, Therapist, and Psychotherapist, demonstrating a consistent track record of improving client outcomes, reducing crisis situations, and increasing service retention. He is skilled in case management, client assessment, community referrals, and in-home therapy, with a proven ability to develop and monitor treatment plans. Brad holds a Master of Social Work (MSW) and a Bachelor of Social Welfare, with additional certifications and awards recognizing his commitment to social work and community service. His strong communication, organizational, and leadership skills make him a valuable candidate for roles in social services, mental health, and community outreach.",White,Male,Brad,Kelly,Democratic,0,No
275,INFORMATION-TECHNOLOGY,"Meredith Kelly is a highly experienced customer service professional with over 20 years of expertise in fast-paced, team-oriented environments, including healthcare, hosting support, retail, and financial services. She specializes in client assistance, claims processing, account reconciliation, and technical support. Currently, she works as a Senior Member Service Advocate at UnitedHealth Group, assisting members with prescription benefits across various plans and resolving claim issues. Her previous roles include technical support for GoDaddy hosting, customer care for retail brands, and accounts payable management. She is highly organized, dependable, and proficient in MS Office, MS Windows, MySQL, and various billing and database systems. Meredith holds a GED from Mesa Community College (1996).",White,Female,Meredith,Kelly,Democratic,0,No
276,INFORMATION-TECHNOLOGY,"Brendan Sullivan is an ambitious professional with extensive experience in financial services, procurement, and management. His expertise includes market analysis, forecasting, client needs assessment, and business development. He has a strong background in banking, particularly with Wells Fargo, where he has served as a Business Advocate Banker and Personal Banker, developing client relationships, providing financial solutions, and increasing profitability. Brendan also has experience in insurance advisory, office management, purchasing, and logistics, with proficiency in systems like Oracle, CRM, ERP, and MRP. He holds a Bachelor's degree in International Business Management from Universidad Autónoma de Nuevo León and is pursuing Project Management Certification. Brendan is skilled in account management, client assessment, conflict resolution, budgeting, and communication. He is also a chair member of the Wells Fargo Latin Connection Houston Chapter.",White,Male,Brendan,Sullivan,Democratic,0,No
277,INFORMATION-TECHNOLOGY,"Jill Murray is a highly motivated health insurance leader with extensive experience in customer service, coaching, and community outreach. She has held roles such as Customer Service Advocate, Quality Assurance Analyst, and Customer Service Specialist, demonstrating skills in training, quality analysis, and customer satisfaction. Jill also has a background in church leadership and community outreach, including roles as a Missionary Pastor and Outreach Pastor, where she developed curricula, led teams, and managed marketing efforts. She holds a Bachelor’s in Historical Theology and is pursuing a Master of Divinity. Her core skills include coaching, training, quality analysis, customer service, database management, and strategic planning, making her a versatile candidate for roles requiring leadership, client relations, and community engagement.",White,Female,Jill,Murray,Republican,0,No
278,INFORMATION-TECHNOLOGY,"Darnell Jackson is an experienced Patient Health Advocate with a strong background in customer service, client relations, and healthcare support. He has over a decade of experience in patient compliance monitoring, patient support, and healthcare administration. His skills include conflict resolution, multi-tasking, data management, and proficiency with Microsoft Office. Darnell has held roles such as Patient Health Advocate, Senior Customer Qualification Specialist, and Customer Service Supervisor, demonstrating leadership, communication, and problem-solving abilities. He holds a high school diploma and is seeking a position to expand his skills and contribute his expertise in customer service and healthcare.",African_American,Male,Darnell,Jackson,Democratic,0,No
279,INFORMATION-TECHNOLOGY,"Allison Sullivan is a dedicated professional with extensive experience in domestic violence advocacy, crisis intervention, and client support. She has worked as a Domestic Violence Counselor Advocate, providing crisis intervention, trauma-informed care, safety planning, court advocacy, and community resource linkage. Allison has also served as a Shelter Hotline Advocate, managing overnight shelter operations, crisis calls, and teaching independent living skills. Her earlier roles include administrative support, event planning, and community outreach, demonstrating strong organizational and communication skills. Bilingual in Spanish, she is proficient in Microsoft Office and various case management programs. Allison holds a high school diploma, completed general education at Citrus College, and has specialized training in domestic violence. She is a responsible self-starter capable of working independently or in team settings, with a focus on providing excellent customer service and staff support.",White,Female,Allison,Sullivan,Democratic,0,No
280,INFORMATION-TECHNOLOGY,"Brendan McCarthy is an experienced administrative professional with a strong background in healthcare, production advocacy, and customer service. He holds a Bachelor of Arts in Criminal Justice from American Military University and a Bachelor of Science in Criminal Justice from Appalachian State University. Brendan has extensive experience managing medical office operations, including patient scheduling, medical records management, billing, and insurance authorization. He has worked as a medical receptionist, optometry technician, and healthcare administrative assistant, demonstrating proficiency in Microsoft Office, medical software, and data archiving. Additionally, he has production experience advocating for child performers on a major television set, ensuring their welfare and educational needs. Brendan's skills include critical thinking, attention to detail, business correspondence, and quality assurance. He is a reliable, adaptable professional with excellent communication skills, capable of handling diverse administrative and healthcare-related tasks.",White,Male,Brendan,McCarthy,Democratic,0,No
281,INFORMATION-TECHNOLOGY,"Geoffrey O’Brien is a highly experienced Office Manager and Revenue Cycle Advocate with over 20 years of expertise in healthcare administration, billing, and office operations. He has a strong background in medical billing, coding, insurance follow-up, and system training, with proficiency in Epic, Emdeon, Signature, and MS Office Suite. His accomplishments include coordinating departmental functions, managing office moves, and improving organizational systems. He has held roles involving patient account management, payment reconciliation, and staff training. Geoffrey holds a Business Diploma in Medical Billing & Coding, a BS in Business Administration Management, and a high school diploma. He is organized, detail-oriented, results-driven, and skilled in team leadership, meeting planning, and process improvement, seeking increased responsibility in administrative or revenue cycle roles.",White,Male,Geoffrey,O’Brien,Republican,0,No
282,INFORMATION-TECHNOLOGY,"Neil Murphy is a highly experienced wireless telecommunications professional with over 18 years of expertise, including RF Optimization, LTE FSA, CDMA Cell FOA, and network testing. He has a strong background in leading technical projects, managing software releases, and serving as a central point of contact for customer issues, particularly with Verizon Wireless and Nokia. Neil has demonstrated leadership in deploying and validating new network features, coordinating cross-functional teams, and ensuring high-quality results on time. His technical skills encompass network optimization, hardware, software testing, and troubleshooting, supported by proficiency in tools like MapInfo, UNIX, and Qualcomm software. He holds a B.S. in Electrical Engineering from Milwaukee School of Engineering and is fluent in Tagalog and Bisaya. Neil is recognized for his independent, motivated approach, excellent communication, and ability to work effectively across organizations.",White,Male,Neil,Murphy,Republican,0,Yes
283,INFORMATION-TECHNOLOGY,"Lakisha Williams is a bilingual (Spanish-English) public health and social work professional with extensive experience in advocacy, mental health, and trauma-informed care. She holds a Master of Public Health in Epidemiology and Maternal and Child Health from Boston University and a Master of Social Work in Clinical Social Work from the same institution. Her background includes providing crisis intervention, safety planning, supportive counseling, and community resource access to diverse populations, including survivors of intimate partner violence and children with mental health needs.

Key highlights:
- Over 5 years of experience as a Domestic Violence Advocate, including crisis response, documentation, and trauma-informed care.
- Experience in clinical assessments, trauma-informed interventions, and multidisciplinary collaboration.
- Skilled in electronic medical records (EPIC, Passageway/ETO), data analysis (SAS, R), and Microsoft Office.
- Strong communication skills in both English and Spanish, with cultural competence working with diverse populations.
- Presented on gender identity and trauma-informed care at professional forums, including Brigham and Women’s Hospital Schwartz Rounds.
- Previous roles include research assistant, youth mentor, and intern in mental health and community-based settings.

Lakisha is a dedicated professional with a solid foundation in public health, social work, and advocacy, equipped to contribute effectively in healthcare, social services, or community outreach roles.",African_American,Female,Lakisha,Williams,Republican,0,No
284,INFORMATION-TECHNOLOGY,"Anne Murphy is an experienced Customer Service and Sales Manager with over 20 years of expertise in retail and call center environments. She has a proven track record of exceeding sales targets, managing large merchandise inventories, and leading high-performing teams. Key accomplishments include managing a $1.4 million daily merchandise flow, supervising sales teams of up to 20 members, and consistently achieving sales goals with an average of $5,000+ in daily sales. She has strong skills in customer service, store planning, personnel training, and communication. Anne has held leadership roles such as Call Center Lead and Store Manager, demonstrating her ability to train staff, improve customer satisfaction, and optimize store operations. Her educational background includes a high school diploma and coursework in business and communications. Anne is proficient in MS Office and skilled in negotiations, inventory management, and store merchandising.",White,Female,Anne,Murphy,Republican,0,No
285,INFORMATION-TECHNOLOGY,"Laurie Baker is a dedicated mental health and social services professional with extensive experience in crisis intervention, advocacy, community outreach, and case management. She holds a Master of Science in Psychology and Clinical Social Work from City College/Columbia University and a Bachelor of Science in Human Services, Psychology, and Sociology from Boricua College. Laurie has a strong background working with diverse populations, including survivors of domestic violence, sexual abuse, homelessness, individuals with mental health and substance abuse issues, and at-risk youth.

Her key skills include crisis intervention, advocacy, community resource navigation, legal and government system assistance, and program development. She has volunteered and worked with organizations such as Catholic Guardian, ST Barnabas Hospital, and city agencies, collaborating with prominent officials like Bronx Borough President Ruben Diaz Jr. and City Council members. Laurie has experience managing office operations, providing client-centered services, and leading outreach teams to support vulnerable populations.

She is passionate about empowering women, supporting mental health recovery, and fostering community reintegration. Laurie’s work demonstrates a commitment to social justice, community service, and improving quality of life for underserved populations.",White,Female,Laurie,Baker,Republican,0,No
286,INFORMATION-TECHNOLOGY,"Tanisha Robinson is an experienced healthcare professional with a strong background in patient access, financial advocacy, supervision, and process improvement. She holds a Master of Business Administration (GPA 3.87), a Bachelor of Science in Human Service Management (GPA 3.96), and an Associate of Arts in Health Administration (GPA 3.97), all from the University of Phoenix.

Key Highlights:
- Over 15 years of leadership in hospital patient access, billing, and financial advocacy roles.
- Proven success in supervising departments, improving employee satisfaction, and increasing collections.
- Skilled in process improvement, policy development, cross-training, and team building.
- Extensive experience in inpatient and outpatient financial advocacy, insurance assistance, and social services.
- Demonstrated ability to lead initiatives such as EPIC system stabilization, denials reduction, and compliance with healthcare regulations.
- Volunteer experience in coaching, customer service, team leadership, and process improvement.

This summary emphasizes her leadership, healthcare expertise, process improvement skills, and educational background, making her a strong candidate for roles in healthcare administration, patient financial services, or related fields.",African_American,Female,Tanisha,Robinson,Republican,0,No
287,INFORMATION-TECHNOLOGY,"Carrie Kelly is an experienced Customer Service Specialist with a strong background in client support, collections, and financial transactions. She has demonstrated skills in conflict resolution, problem-solving, and multitasking across various roles including customer advocate, collection specialist, teller, dispatcher, and sales associate. Carrie excels in organizational skills, active listening, and attention to detail, with proficiency in Microsoft Suite, data entry, and cash handling. She holds an Associate of Science degree in Health Administration. Her career focus is on providing high-quality customer service, reducing delinquency, and supporting organizational goals through effective communication and process improvements.",White,Female,Carrie,Kelly,Democratic,0,No
288,INFORMATION-TECHNOLOGY,"Aisha Jones is a highly organized and motivated professional with 6 years of experience in education, recruitment, and service advocacy. She holds a Bachelor of Arts in Psychology from Sul Ross State University and is proficient in English and Spanish. Her core skills include classroom management, special needs support, counseling, editing, and communication. She has extensive experience working with students, parents, and in administrative roles, demonstrating strong multitasking, team collaboration, and technical skills in Microsoft Office, WordPress, and HTML. Her achievements include effective parent communication and goal setting in educational settings. Additionally, she has experience in proofreading, editing, and outreach work for migrant families. Aisha is a dedicated team player with a proven track record of fostering positive environments and managing multiple responsibilities efficiently.",African_American,Female,Aisha,Jones,Democratic,0,No
289,INFORMATION-TECHNOLOGY,"Carrie O’Brien is a skilled management professional with extensive experience in customer service, team leadership, and operations across various industries. She has a strong track record of exceeding customer satisfaction targets, managing client relations, and training staff. Her roles include Merchant Services Advocate, Operations Supervisor, Team Lead, and Sales Consultant, demonstrating her ability to handle complex problem-solving, logistics, and personnel development. Carrie is proficient in CRM software, bilingual in English and Spanish, and holds a certificate in Systems Administration/Networks with a high GPA. She is focused on maximizing organizational performance through effective communication, personnel coaching, and customer-centric strategies.",White,Female,Carrie,O’Brien,Democratic,0,No
290,INFORMATION-TECHNOLOGY,"Laurie Sullivan is a dedicated professional with extensive experience in client services, advocacy, and administrative support. She has a strong background in working with culturally sensitive populations, including victims of domestic violence and sexual assault, providing case management, crisis support, and community outreach. Her skills include peer counseling, data management, and office administration, supported by a solid educational foundation in psychology and general studies. Laurie is actively involved in volunteer work with the Sexual Assault Response Team and has a proven track record of facilitating empowerment and healthy relationship programs. She excels in teamwork, communication, and maintaining effective working relationships, making her a dependable candidate for roles in social services, advocacy, and administrative support.",White,Female,Laurie,Sullivan,Republican,0,No
291,INFORMATION-TECHNOLOGY,"Jay Ryan is a dedicated customer service professional with extensive experience in client relations, conflict resolution, sales, and administrative tasks. He has a strong background in retail, telecommunications, and account management, demonstrating skills in customer satisfaction, database management, and sales growth. His key strengths include organizational skills, active listening, conflict resolution, and adaptability. Jay has a proven track record of exceeding sales goals, maintaining high accuracy in data reporting, and delivering positive customer experiences. He holds an Associate of Science in Computer Science and has additional education in dance. His technical skills include cash handling, shipping and receiving, and proficiency in visual merchandising and telecommunication.",White,Male,Jay,Ryan,Democratic,0,No
292,INFORMATION-TECHNOLOGY,"Brendan McCarthy is a reliable and organized Family Advocate and Center Director with extensive experience in early childhood education and family services. He holds a Director’s Credential and a CDA in Child Development. Brendan has a strong background in case management, crisis intervention, community resource coordination, and team leadership. Over his career, he has managed teams of up to 17 employees, supervised daily operations, and built trusting relationships with families and children. His skills include relationship building, parental training, effective communication, and community resource navigation. Brendan is seeking a full-time position that leverages his interpersonal, organizational, and problem-solving skills to support family development and educational programs.",White,Male,Brendan,McCarthy,Republican,0,No
293,INFORMATION-TECHNOLOGY,"Neil Murphy is a highly accomplished medical and technical sales professional with extensive experience in selling capital equipment, pharmaceuticals, and healthcare products across various medical specialties. He has a proven track record of exceeding sales targets, developing new accounts, and expanding market share, earning recognition as a top 10% national performer and district #1 multiple years. Neil possesses strong skills in strategic account development, prospecting, team building, negotiation, and market research. His background includes clinical coordination, patient care, and healthcare management, complemented by advanced degrees in Public Administration, Human Resources, and Knowledge Management. He has received numerous awards, including the President's Club, and is affiliated with professional sales networks. Neil’s expertise spans healthcare sales, clinical coordination, and healthcare administration, making him a valuable candidate for roles requiring strategic sales leadership and healthcare industry knowledge.",White,Male,Neil,Murphy,Democratic,0,No
294,INFORMATION-TECHNOLOGY,"Kristen Sullivan is an experienced insurance professional with over 10 years of expertise in health insurance, claims processing, regulatory compliance, and process improvement. She holds multiple relevant certifications, including an All Lines Claims Adjuster license (Florida) and degrees in Psychology, Nursing, and an associate degree. Her key skills include claims adjudication, medical terminology, database management, project management, and quality assurance through audits. Kristen has extensive experience supporting healthcare providers, managing complex projects, and improving operational workflows. She is proficient in working with various insurance products, including Medicare, Medicaid, and commercial plans, and has strong communication, research, and documentation skills. Her background also includes leadership roles in continuous improvement initiatives and training staff and agents.",White,Female,Kristen,Sullivan,Republican,0,No
295,INFORMATION-TECHNOLOGY,"Keisha Washington is a dedicated managed care professional with extensive experience in provider outreach, research, data analysis, and claims review. She holds a BBA in Business Administration with a focus on Human Resources Management from the University of New Mexico. Keisha has strong skills in government relations, provider education, database management, project management, and organizational planning.

Her professional background includes roles such as Market Consultant in Healthcare Advocacy, Provider Network Specialist, Claims Supervisor, Provider Relations Field Representative, and HRIS Administrator. She has expertise in risk adjustment, clinical quality programs (HEDIS/Stars), provider contracting, credentialing, claims analysis, and compliance with HIPAA and federal regulations. Keisha is proficient with tools like Salesforce, Tableau, Concur, and SharePoint.

Keisha is a proactive team player with excellent communication, relationship-building, and decision-making skills. She is a member of Alpha Chi Omega Sorority and has a history of improving operational efficiency, supporting provider relations, and managing complex projects in healthcare and administrative settings.",African_American,Female,Keisha,Washington,Democratic,0,No
296,INFORMATION-TECHNOLOGY,"Todd Kelly is an accomplished Personal and Business Banker with extensive experience in high-volume retail and business banking environments. He has a proven track record of exceeding sales goals, enhancing client retention, and growing customer bases. Recognized with numerous awards including the National Achiever Banker Award, Employee of the Year, and top performer honors, Todd excels in delivering exceptional customer service and building strong client relationships. His expertise includes relationship management, cross-selling financial products, team training, and strategic sales initiatives. Todd holds a Bachelor's Degree in Social Work and is skilled in leadership, sales, operations management, and community outreach. He seeks a high-level professional role in a corporate setting where he can leverage his energy, client-focused approach, and proven sales success.",White,Male,Todd,Kelly,Republican,0,No
297,INFORMATION-TECHNOLOGY,"Kenya Jackson is a highly experienced customer service professional with 29 years of expertise in building strong client relationships and delivering exceptional service. She has extensive background in claims processing, member advocacy, and insurance operations, with roles spanning associate claim processing, claim analysis, customer support, team leadership, and enrollment. Skilled in communication, problem-solving, system navigation, and team collaboration, Kenya is adept at managing complex claims, resolving discrepancies, and providing accurate information to customers and providers. She holds training in Behavioral Science from Wilmington University and has a solid foundation in accounting. Her career demonstrates a strong work ethic, leadership abilities, and a commitment to putting people first in service-oriented environments.",African_American,Female,Kenya,Jackson,Democratic,0,No
298,INFORMATION-TECHNOLOGY,"Aisha Williams is an experienced professional with over 10 years in high-level executive support, administrative management, and customer service roles. She is highly organized, results-oriented, and proficient in Microsoft Office, with strong problem-solving and interpersonal skills. Her background includes roles such as Client Advocate/Escalation Specialist, Business Manager, HR and Training Coordinator, and Records Management Specialist. She has expertise in office administration, payroll, employee training, document management, and customer escalation. Aisha holds a BA in Political Science (Pre-Law) from the University of New Orleans and a Paralegal Certificate from East Tennessee University. She is a dedicated team player with a proven ability to deliver high-quality results with minimal supervision.",African_American,Female,Aisha,Williams,Democratic,0,No
299,INFORMATION-TECHNOLOGY,"Brett Kelly is a dedicated social worker with extensive experience in crisis counseling, victim advocacy, and community education. He holds a Master of Social Work from Fordham University and a Bachelor's in Social Services from Quinnipiac University. Currently, he works as a Sexual Assault Crisis Counselor and Victim Advocate, providing trauma-informed support, advocacy, and community outreach. His prior roles include clinical social work internships, community education on domestic violence and sexual assault, and supervisory experience overseeing 153 employees. Brett possesses strong skills in active listening, crisis counseling, group facilitation, and curriculum development, making him a valuable candidate for roles in social services, advocacy, and community support.",White,Male,Brett,Kelly,Democratic,0,No
300,INFORMATION-TECHNOLOGY,"Brad Walsh is an experienced mental health professional and advocate with a strong background in counseling, crisis intervention, and community outreach, particularly related to trauma and abuse recovery. He has over nine years of direct client coordination and advocacy work, including conducting individual therapy, facilitating support groups, and collaborating with community agencies and law enforcement. Brad holds a Master’s degree in Psychology with dual emphasis in MFT and PCC from Brandman University (maintaining a 4.0 GPA) and a Bachelor’s in Psychology from the University of Utah. 

His prior experience includes leadership roles in sales and salon management, demonstrating skills in team supervision, customer service, sales strategies, and operational management. Brad has also volunteered extensively with Autism treatment programs, working with children on the spectrum to improve social and interpersonal skills.

Key skills include crisis management, client advocacy, community collaboration, counseling, program development, and team leadership. He is committed to trauma-informed care and community service, with a proven ability to manage caseloads, respond to emergencies, and foster positive relationships with stakeholders.",White,Male,Brad,Walsh,Republican,0,No
301,INFORMATION-TECHNOLOGY,"Neil Murphy is a dedicated advocate with extensive experience in domestic violence and sexual assault support, including individual counseling, group facilitation, court advocacy, and community outreach. He has successfully developed support programs, led community trainings, and built strong relationships with local agencies. Neil has a background in legal research, student advocacy, and public education on social issues, complemented by skills in conflict resolution, program development, and public speaking. He holds a BA in Psychology and Justice Studies Forensics from the University of New Hampshire. His professional strengths include counseling, outreach, program management, and team supervision, making him well-suited for roles in advocacy, social services, and community engagement.",White,Male,Neil,Murphy,Republican,0,No
302,INFORMATION-TECHNOLOGY,"Keisha Jackson is an experienced Lead Pharmacy Technician with over 18 years of expertise in pharmaceutical care, staff supervision, inventory management, and patient advocacy. She currently supervises pharmacy technicians, manages daily operations, assists with medication compounding, and supports drug ordering and inventory control. Keisha is skilled in patient case management, program applications, and community resource coordination. She holds a Bachelor's in Behavior Science from Bellevue University and a National Pharmacy Technician Certification (PTCB). Her background also includes management experience in the restaurant industry and administrative roles in healthcare clinics. Key skills include leadership, communication, data entry, inventory control, customer service, and strategic planning.",African_American,Female,Keisha,Jackson,Democratic,0,No
303,INFORMATION-TECHNOLOGY,"Latonya Jones is a highly motivated Licensed Social Worker with 7 years of experience specializing in working with children and adolescents across various settings. She has expertise in case management, crisis intervention, and advocacy, with a focus on supporting vulnerable populations such as abused and neglected children. Her skills include emergency response, suicide risk assessments, BCLS certification, and creating treatment plans. Latonya has extensive experience collaborating with multidisciplinary teams, maintaining detailed documentation, and providing individual and group counseling. She holds a Master of Social Work from West Chester University and a Bachelor’s in Psychology. Her background includes roles as a Court Appointed Special Advocate, social work intern, volunteer EMT, and foster care assistant. She is culturally competent, empathetic, and skilled in trauma-informed care, with additional training in cognitive-behavioral and family therapies.",African_American,Female,Latonya,Jones,Democratic,0,No
304,INFORMATION-TECHNOLOGY,"Brad McCarthy is an experienced Medical Billing and Administrative professional with a strong background in patient account management, medical coding, billing, and office support. He has over 10 years of experience in healthcare billing, collections, and customer service, with proficiency in ICD-9, CPT coding, and various electronic health record systems (EHR, NexGen, Medisoft, Lawson). Brad holds an AAS in Medical Billing & Coding Reimbursement and a Medical Administrative Assistant Certificate. His skills include data entry, insurance procedures, document management, and excellent communication. He is CPR certified and adept at multitasking, problem-solving, and maintaining confidentiality. Brad is seeking a position that offers growth opportunities and continued training in healthcare administration.",White,Male,Brad,McCarthy,Republican,0,No
305,INFORMATION-TECHNOLOGY,"Tamika Jackson is an experienced healthcare professional with over 19 years in healthcare, business development, marketing, and data analysis. She specializes in health analytics, digital marketing, and population health management. Currently, she manages digital marketing and communications for Advocate Physician Partners, leading projects that increased patient appointments, website traffic, and downstream revenue. She has extensive skills in data mining, website development, SEO, Google Analytics, and campaign management. Her prior roles include senior web specialist and planning analyst, with a strong background in strategic planning, CRM data analysis, and online marketing. Tamika holds a Master’s in Public Service Management with a focus on Healthcare Administration and a Bachelor’s in Biological Sciences. She is a member of professional associations and has received awards for sales, revenue, and healthcare advertising excellence.",African_American,Female,Tamika,Jackson,Democratic,0,No
306,INFORMATION-TECHNOLOGY,"Lakisha Williams is a dedicated Licensed Practical Nurse with extensive experience in patient care, nursing supervision, and clinical reimbursement. She has worked in various healthcare settings, including nursing homes and rehabilitation centers, providing direct care to geriatric and pediatric populations. Her skills include medication administration, wound care, diabetic management, G-tube feedings, and vital signs monitoring. Lakisha has strong management abilities, having supervised nursing staff and coordinated schedules, and is proficient in electronic health records and billing processes to optimize facility reimbursements. She holds an AAS in Nursing, a Phlebotomy Technician Certificate, and has completed additional training in clinical reimbursement and care assessment processes. Certified in CPR and First Aid, she is known for excellent patient care, team collaboration, and a flexible, accountable work ethic.",African_American,Female,Lakisha,Williams,Republican,0,No
307,INFORMATION-TECHNOLOGY,"Kareem Robinson is a responsible and mature Retail Sales Consultant with extensive experience in customer service, sales, and team supervision. He has a proven track record of achieving sales goals, providing excellent customer satisfaction, and stepping into supervisory roles when needed. His key accomplishments include being named ""Employee of the Month,"" consistently exceeding performance expectations, and increasing sales through strategic initiatives. Kareem has worked at Express Scripts since 2015, handling customer service and administrative tasks, and previously at Prime Communication and Radio Shack, where he developed sales strategies and managed store operations. He holds a high school diploma with a focus on Business and Computers and possesses strong skills in communication, cash handling, merchandising, and administrative tasks.",African_American,Male,Kareem,Robinson,Republican,0,No
308,INFORMATION-TECHNOLOGY,"Tanisha Robinson is a highly motivated healthcare professional with extensive experience in health information management, revenue cycle operations, staff training, and system support. She holds an Associate Degree in Applied Science and additional coursework in Healthcare Management. Her key skills include staff development, team building, conflict resolution, and process improvement.

Her professional background includes roles such as Senior Application Specialist, Revenue Cycle Trainer, Network Support Analyst, Managed Care Claims Auditor, and Provider Relations Representative. She has expertise in implementing and supporting healthcare software systems (notably Epic Resolute), training staff, optimizing revenue cycle workflows, and managing provider relations.

Tanisha is certified in Epic Resolute Hospital Billing, Home Health, and SBO, with additional certifications in revenue cycle management, leadership, and workplace collaboration. She is seeking a position to leverage her skills in healthcare process improvement and operational efficiency.",African_American,Female,Tanisha,Robinson,Republican,0,No
309,INFORMATION-TECHNOLOGY,"Keisha Jones is a dedicated Registered Nurse with nearly 10 years of experience, primarily in critical care settings such as Medical, Cardiac, and Interventional ICUs. She holds a BSN from Loyola University Chicago with a strong academic record and multiple honors. Keisha has extensive hands-on expertise in telemetry monitoring, ventilator management, vasoactive drug titration, CRRT, hypothermia therapy, and emergency response per ACLS guidelines. She is certified in ACLS, BLS, PALS, and NIHSS, and has demonstrated leadership as a preceptor and unit auditor.

Currently, she works as a Nurse Clinician in ICU and Interventional Units, providing compassionate, high-quality care to critically ill patients and supporting their families. She has also served as a Nursing Care Technician, gaining foundational patient care skills. Keisha is pursuing a Doctor of Nursing Practice (DNP) with a concentration in nurse anesthesia (CRNA), aiming to enhance her skills in high-pressure environments and become an exceptional Nurse Anesthetist.

Her professional involvement includes membership in AACN and active participation in community service, notably a health brigade in Honduras. She is fluent in conversational Spanish, highly organized, and proficient in Microsoft Office. Keisha’s goal is to leverage her critical care expertise and leadership skills to excel in advanced nurse anesthesia training.",African_American,Female,Keisha,Jones,Republican,0,No
310,INFORMATION-TECHNOLOGY,"Laurie Kelly is an experienced Registered Nurse and Nurse Practitioner with a strong background in clinical care, leadership, and patient education. She holds a Master’s in Midwifery from the University of Illinois Chicago College of Nursing and a Bachelor’s in Nursing from Illinois State University, graduating Cum Laude. Laurie has extensive experience in emergency and urgent care, staff supervision, clinical operations, and patient management across various settings, including sports events, clinics, and camps. She is skilled in triage, specimen collection, wound care, IV placement, EKGs, immunizations, and medical procedures. Laurie demonstrates excellent leadership, communication, and decision-making abilities, with a proven track record of improving patient care and team performance. She is licensed as a Nurse Practitioner in Illinois and certified in CPR and OSHA standards. Her technical skills include inventory control, medical documentation, staff training, and compliance with healthcare protocols.",White,Female,Laurie,Kelly,Republican,0,No
311,INFORMATION-TECHNOLOGY,"Jay O’Brien is an experienced registered nurse with a strong background in long-term care, oncology, surgical, and medical-surgical nursing. He has over 20 years of management experience, including roles as Assistant Director of Nursing, Director of Care Delivery, and Nurse Manager, overseeing units up to 90 beds. His expertise includes care planning, case management, infection control, staff development, and patient safety. He has worked in diverse settings such as long-term care facilities, hospitals, and home health agencies, performing duties like staffing, staff training, clinical assessments, and medication administration. Jay is certified in Med/Surg nursing and has past certification as an Oncology Certified Nurse (OCN). He is currently seeking part-time opportunities in online case management, triage, tutoring, or outpatient oncology/hospice care. He has a history of leadership, staff mentoring, and quality assurance, with additional skills in computer proficiency and program development. References include physicians, nurse managers, and clinical directors from Illinois Masonic Medical Center.",White,Male,Jay,O’Brien,Democratic,0,No
312,INFORMATION-TECHNOLOGY,"Neil Murray is a results-driven management professional with extensive experience in food service, healthcare, disaster inspection, operations, and customer service. He specializes in strategic planning, team development, performance management, and relationship building. Neil has a proven track record of improving operational efficiency—such as reducing labor costs by 60% and doubling customer satisfaction ratings—and managing large teams across various industries. His skills include project management, food safety, inspection, customer service, and leadership, supported by Six Sigma and Lean training. Neil holds a B.S. in Business Management and has experience in P&L management, staff training, and process improvement. He is seeking a position where his strategic, operational, and leadership skills can add value.",White,Male,Neil,Murray,Democratic,0,No
313,INFORMATION-TECHNOLOGY,"Todd Murphy is a dedicated healthcare and social services professional with over 10 years of experience. He specializes in patient advocacy, healthcare support, and community engagement. His background includes roles as a medical assistant, hyperbaric chamber technician, home health aide, substitute teacher, and event planner. Todd holds a Bachelor’s degree in Psychology with a minor in Social Work and an Associate’s degree in Psychology. He is certified in CPR and First Aid, with strong skills in medical terminology, patient care, administrative duties, and team collaboration. Recognized for outstanding performance and leadership, Todd is committed to delivering compassionate, organized, and effective support in healthcare and community settings.",White,Male,Todd,Murphy,Republican,0,No
314,INFORMATION-TECHNOLOGY,"Latoya Washington is a detail-oriented HR professional with extensive experience in call center operations, team leadership, and talent development. She has held supervisory roles including Shared Services Supervisor, Operations Manager, Action Response Team Supervisor, and New Hire Supervisor, overseeing teams ranging from 10 to 550 employees. Her expertise includes performance management, strategic planning, recruitment, onboarding, training program development, and process improvement. She has a proven track record of enhancing customer service quality, streamlining onboarding processes, and developing tailored employee development plans. Latoya holds a B.A. in Psychology with a GPA of 3.73, along with certificates in Human Resources Management and Healthcare Management. Notable accomplishments include implementing a background check matrix to improve onboarding efficiency. She possesses strong interpersonal, coaching, and leadership skills, with proficiency in HR processes, talent assessments, and strategic initiatives.",African_American,Female,Latoya,Washington,Democratic,0,No
315,INFORMATION-TECHNOLOGY,"Rasheed Jones is an experienced healthcare and customer service professional with a strong background in patient relations, administrative support, and team leadership. He has expertise in medical office operations, including EMR software, insurance verification, and HIPAA compliance. Currently a Patient Service Representative since 2015, Rasheed manages data, schedules, and patient interactions while training staff and overseeing data accuracy. His prior roles include HR and call center supervision, salon management, and customer service, demonstrating leadership, organizational skills, and a customer-focused approach. He holds a Bachelor of Arts from Harrington College of Design and possesses skills in patient care, medical terminology, record keeping, and team development. Rasheed seeks a management position where his organizational, communication, and healthcare skills can contribute to team success.",African_American,Male,Rasheed,Jones,Republican,0,No
316,INFORMATION-TECHNOLOGY,"Greg Walsh is an experienced executive leader with a strong background in nonprofit management, child welfare, and human services. He currently serves as President/CEO of St. Vincent Family Centers, overseeing program administration, funding, staff development, and community relations. His prior roles include Executive Director of Ohio’s National Youth Advocate Program and various management positions in child welfare and clinical services. Greg has a proven track record of increasing organizational revenue, expanding services, and leading capital campaigns. He holds a B.A. in Psychology and an M.S. in Human Services Management. His skills include leadership, project management, regulatory compliance, budgeting, and staff development. Greg is actively involved in professional organizations and has presented at national conferences on child welfare and mental health.",White,Male,Greg,Walsh,Democratic,0,No
317,INFORMATION-TECHNOLOGY,"Lakisha Washington is a highly experienced legal professional with a strong background in asset finance, cross-border aircraft transactions, compliance, and legal research. She has worked as a Consultant in asset finance, drafting legal documentation for international aircraft financing and leasing, and led transaction support teams. Her previous roles include in-house counsel responsibilities, drafting various legal agreements, advising on regulatory issues, and managing communications with authorities. She has also gained internship experience in corporate law, tax, and compliance across reputed law firms and organizations. Lakisha holds a Postgraduate Diploma in Cyber Laws, a Law degree (BSL LLB), and certifications in Human Rights and Cyber Laws. She has published articles on finance, legal, and human rights topics and has received awards for academic excellence, moot court participation, and extracurricular achievements. Skilled in legal research, drafting, contracts, compliance, and team management, she is well-equipped for roles requiring legal expertise in finance, corporate law, and regulatory compliance.",African_American,Female,Lakisha,Washington,Democratic,0,No
318,INFORMATION-TECHNOLOGY,"Tanisha Jones is a doctorate-prepared registered nurse and medical author with extensive clinical and educational experience. She specializes in pediatric primary care, chronic disease management, sports medicine, nutrition, pediatric cardiology, and mental wellness. Her key strengths include health education, program management, curriculum development, and research. She has successfully implemented quality improvement initiatives in school health programs, revised nursing curricula, and established medical advisory boards. Tanisha has experience as a school nurse, clinical instructor, clinical coordinator, and clinical specialist in medical devices and pediatric critical care. She holds a DNP in Pediatric Primary Care, a BS in Nutrition, and an AAS in Nursing. Certified as a School Nurse and RN, she is also an active presenter and published author in sports medicine and school health. Her professional affiliations include the Illinois High School Association, Illinois Association of School Nurses, and others.",African_American,Female,Tanisha,Jones,Democratic,0,No
319,INFORMATION-TECHNOLOGY,"Greg McCarthy is a highly motivated and creative professional with extensive experience in admissions, customer service, community outreach, and child advocacy. He possesses strong leadership, relationship-building, and communication skills, with a background in sociology and psychology. His core competencies include team leadership, training, marketing, public speaking, and community resource coordination. Greg has a proven track record in program evaluation, staff training, event organization, and client relations. He holds a Bachelor of Science in Sociology with a minor in Psychology from the University of West Georgia and an Associate of Arts in Technical Communications. His professional experience spans over a decade, including roles as an Admissions Executive, Customer Service Specialist, Community Outreach Coordinator Intern, and Child Advocate for Foster Children. Greg is organized, efficient, and adept at managing multiple projects, making him a strong candidate for roles in education, community services, or client relations.",White,Male,Greg,McCarthy,Republican,0,No
320,INFORMATION-TECHNOLOGY,"Kenya Williams is a dedicated Nurse Practitioner with extensive clinical experience in primary care, pediatrics, women's health, and urgent care. She holds certifications as a Registered Nurse, Emergency Nurse, Trauma Nurse Specialist, and Advanced Cardiac Life Support, among others. Her background includes over a decade of nursing practice, with leadership roles such as interim Charge Nurse and Preceptor Coach. She has strong skills in patient assessment, differential diagnosis, care planning, and patient education. Kenya has a Master’s in Nursing (Family Nurse Practitioner) and a solid foundation in medical-surgical and geriatric care. She is actively involved in professional organizations like Sigma Theta Tau and the American Association of Nurse Practitioners. Her focus is on providing high-quality, compassionate care and fostering effective teamwork.",African_American,Female,Kenya,Williams,Republican,0,No
321,INFORMATION-TECHNOLOGY,"Jamal Jones is an experienced Human Resources leader with a strong background in strategic HR management, employee engagement, and organizational development. He currently serves as an HR Manager, providing leadership and strategic guidance to drive business initiatives, manage recruitment, employee relations, and compliance. Jamal has held senior HR roles at FedEx, where he advised senior management, managed large teams, and streamlined onboarding processes across multiple states. His expertise includes labor law, policy development, performance management, and fiscal management, with a proven track record of fostering employer-of-choice environments and influencing business results. He holds a Master’s in Human Resource Management from Keller Graduate School and a Bachelor’s in Business Administration from Alcorn State University. Certified as a Senior Professional in Human Resources (SPHR), Jamal is a member of SHRM and skilled in HR operations, project management, and employee relations.",African_American,Male,Jamal,Jones,Democratic,0,No
322,INFORMATION-TECHNOLOGY,"Jill Murphy is an accomplished healthcare executive with extensive experience in clinical engineering, healthcare technology management, and organizational leadership. She has a proven track record of building high-performing teams, developing innovative service delivery models, and fostering strategic partnerships. Jill has held senior roles including Vice President and Corporate Director, where she led system-wide initiatives such as integrating medical equipment departments, implementing management databases, and developing strategic technology plans. She is a recognized speaker and author on healthcare technology topics, with numerous publications and conference presentations. Jill holds a Bachelor of Science in Electronic Engineering Technology from Missouri Institute of Technology and has completed advanced leadership programs including CHIME CIO Boot Camp and Baylor’s EDGE program. She has received the AAMI Clinical/Biomedical Engineering Achievement Award and serves on multiple professional boards, including AAMI and CHIME. Her expertise encompasses healthcare technology strategy, team development, vendor relations, and operational excellence.",White,Female,Jill,Murphy,Republican,0,No
323,INFORMATION-TECHNOLOGY,"Kenya Robinson is a highly motivated finance professional with a BSBA in Finance and Economics from Miami University, maintaining a 3.55 GPA. She has strong skills in financial modeling, accounting, and corporate finance, demonstrated by a Level Certification from Adventis, where she built a comprehensive financial model in under 90 minutes. 

Her extracurricular involvement includes active participation in Miami University’s Investment Banking and Asset Management Clubs, where she gained hands-on experience in valuation, financial modeling, and portfolio management of $60,000 in equities. She also excelled in a stock investment competition, earning first place out of 34 teams with a 14% return over six weeks.

Kenya has practical work experience as a landscaper managing over 200 properties, a delivery driver, and an intern at a Dayton-based insurance office, where she performed tactical activities and is pursuing her life and health insurance license. She also has customer service and management experience from her roles in a pro shop and as a caddy.

Her leadership and teamwork skills are highlighted by her tenure as varsity soccer team captain, earning multiple athletic and academic awards. She possesses additional skills in insurance, management, and office operations.

**Key Highlights:**
- Finance degree with strong academic record
- Certified in financial modeling (Adventis)
- Experience in investment banking, asset management, and portfolio analysis
- Proven leadership as varsity soccer captain
- Practical experience in landscaping, insurance, and customer service
- Skilled in financial analysis, valuation, and team collaboration",African_American,Female,Kenya,Robinson,Democratic,0,No
324,INFORMATION-TECHNOLOGY,"Lakisha Robinson is an experienced Human Resources professional with a strong background in employee relations, onboarding, policy guidance, and HRIS management within fast-paced distribution environments. She has a proven track record of improving retention, reducing costs through in-house recruiting, and streamlining HR processes. Her skills include conflict resolution, report preparation, HR systems (Lawson, Kronos), and employee onboarding. She has also supervised staffing operations, managed employee documentation, and handled leave and benefits administration for over 300 employees. Fluent in English and Spanish, Lakisha is highly organized, trustworthy, and committed to providing excellent customer service and fostering positive workplace environments.",African_American,Female,Lakisha,Robinson,Republican,0,No
325,INFORMATION-TECHNOLOGY,"Jill McCarthy is an experienced project manager and fundraiser with nearly five years of leadership in political campaigns. She has a proven track record of managing large budgets (up to $4.25MM), leading cross-functional teams, and executing successful fundraising strategies that significantly increased revenue (up to $2.25MM in two months). Jill excels in campaign planning, digital marketing, data analysis, and stakeholder engagement. She is skilled in project management, CRM databases, budgeting, and communications, with additional language proficiency in Spanish. Her background includes senior advisory roles, campaign leadership, legal assistance, and a strong academic foundation in US History from Emory University, complemented by certifications in Gender and Sexuality and Spanish. Jill is a dedicated problem solver and adaptable team leader, capable of thriving in fast-paced, ambiguous environments.",White,Female,Jill,McCarthy,Democratic,0,No
326,INFORMATION-TECHNOLOGY,"Jay Murphy is a highly experienced administrative professional with over 10 years of expertise in reception, office support, and medical assisting. He is skilled in managing front desk operations, customer service, scheduling, document management, and office inventory. Fluent in Spanish, Jay has a strong background in medical office administration, billing, coding, and insurance claims. His work history includes roles as an Administration Assistant, Office Assistant, and Certified Medical Assistant, demonstrating versatility across administrative and healthcare settings. He holds an Associate of Arts in Business Administration with coursework in billing and coding, and certifications in Nursing Assisting and Medical Assistance. Jay is organized, efficient, and adept at handling fast-paced environments, making him a valuable candidate for administrative or medical support roles.",White,Male,Jay,Murphy,Democratic,0,No
327,INFORMATION-TECHNOLOGY,"Brad Ryan is a Masters-educated Administrative Assistant with over 13 years of experience supporting C-suite executives and managing complex administrative functions. He specializes in human resources, project management, and executive support, with a strong proficiency in Microsoft Office Suite, SharePoint, and Adobe Pro. Brad has extensive experience coordinating calendars, travel, meetings, and reports, as well as supervising staff and handling HR responsibilities such as hiring, onboarding, and employee engagement. His background includes supporting senior leaders in corporate, academic, and healthcare settings, demonstrating strong organizational, communication, and decision-making skills. He holds a Master’s and Bachelor’s degree in Management Human Resources, graduating Summa Cum Laude.",White,Male,Brad,Ryan,Democratic,0,No
328,INFORMATION-TECHNOLOGY,"Jermaine Jackson is a seasoned Corporate Trainer and Performance Coach with over 25 years of business experience, including 18 years in training. He specializes in engaging, high-energy training sessions, leadership development, and behavior change coaching. His expertise includes designing and delivering corporate training, wellness programs, and motivational coaching, with a proven track record of facilitating significant cost savings and revenue generation. Jermaine holds multiple certifications, including Dale Carnegie certifications, Wellness Program Management, and Life Coaching. He has authored publications on workplace wellness and presents on soft skills and wellness topics. His core strengths include public speaking, active listening, classroom management, and performance assessment. He has held roles as a corporate facilitator, health coach, wellness program developer, and project manager, demonstrating strong leadership, strategic planning, and client engagement skills.",African_American,Male,Jermaine,Jackson,Republican,0,No
329,INFORMATION-TECHNOLOGY,"Tamika Jones is a highly experienced professional with a background in healthcare administration, client relationship management, and real estate. She holds an Associate of Arts in Psychology, a Bachelor of Health Administration, and an Associate of Arts in Nursing Home Administration. Tamika possesses strong negotiation, mediation, and conflict resolution skills, along with excellent communication and interpersonal abilities. Her professional experience includes healthcare internship roles focused on credentialing, compliance, and community engagement, as well as extensive work in real estate and mortgage consulting. She is skilled in program development, regulatory compliance, stakeholder relations, and team building. Tamika is a member of healthcare professional organizations and demonstrates a commitment to continuous learning and community service. Her strengths include problem-solving, cultural sensitivity, and a patient-oriented approach, making her a versatile candidate for roles in healthcare management, client relations, or community-focused positions.",African_American,Female,Tamika,Jones,Democratic,0,No
330,INFORMATION-TECHNOLOGY,"Jill Murphy is an experienced Systems Administrator with over 7 years of expertise in cloud, UNIX, Linux, AIX, Solaris, and Windows environments. She specializes in system support, installation, configuration, tuning, security, backup, recovery, and upgrades across diverse platforms including IBM AIX, RedHat, SUSE, Solaris, and Windows. Jill has strong networking skills, including TCP/IP configuration, troubleshooting, and network security. She has extensive experience with virtualization (VMWare, VIOS), storage management (SAN, EMC, NetApp), and cloud computing (AWS, OpenStack, RHEL, RHEV, hybrid cloud architecture). Her skills include scripting (Shell, PERL), system automation, disaster recovery planning, and performance monitoring.

Professionally, Jill has supported large-scale environments (up to 1800+ servers), providing 24/7 critical platform support, incident resolution, and vendor coordination. She has hands-on experience with cloud services such as AWS EC2, S3, SQS, and SimpleDB, and has managed cloud infrastructure, VPCs, VPNs, and hybrid cloud architectures. Her background includes working with middleware (WebSphere, WebLogic, TIBCO), databases (Oracle, SQL Server, DB2, Sybase), and enterprise tools like Tivoli, Nagios, and NetBackup.

Jill holds a B.S. in Computer Science and certifications including CFS RAC FSs. She is a team-oriented professional with excellent communication skills, capable of technical documentation, change management, and leading projects. Her broad skill set and hands-on experience make her a strong candidate for senior system administration, cloud engineering, or infrastructure support roles.",White,Female,Jill,Murphy,Republican,0,Yes
331,INFORMATION-TECHNOLOGY,"Aisha Robinson is an experienced registered nurse with over 20 years of healthcare experience, including 13 years in Med-Surg and more than 10 years in dual diagnosis and chemical dependency units. She specializes in intake, case management, and behavioral health, with a strong background in holistic, multidisciplinary patient care, de-escalation techniques, and safety protocols. Her skills include patient care planning, medical record auditing, critical thinking, and collaboration, with CPI and CPR training. Aisha has held roles as Charge Nurse and Intake Nurse, managing acute psychiatric cases, administering medications, performing assessments, and coordinating with healthcare teams. She holds an Associate of Applied Science in Nursing from Olive Harvey College and a high school diploma. She seeks a position in intake, case management, or behavioral health to leverage her extensive clinical and leadership experience.",African_American,Female,Aisha,Robinson,Republican,0,No
332,INFORMATION-TECHNOLOGY,"Carrie Ryan is an experienced Financial Manager with a strong background in financial reporting, budgeting, and accounting systems. Currently serving as a Finance Director since 2012, she manages organizational cash flow, financial analysis, and reporting, overseeing a growing budget and providing strategic financial advice. She has extensive expertise in financial systems, variance analysis, and team leadership. Her prior roles include Office Administration, Accounts Receivable, Business Management, and Operations, with a focus on financial analysis, process improvement, and staff supervision. Carrie holds a BBA in Finance from North Carolina Central University and possesses skills in QuickBooks, financial software, account reconciliation, and team development. She is highly organized, detail-oriented, and adept at multi-tasking, aiming to leverage her skills in a challenging new position.",White,Female,Carrie,Ryan,Republican,0,No
333,INFORMATION-TECHNOLOGY,"Rasheed Jones is an experienced Phlebotomist and healthcare professional with over 10 years of expertise in blood collection, lab procedures, and patient care. He has a strong background in venipuncture, specimen handling, and lab support, including microbiology and blood bank work. Rasheed is skilled in HIPAA, CLIA, and OSHA compliance, with a focus on quality and accuracy under tight deadlines. He also has experience in administrative roles, including healthcare management and customer service. Currently pursuing an MBA in Healthcare Administration Management, Rasheed combines technical proficiency with organizational and leadership skills, making him a reliable candidate for roles in clinical laboratory settings or healthcare administration.",African_American,Male,Rasheed,Jones,Democratic,0,No
334,INFORMATION-TECHNOLOGY,"Rasheed Jones is a highly motivated Pharmacy Technician with extensive experience in hospital and retail pharmacy settings, specializing in medication compounding, IV preparation, and inventory management. He holds an Associate of Applied Science in Pharmacy from Rasmussen College with a GPA of 3.58 and is licensed and certified by the State of Illinois. Rasheed has strong skills in sterile compounding, pediatric and chemotherapy admixtures, and maintaining a sterile environment. His professional background includes roles as an Overnight Pharmacy Technician, IV Technician, and Pharmacy Technician Registry, demonstrating proficiency in medication dispensing, order processing, and emergency drug kit management. He also has experience in administrative support and customer service, with excellent organizational, multi-tasking, and communication skills. Rasheed is proficient in MS Office and committed to providing exceptional patient care and accurate pharmaceutical services.",African_American,Male,Rasheed,Jones,Republican,0,No
335,INFORMATION-TECHNOLOGY,"Jill O’Brien is a dedicated civil rights and disability advocate with extensive experience in community organizing, legal advocacy, and capacity building. She has over a decade of leadership in advocating for individuals with disabilities, particularly in special education rights, and has worked closely with agencies, attorneys, and community organizations to develop strategies, provide technical assistance, and organize campaigns. Jill has a strong background in training, outreach, and policy advocacy, with a focus on empowering families and communities, especially Latino and high-needs populations. She holds a JD in Organizational Communication and Nonprofit Management. Jill has served on multiple boards, co-founded advocacy groups, and contributed to numerous publications and conferences. Recognized for her leadership and social entrepreneurship, she is committed to advancing civil rights, disability rights, and community empowerment.",White,Female,Jill,O’Brien,Republican,0,No
336,INFORMATION-TECHNOLOGY,"Latoya Washington is an experienced marketing and sales professional with 35 years of expertise in advertising, client relationship management, and digital marketing strategies. She has a strong track record of increasing sales, managing key accounts, and developing effective marketing campaigns across various industries. Her skills include negotiation, strategic account development, and proficiency in tools such as Salesforce, Google Analytics, PowerPoint, and Excel. Latoya has held roles ranging from Multimedia Sales Consultant to Senior Advertising Account Executive, consistently driving revenue growth and building long-term client relationships. She is seeking a consulting role in the Baton Rouge area to leverage her extensive background in marketing, sales, and team management.",African_American,Female,Latoya,Washington,Republican,0,No
337,INFORMATION-TECHNOLOGY,"Kenya Robinson is a dedicated professional with over five years of experience in law, linguistics, interpretation, and social services. She holds a Bachelor's degree in Academic Law from J.S.S. Law College in India and has provided legal aid to vulnerable populations, focusing on children's rights and issues such as child abuse, human trafficking, and child labor. Her multilingual skills include fluency in English, Pashto, and Dari, with advanced proficiency in Hindi, and she has experience translating for military and government entities.

Her work history includes roles in legal aid, translation, case management, customer service, and education. She has served as a legal and cultural advisor, international security assistant, and English instructor. She possesses strong administrative and communication skills, with proficiency in Microsoft Office tools. Kenya is committed to social service, legal advocacy, and community support, making her a valuable candidate for roles requiring legal expertise, interpretation, and social outreach.",African_American,Female,Kenya,Robinson,Republican,0,No
338,INFORMATION-TECHNOLOGY,"Latonya Washington is an experienced professional with a strong background in sales, management, early childhood education, and special needs support. She has a proven track record of boosting revenue, improving operational efficiency, and leading high-performing teams across multiple settings, including child care centers, educational institutions, and community programs. Her expertise includes staff development, strategic planning, financial management, and customer service. She has successfully managed multi-site operations, increased profitability, and enhanced program quality. Latonya is also skilled in working with children with autism, utilizing ABA and other behavioral strategies, and has extensive experience in curriculum development, data collection, and family engagement. She holds a Bachelor's degree in Social Work, multiple certifications (CPR, ABA), and has received numerous awards for her management and leadership achievements. Her passion lies in employee engagement, community service, and creating positive, growth-oriented environments.",African_American,Female,Latonya,Washington,Republican,0,No
339,INFORMATION-TECHNOLOGY,"Todd Walsh is a dedicated health and wellness professional with over eight years of experience in health education, clinical nutrition, and exercise physiology. He holds dual Master’s degrees in Applied Clinical Nutrition (NY Chiropractic College, GPA 4.0) and Exercise Science (SUNY Buffalo, GPA 3.87), along with a Bachelor’s in Biology. 

His professional background includes roles as a Health Coach for corporate clients, a Clinical Nutritionist and Exercise Physiologist (owner), and a Health Educator and Speaker. Todd specializes in behavior change, biometric assessments, nutritional consultations, and exercise prescriptions. He has experience developing and leading fitness programs, coordinating research studies, and providing health seminars. 

Todd is certified as a Clinical Exercise Physiologist, Cancer Exercise Trainer, and Personal Trainer by the American College of Sports Medicine. He has published articles on health, nutrition, and fitness, and possesses skills in health promotion, nutrition counseling, exercise testing, and Microsoft Office. 

Contact: todd.walsh@yahoo.com | LinkedIn: www.linkedin.com/in/caitlinmaska | Website: truefoodandwellness.com",White,Male,Todd,Walsh,Republican,0,No
340,INFORMATION-TECHNOLOGY,"Tyrone Washington is an experienced Account Manager and sales professional with a strong background in customer relations, team leadership, and distribution management. He excels in building loyal customer bases, training staff, and ensuring compliance with company standards. His career includes roles in sales, city management, corporate travel consulting, and passenger service, demonstrating versatility and a commitment to excellent service. Tyrone has a background in communications from West Virginia State University, military experience with the U.S. Air Force Air National Guard, and extensive skills in customer service, leadership, problem-solving, and safety. He is dependable, energetic, and effective in team environments, with a proven track record of exceeding sales and service goals.",African_American,Male,Tyrone,Washington,Republican,0,No
341,INFORMATION-TECHNOLOGY,"Allison Ryan is a motivated sales professional with extensive experience in retail, insurance, and roofing sales. She excels in client relations, upselling, cross-selling, and maintaining high customer satisfaction. Her background includes managing sales targets, cold calling, and supporting team training. Allison holds a high school diploma and has pursued business and marketing studies at Oklahoma Christian University and Harding University. She is a self-starter, success-driven, and eager to contribute to a company that rewards her ambition and dedication.",White,Female,Allison,Ryan,Republican,0,No
342,INFORMATION-TECHNOLOGY,"Brendan Murphy is a self-motivated professional with extensive experience in bookkeeping, accounts receivable, customer relations, and administrative support. He has a strong work ethic, attention to detail, and expertise in SAP, QuickBooks, ADP, and Microsoft Office Suite. Brendan has successfully reduced invoice cycle times and managed inventory and vendor relations across multiple roles. His background includes sales, service administration, inventory control, and agency support, with a solid educational foundation in Accounting (BBA from the University of Texas of the Permian Basin). Key skills include accounts receivable, month-end closing, customer service, managerial techniques, and time management.",White,Male,Brendan,Murphy,Democratic,0,No
343,INFORMATION-TECHNOLOGY,"Brett Baker is a seasoned sales professional with 17 years of experience, including roles as a General Sales Manager and Store Manager. He has a strong track record of achieving sales targets, leading teams, and delivering excellent customer service. His expertise includes staff recruitment, training, performance management, sales strategy, and customer relations. Brett possesses excellent communication, leadership, and problem-solving skills, with a background in retail sales, personnel management, and sales operations. He holds a Bachelor of Science in Psychology from Louisiana Tech University and is proficient in areas such as budgeting, employee development, market analysis, and sales forecasting.",White,Male,Brett,Baker,Republican,0,No
344,INFORMATION-TECHNOLOGY,"Lakisha Washington is a highly experienced registered nurse and former EMT with over 20 years of healthcare experience, including surgical, emergency, and general patient care. She served in the U.S. Air Force and has a strong background in trauma, cardiac, vascular, orthopedic, and cystoscopy procedures. Lakisha holds an Associate of Applied Science in Nursing (2001) and is licensed in Tennessee, Arkansas, and Florida, with certifications in BLS and ACLS. Her skills include advanced medication administration, laparoscopic procedures, operating specialized medical equipment (e.g., cryo, ablation, VeriQ), and surgical preparation. She has extensive experience collaborating with physicians, educating patients and families, and ensuring regulatory compliance. Lakisha has worked at Methodist Hospital, St. Francis Bartlett, Baxter Regional Hospital, and Missouri University Hospital, including roles in surgery, ER, and travel nursing. She is proficient in computerized charting (Cerner) and sterile techniques, with a strong focus on patient safety and quality care.",African_American,Female,Lakisha,Washington,Republican,0,No
345,INFORMATION-TECHNOLOGY,"Hakim Washington is an experienced customer service professional with a strong background in retail, banking, and hospitality. He excels in building positive customer relationships, upselling, cash handling, and merchandising. His skills include effective communication, problem-solving, and proficiency in MS Office. Hakim has diverse experience in sales, cashiering, food preparation, housekeeping, and administrative support. He is organized, detail-oriented, and adaptable with a proven ability to manage multiple tasks and work flexible schedules. Education includes a high school diploma with honors and active participation in National Honor Society and FCCLA.",African_American,Male,Hakim,Washington,Republican,0,No
346,INFORMATION-TECHNOLOGY,"Anne Walsh is a highly experienced sales and operations professional with over 17 years in retail and 4 years in automotive sales. She has a strong track record in leadership, team development, and driving sales growth, including elevating store rankings and increasing sales by 60%. Her expertise includes hiring, training, performance coaching, operations management, P&L oversight, and strategic planning. She has managed multiple stores, developed sales policies, and implemented process improvements. Anne is skilled in customer service, negotiation, inventory control, and human resources. She has received multiple awards for sales excellence and has a proven ability to lead teams, optimize store performance, and execute organizational initiatives. She holds a BA in Religion/Psychology and is proficient in sales management software and internet sales strategies.",White,Female,Anne,Walsh,Republican,0,No
347,INFORMATION-TECHNOLOGY,"Tanisha Washington is an experienced Business Analyst and Training Consultant with a strong background in technology-driven process improvements, enterprise system implementation, and user training. She played a key role in pioneering the ""Paperless Office"" initiative across 33 Virginia agencies, resulting in significant cost savings and cultural shifts in business operations. Her expertise includes requirements gathering, change management, stakeholder engagement, and technical training, with a proven ability to improve workflows and deliver solutions exceeding client expectations.

She has extensive experience in project management, team leadership, and cross-functional collaboration, along with excellent communication and presentation skills. Tanisha is proficient in a wide range of software and technical tools, including Microsoft Office Suite, SharePoint, Camtasia, SnagIt, and curriculum development software. Her accomplishments include developing training programs, manuals, and workflows for complex enterprise systems such as Data Warehouses, ChildWins, and EZ-Filer.

With a career spanning over 20 years, she has successfully managed large and small projects, trained thousands of users, and contributed to significant cost savings—most notably a $1 million reduction for the Virginia Department of Social Services. Tanisha holds a high school diploma with a focus on business and possesses strong analytical, troubleshooting, and interpersonal skills, making her a valuable asset for organizations seeking technology-driven process improvements and effective user training.",African_American,Female,Tanisha,Washington,Democratic,0,Yes
348,INFORMATION-TECHNOLOGY,"Jermaine Jackson is a dedicated and hardworking professional with extensive experience in customer service, sales, and operational roles. He has a strong background in retail, food service, warehouse operations, and construction-related tasks. Jermaine holds a Bachelor’s degree in Sport Management and an Associate’s degree, complemented by certifications including CDL Class B with Tanker Endorsement, OSHA Forklift, and ATSSA Flagger. His skills encompass customer satisfaction, sales, inventory management, safety procedures, and equipment operation. He is highly organized, reliable, and eager to leverage his skills in a professional sales or customer service environment.",African_American,Male,Jermaine,Jackson,Republican,0,No
349,INFORMATION-TECHNOLOGY,"Latoya Washington is a motivated customer service professional with over 5 years of retail experience in fast-paced environments. She has strong skills in communication, problem-solving, cash management, and client relations, and is bilingual in English and Spanish. Her work history includes roles in sales, cashiering, stock stocking, and customer service, with responsibilities such as product explanation, inventory management, resolving customer complaints, and supporting team operations. She has been recognized with multiple employee awards and has experience handling monetary transactions and providing excellent customer support. Currently pursuing an Associate of Arts degree at Miami Dade College, she is organized, reliable, and a natural leader, seeking a challenging role to expand her skills and contribute effectively to a team.",African_American,Female,Latoya,Washington,Democratic,0,No
350,INFORMATION-TECHNOLOGY,"Neil Walsh is a dedicated and self-motivated professional with extensive experience in customer service, sales, and office administration. He possesses strong organizational, communication, and multi-tasking skills, with proficiency in Microsoft Office, Excel, and office equipment. Neil has a proven track record of exceeding customer satisfaction goals, training staff, and managing multiple responsibilities efficiently. His background includes retail sales, customer support, and office clerical work, demonstrating adaptability and reliability. Fluent in Spanish, Neil is an energetic team player capable of handling challenging situations and meeting tight deadlines. He holds a high school diploma and is committed to delivering excellent support in professional environments.",White,Male,Neil,Walsh,Republican,0,No
351,INFORMATION-TECHNOLOGY,"Brendan McCarthy is a dedicated and self-motivated professional with extensive experience in customer service, sales, and office administration. He has a strong background in retail and office environments, demonstrating excellent communication, organization, and multitasking skills. Brendan is proficient in Microsoft Office, especially Excel, and fluent in Spanish. His key strengths include problem-solving, customer satisfaction, team training, and managing multiple tasks efficiently. He has experience in data management, inventory, record keeping, and providing high-quality support to busy professionals. Brendan holds a high school diploma and is committed to delivering results with minimal supervision.",White,Male,Brendan,McCarthy,Republican,0,No
352,INFORMATION-TECHNOLOGY,"Brett Murray is an experienced Marketing Manager with a strong background in program management, sales enablement, and brand awareness. He has a proven track record of developing strategic marketing campaigns, managing demand generation initiatives, and optimizing digital marketing efforts across various industries including healthcare, retail, and manufacturing. Brett has extensive experience in content creation, event logistics, vendor management, and marketing automation systems such as Microsoft CRM Dynamics, Marketo, and Hubspot. His leadership includes managing large budgets, cross-functional teams, and vendor relationships. He holds a B.S. in Marketing from California State University Northridge and possesses skills in MS Office, SharePoint, CMS, social media, and digital marketing tools. Currently, he combines his marketing expertise with sales experience, delivering exceptional customer service.",White,Male,Brett,Murray,Democratic,0,No
353,INFORMATION-TECHNOLOGY,"Sarah Murphy is a seasoned sales and marketing professional with over 15 years of experience in Atlanta's real estate industry, consistently achieving multi-million dollar sales volumes and earning industry awards. She has a strong background in client development, social media marketing, event planning, and team management. Her expertise includes real estate sales, luxury retail (notably Chanel), and customer relationship management. Sarah is skilled in problem-solving, interpersonal communication, and record keeping, with proficiency in digital tools and social media. She has a history of leadership, including volunteer management and community engagement. Her education includes a BA in Anthropology from Georgia State University. She is a dedicated, goal-oriented professional with a proven track record of success in sales, client relations, and marketing.",White,Female,Sarah,Murphy,Republican,0,No
354,INFORMATION-TECHNOLOGY,"Leroy Jackson is an experienced professional with a strong background in management, sales, customer service, and project coordination. He has demonstrated success in developing business strategies, streamlining processes, and creating innovative marketing solutions. Leroy possesses excellent communication, organizational, and problem-solving skills, with proficiency in Microsoft Office and technical literacy. His career includes roles in sales, business management, security, and emergency response, showcasing versatility and leadership. Notable achievements include implementing a new scheduling system that extended booking horizons and developing a prepaid payment option that increased revenue predictability. Leroy is self-motivated, able to work independently under pressure, and skilled in client relations, contract review, change management, and event promotion.",African_American,Male,Leroy,Jackson,Republican,0,No
355,INFORMATION-TECHNOLOGY,"Carrie McCarthy is a highly adaptable professional with over 8 years of experience in warehouse operations, shipping, receiving, and distribution, complemented by more than 2 years in sales. She is safety-oriented, detail-focused, and skilled in material handling, forklift operation, inventory management, and process improvement. Carrie has a proven track record of developing efficient workflows, training staff, and maintaining compliance with safety and regulatory standards. Her key strengths include problem-solving, communication, multi-tasking, and leadership. She has experience in developing tracking tools, managing logistics, and fostering team cohesion. Carrie holds a high school diploma and has completed coursework at multiple universities. She is dependable, quick to learn new skills, and committed to continuous improvement.",White,Female,Carrie,McCarthy,Democratic,0,No
356,INFORMATION-TECHNOLOGY,"Leroy Robinson is a dedicated and friendly professional with extensive experience in the perishable meats and seafood industry, specializing in sales, marketing, and account management. He has a strong background in promoting and selling meat products across multiple states, with a history of achieving high sales awards. Leroy is skilled in MS Excel, Microsoft Word, AS400, accounting, bookkeeping, and advertising. He has completed management training programs and is proficient in human relations and persuasive communication. Leroy seeks a position to leverage his sales expertise, develop professionally, and contribute effectively to an employer.",African_American,Male,Leroy,Robinson,Democratic,0,No
357,INFORMATION-TECHNOLOGY,"Hakim Jackson is a highly experienced sales and marketing professional with 20 years of expertise in driving business growth, managing client relationships, and leading sales teams. He has a proven track record of achieving high sales performance, developing new markets, and maintaining strong customer accounts. His roles include sales development, branch management, and high-end product sales in plumbing, electrical, and lighting industries. Hakim is skilled in negotiations, presentations, customer service, and team leadership. He holds a B.S. in Business Administration from The Citadel and is proficient in Microsoft Office and internet tools. Recognized for professionalism, initiative, and results-driven approach, he consistently ranks among top sales performers.",African_American,Male,Hakim,Jackson,Democratic,0,No
358,INFORMATION-TECHNOLOGY,"Hakim Washington is a highly experienced sales professional and manager with 29 years of expertise in automotive sales, customer service, and inventory management. He has a proven track record of exceeding sales targets, earning multiple awards including Salesperson of the Year and membership in prestigious clubs such as Ford's 300/500 Masters. Hakim possesses strong leadership, negotiation, and relationship-building skills, complemented by certifications in public speaking, sales training, and automotive product knowledge.

His professional background includes roles as a top-performing sales associate, sales manager, wholesale manager, and corporate buyer across major automotive brands like Chrysler and Ford. He has extensive experience in inventory control, vehicle purchasing at auto auctions, wholesale transactions, and staff training. Hakim is adept at developing marketing strategies, managing multiple databases, and fostering dealer relationships.

Key accomplishments include consistent top sales awards, leadership roles such as President of Senior Sales Executives, and specialized training in high-performance vehicles like the Chrysler SRT Viper. He is skilled in customer engagement, sales negotiations, and team development, making him a valuable asset for automotive sales and management positions.",African_American,Male,Hakim,Washington,Democratic,0,No
359,INFORMATION-TECHNOLOGY,"Kristen Baker is a dedicated insurance professional with extensive experience in sales, customer service, and marketing within property and casualty insurance. She excels in cold calling, lead generation, client retention, and strategic outside marketing. Kristen has a proven track record of exceeding sales targets, qualifying for bonuses, and building strong client relationships. Her background also includes roles in reception, claims, retention, management, teaching, and administrative support, demonstrating versatility and excellent interpersonal skills. She holds a Bachelor's Degree in Education with additional coursework toward a Master's Degree. Kristen is self-motivated, dependable, and an enthusiastic people person, committed to providing superior service and driving sales growth.",White,Female,Kristen,Baker,Republican,0,No
360,INFORMATION-TECHNOLOGY,"Latoya Jackson is a bilingual professional with extensive experience in sales, customer service, and installation coordination. She possesses strong organizational, communication, and team leadership skills, with expertise in managing post-sale projects, handling claims, ordering materials, and resolving customer issues efficiently. Her background includes roles as an Install Sales Coordinator, Keyholder, and Customer Service Associate, demonstrating reliability, dependability, and a goal-oriented mindset. She has a high school diploma and some college coursework in business. Latoya is proficient in multi-line systems, data entry, and payroll, and excels in fast-paced environments, making her a valuable candidate for customer service, sales, or administrative roles.",African_American,Female,Latoya,Jackson,Democratic,0,No
361,INFORMATION-TECHNOLOGY,"Jill Baker is a highly experienced professional with over 6 years of B2B sales, specializing in team building, sales management, and customer service. She has a proven track record of developing profitable sales strategies, handling high-volume accounts, and supervising project production to ensure timely and budget-compliant completion. Jill's background includes roles in sales, purchasing, inventory management, and project coordination across industries such as manufacturing, music education, and recruiting.

Her key strengths include excellent communication, teamwork, detail orientation, and proficiency in MS Office and CAD. She has demonstrated success in expanding business, managing large accounts, and leading projects. Jill holds a BA in Business Communications from Chestnut Hill College, with additional coursework in Audio/Video Recording. Her diverse experience and strong interpersonal skills make her a versatile candidate for roles requiring sales, team leadership, or project management.",White,Female,Jill,Baker,Republican,0,No
362,INFORMATION-TECHNOLOGY,"Greg Murray is a reliable and organized Office Assistant with extensive experience in data entry, customer service, and office management. His background includes roles in retail jewelry sales, store management, accounts coordination, and banking. He possesses strong skills in communication, multitasking, inventory management, POS systems, QuickBooks, Microsoft Office, and customer relations. Greg has managed teams, handled vendor relations, processed invoices, and maintained detailed records. His work history demonstrates leadership, dependability, and the ability to work independently or collaboratively under pressure. He left previous positions to focus on family commitments and seeks opportunities where his organizational and customer service skills can contribute to business success.",White,Male,Greg,Murray,Democratic,0,No
363,INFORMATION-TECHNOLOGY,"Tanisha Jones is an experienced Executive Assistant with a strong background in multi-tasking, calendar management, travel coordination, and office organization. She has demonstrated success in planning meetings, travel itineraries, and implementing process improvements that lead to cost savings. Her skills include proficiency in Microsoft Office, invoice processing, and data organization. Tanisha has extensive experience supporting senior executives across sales, marketing, and operations, including managing high-volume environments, preparing reports, and coordinating webinars. She also has a background in sales coordination, freelance project management, and supervisory roles. Her education includes a Bachelor's degree in Anthropology with an emphasis in Linguistics. She is a professional, detail-oriented, and resourceful individual capable of handling complex administrative tasks and supporting organizational efficiency.",African_American,Female,Tanisha,Jones,Democratic,0,No
364,INFORMATION-TECHNOLOGY,"Allison Ryan is an experienced professional with over 20 years in construction management, specializing in managing small to large-scale projects, cost estimation, and ensuring projects are completed on time and within budget. She has strong leadership, communication, and relationship-building skills, collaborating effectively with architects, owners, and construction teams. Her background includes extensive experience as a Broadcast Engineer and Construction Project Manager, overseeing project planning, permits, site supervision, quality control, and process improvements. Additionally, she has recent sales experience in firearms and accessories, providing customer service and quality control. Allison holds a high school diploma, an associate degree in math and science, and a BA in Broadcast Communication. Her skills encompass blueprint reading, project scheduling, safety, troubleshooting, and team coordination, making her a versatile candidate for construction and project management roles.",White,Female,Allison,Ryan,Republican,0,No
365,INFORMATION-TECHNOLOGY,"Darnell Robinson is an experienced sales professional with a background in automotive sales, property leasing, and restaurant management. He has over a decade of experience in customer engagement, vehicle demonstration, negotiation, and follow-up, demonstrating strong communication and interpersonal skills. Darnell holds an Associate Degree in Office Operations Management, a Graphics Design diploma, and a Pennsylvania Real Estate License. His skills include sales strategies, client relations, inventory management, marketing, and real estate. He is seeking a challenging position that offers growth opportunities where he can leverage his skills to benefit the organization.",African_American,Male,Darnell,Robinson,Republican,0,No
366,INFORMATION-TECHNOLOGY,"Jill Ryan is a dedicated security professional with over 20 years of experience in protecting environments and managing security teams, including more than 5 years in leadership roles. She is skilled in surveillance system upgrades, report analysis, investigations, emergency response, and safety procedures. Jill holds CPR, First Aid, AED, OSHA, and fire response certifications. Her background includes security management in hotels, construction sites, retail, and catering, with notable achievements such as enhancing surveillance systems and reducing liability claims. She also has experience in sales, catering, and hospitality management. Jill has a Culinary Certificate from Western Culinary and is pursuing a Bachelor's degree at San Francisco State. She is a personable leader with strong communication skills, capable of interacting with diverse populations and ensuring safety and security standards.",White,Female,Jill,Ryan,Republican,0,No
367,INFORMATION-TECHNOLOGY,"Carrie Walsh is a bilingual (English/Spanish) Account Executive with over 20 years of sales leadership and account management experience. She has a proven track record of exceeding sales goals, managing large retail and corporate accounts (up to 120 doors), and delivering exceptional customer service. Her expertise includes prospecting, strategic account development, market analysis, forecasting, and training. Carrie has received numerous awards for top sales performance, including Verizon Top Producer and Sprint Excellence Awards. She has experience in wireless sales, real estate investment, and international sales, with certifications such as CIPS for international property transactions. Her skills encompass account management, client relations, problem-solving, and team training. She is actively involved in community and professional organizations, including the Greater Austin Chamber of Commerce and the Texas Association of Realtors. Carrie is seeking to expand her sales expertise into the international market.",White,Female,Carrie,Walsh,Democratic,0,No
368,INFORMATION-TECHNOLOGY,"Latoya Jones is a highly experienced manager with 26 years of honorable military service, specializing in operations management, policy development, and leadership mentoring. She has extensive experience in the U.S. Army, including deployment to Iraq and Afghanistan, where she trained and mentored medical officers and managed medical clinics. Her skills include budget management, policy implementation, and project coordination.

Her professional background also includes roles in retail sales, healthcare management, and equal opportunity advising, with responsibilities such as supervising staff, managing budgets, and overseeing medical equipment and facilities. She holds a Bachelor’s degree in International Business and has completed courses in Human Resources, dispute resolution, and resiliency training. 

Certifications include CPR instructor, EMT, dispute resolution mediator, and sexual assault advocate. Fluent in English and Spanish, with some Italian speaking ability. She is pursuing a Master’s in Organizational Development and Leadership. Recognized for leadership in extreme conditions, conflict resolution, and operational efficiency, she is well-equipped for roles requiring strategic leadership, personnel development, and organizational improvement.",African_American,Female,Latoya,Jones,Republican,0,No
369,INFORMATION-TECHNOLOGY,"Brett Kelly is a highly experienced sales professional with over 8 years of retail sales and management, primarily at AT&T. He has a proven track record of exceeding sales targets, leading top-performing teams, and receiving multiple awards for customer service and sales excellence. Brett has held roles from sales associate to sales manager, demonstrating strong leadership, training, and customer-focused skills. His background includes military service in the U.S. Air Force, where he developed leadership and organizational abilities, and he holds a Bachelor of Science degree in Political Science and History from the University of Louisville, with ongoing studies in Organizational Leadership & Learning. Recognized for his motivation, problem-solving, and ability to translate sales knowledge into results, Brett is seeking a position on the business side of AT&T to leverage his skills in a new capacity.",White,Male,Brett,Kelly,Republican,0,No
370,INFORMATION-TECHNOLOGY,"Sarah Murphy is a highly experienced sales professional with over 25 years in the Utility Industry, specializing in sales leadership, training, and CRM systems. She has a proven track record of exceeding sales goals, developing effective sales programs, and leading teams. Sarah is a Microsoft Dynamics CRM expert, served as CRM Product Owner, and is a certified facilitator for the 7 Habits of Highly Effective People. She has received awards such as Commercial Sales Person of the Year (2008) and is LEED certified. Her roles include Sales Supervisor, Commercial and Residential Sales, and Project Management, with extensive experience in training, process improvement, and cross-functional collaboration. She holds a BA in Psychology from East Carolina University and is skilled in various computer systems and sales methodologies.",White,Female,Sarah,Murphy,Republican,0,No
371,INFORMATION-TECHNOLOGY,"Rasheed Robinson is an experienced sales and business development professional with a strong background in marketing, account management, and product sourcing. His career highlights include roles such as Senior Ales Consultant, Territory Ales Manager, and Senior Buyer, demonstrating expertise in client relationship management, strategic partnerships, and product negotiations. He has a proven track record of exceeding sales goals, managing teams, and developing new business opportunities. Rasheed holds an MBA and a Bachelor's in Business Administration/Marketing, with skills in advertising, communication, contract management, inventory control, and digital marketing. His experience spans both remote and in-person roles across various industries, emphasizing his versatility and strategic sales capabilities.",African_American,Male,Rasheed,Robinson,Republican,0,No
372,INFORMATION-TECHNOLOGY,"Anne McCarthy is an experienced professional with a strong background in sales support, customer service, office management, and event ticketing. She has over six years of experience as a Senior Sales Assistant, where she handled ad monitoring, quality control, customer challenges, and office operations. Additionally, she has three years of experience as a Box Office Manager, overseeing ticket sales, database management, and volunteer coordination. Anne possesses skills in data management, inventory control, communication, and presentation preparation. She holds a high school diploma and is proficient in various office and customer service functions, making her a versatile candidate for roles requiring attention to detail and operational management.",White,Female,Anne,McCarthy,Democratic,0,No
373,INFORMATION-TECHNOLOGY,"Keisha Jackson is a seasoned Performance Management Consultant with over 10 years of experience in sales, retail operations, and team development. Currently, she manages performance initiatives for a retail team in the Southwest Territory, collaborating with leadership to improve sales, customer engagement, and operational efficiency. Her expertise includes performance improvement, behavioral procedures, process optimization, and cross-functional relationship management.

Key skills include problem-solving, data analysis, leadership development, coaching, project management, and process improvement. She has a strong background in retail sales management, customer service, and business analysis, with experience in training, performance metrics development, and operational standards.

Her professional history encompasses roles such as Sales Manager, Customer Service Lead, Business Owner, Dispatcher, and Quality Analyst, demonstrating her versatility and leadership across various functions. Keisha is results-oriented, customer-focused, and adept at translating company strategies into actionable goals to drive business growth and team performance.",African_American,Female,Keisha,Jackson,Republican,0,No
374,INFORMATION-TECHNOLOGY,"Meredith Baker is a dependable and personable professional with experience in retail, customer service, and assembly line work. She is skilled in multitasking, organization, and computer use, with a strong focus on customer assistance and sales. Currently pursuing an Associate of Arts and Science degree, Meredith has worked as a sales associate, stylist, receptionist volunteer, and assembly line worker. Her strengths include effective communication, teamwork, and a customer-oriented approach. She is seeking to leverage her skills to contribute to a company's productivity and growth.",White,Female,Meredith,Baker,Democratic,0,No
375,INFORMATION-TECHNOLOGY,"Brendan Murphy is a versatile professional with experience in sales, healthcare, yoga instruction, and administrative support. He is a highly energetic and detail-oriented individual with strong customer service skills, extensive cash handling experience, and proficiency in Microsoft Office and MindBody software. Brendan has worked as a Sales Associate, providing excellent customer assistance and managing transactions; a Health Information Specialist, maintaining accurate medical records and ensuring compliance with regulations; and a Yoga Instructor, creating engaging classes and fostering a positive environment. He also has experience as a Front Desk and Office Assistant, managing studio operations and promoting services. Brendan holds a Bachelor’s degree in Psychology from the University of New Mexico, with additional international coursework at VU Amsterdam. He is organized, works well under pressure, and is committed to delivering exceptional service in various roles.",White,Male,Brendan,Murphy,Democratic,0,No
376,INFORMATION-TECHNOLOGY,"Meredith Murphy is a motivated sophomore sociology major with strong interpersonal, leadership, and technological skills. She has experience in sales, facilitation, and healthcare education, demonstrating excellent communication and customer service abilities. Meredith has held leadership roles such as mentor at Columbia University, Powwow Chair for the Native American Council, and co-president of Native American Heritage Month. She is actively involved in student organizations, maintains a high academic standard as a valedictorian, and has received recognition as a National College Prep Scholar. Her skills include critical thinking, goal setting, teamwork, and proficiency in MS Office.",White,Female,Meredith,Murphy,Democratic,0,No
377,INFORMATION-TECHNOLOGY,"Anne Walsh is a service-oriented professional with extensive experience in customer service, sales, client relations, and merchandising. She has a strong background in retail management, pharmacy support, and team leadership. Key highlights include:

- Over 3 years as a Sales Manager, where she managed store operations, improved service quality, increased sales, and developed customer rapport.
- Experience as a Retail Sales Associate and Pharmacy Clerk, providing excellent customer service, assisting with prescriptions, and handling insurance billing.
- Prior role as a Pharmacy Assistant, supporting pharmacists and ensuring accurate medication dispensing.
- Education in Business Management from Century Business College.
- Skills include cash handling, 10-key proficiency, creative problem solving, and multi-tasking.

Anne is a self-motivated team player capable of working independently, with a focus on delivering excellent customer service and operational efficiency.",White,Female,Anne,Walsh,Republican,0,No
378,INFORMATION-TECHNOLOGY,"Kareem Jones is a motivated sales professional with over three years of experience in retail and customer service. He has a proven track record of increasing sales, providing excellent customer service, and building strong client relationships. His key skills include persuasive communication, attention to detail, quick learning, and professionalism. Kareem has experience as a sales associate, bridal consultant, and waitstaff, demonstrating versatility and leadership in team settings. He holds a high school diploma and has pursued business management studies. Kareem is seeking to join a dedicated team where he can contribute his sales expertise and customer service skills.",African_American,Male,Kareem,Jones,Democratic,0,No
379,INFORMATION-TECHNOLOGY,"Summary:
Allison Murphy is a bilingual (English/Spanish) professional with experience in customer service, hospitality, and sales. She is hardworking, friendly, and quick to learn new tasks. Her skills include customer service, reception, cash handling, communication, and basic administrative tasks. She has worked as a sales representative, front desk receptionist, room service attendant, and team member in the hospitality industry. Allison holds an Associate of Arts degree from Tint School of Makeup & Cosmetology and a high school diploma. She is proficient in critical thinking, time management, and various office and service-related skills.",White,Female,Allison,Murphy,Democratic,0,No
380,INFORMATION-TECHNOLOGY,"Allison Kelly is a reliable and organized sales professional with extensive experience in customer service, cashier duties, and store operations. She is bilingual in Spanish and English, with strong communication and interpersonal skills. Currently a sales associate, she excels in customer support, handling transactions, and maintaining store presentation. Allison has a proven track record of exceeding sales goals, managing product displays, and assisting customers both in-store and over the phone. She is currently pursuing an Associate of Science degree and is passionate about teamwork, customer satisfaction, and continuous learning.",White,Female,Allison,Kelly,Republican,0,No
381,INFORMATION-TECHNOLOGY,"Rasheed Robinson is an experienced sales associate with a background in production, fashion, and museum internships. He has strong customer service skills, expertise in merchandise presentation, and inventory management. His education includes an Associate's degree from Borough of Manhattan Community College and a high school diploma from Talent Unlimited High School. Rasheed possesses skills in photography, digital editing, fashion coordination, research, and communication, making him a versatile candidate for roles requiring interpersonal, organizational, and creative abilities.",African_American,Male,Rasheed,Robinson,Republican,0,No
382,INFORMATION-TECHNOLOGY,"Brendan McCarthy is a dedicated Sales Coordinator with over 5 years of experience in sales and customer service. He specializes in client relations, lead generation, contract management, and social media marketing. Brendan has strong communication, interpersonal, and bilingual (French) skills, with a proven ability to multi-task and manage time effectively. His experience includes responding to sales inquiries, creating contracts, conducting site visits, and supporting event planning. He also has prior experience in concierge services, providing excellent customer service and managing resident interactions. Currently pursuing studies in Social Science/Hospitality, Brendan is skilled in Microsoft Office and various industry-specific applications. He aims to leverage his sales and management skills in a leadership role to contribute to company growth.",White,Male,Brendan,McCarthy,Republican,0,No
383,INFORMATION-TECHNOLOGY,"Carrie Ryan is a dedicated professional with a Bachelor of Science in Biology and a minor in Health Science from the University of Houston. She has over three years of experience in sales, IT, and consulting, demonstrating strong customer service, technical skills, and leadership abilities. Currently a Sales Specialist, she handles high-volume transactions, IT support, and client engagement. She also serves as Vice President of a community organization, managing sponsorships, events, and scholarships. Her previous role as a Lab Assistant highlights her attention to detail, leadership, and technical expertise with biological specimens and laboratory equipment. Carrie is bilingual in Bangla and English, proficient with CRM and inventory management software, and skilled in device management platforms. She seeks a challenging position to leverage her work ethic, management techniques, and scientific knowledge for growth and contribution.",White,Female,Carrie,Ryan,Democratic,0,Yes
384,INFORMATION-TECHNOLOGY,"Greg McCarthy is a bilingual (English/Spanish) professional with experience in sales, customer service, and produce handling. He has worked as a Sales Associate, demonstrating strong skills in customer engagement, product presentation, negotiation, and closing sales. His background also includes produce clerk duties, emphasizing cleanliness, inventory management, and customer service, as well as field work involving grape and blueberry harvesting. Greg is authorized to work in the US and is willing to relocate anywhere. He possesses key skills in communication, negotiation, inventory management, and presentation. Education includes Arvin High School and Bakersfield College.",White,Male,Greg,McCarthy,Democratic,0,No
385,INFORMATION-TECHNOLOGY,"Jill Kelly is a bilingual professional fluent in English and Russian with experience in retail, office administration, and food service. Currently a Sales Associate since 2016, she assists customers with pet products. She has prior experience as an Office Secretary, organizing and digitizing documents, and as a Waitress, providing customer service and food prep assistance. Jill holds a High School Diploma with coursework in communication arts and graphic/advertising design, and is interested in pursuing advertising or graphic design. She is skilled in Photoshop, Illustrator, and computer use.",White,Female,Jill,Kelly,Democratic,0,No
386,INFORMATION-TECHNOLOGY,"Tyrone Jackson is a Data Analytics graduate student with strong skills in data analysis, modeling, statistical analysis, and visualization tools such as R, Tableau, and Excel. He holds a Master’s in Data Analytics and a BBA in Finance from the University of Houston. His professional experience includes sales coordination and inside sales roles in energy and aerospace sectors, demonstrating excellent communication, client relationship management, and business development skills. Additionally, he has recruiting experience and a background in finance. Tyrone seeks an analytical role to leverage his quantitative, research, and technical skills to solve business problems and adapt to evolving company needs.",African_American,Male,Tyrone,Jackson,Republican,0,No
387,INFORMATION-TECHNOLOGY,"Darnell Jackson is a dependable and customer-focused professional with experience in retail and food service. He has strong skills in teamwork, problem solving, leadership, and communication. His key roles include sales associate, cashier/server, and key holder, where he demonstrated excellent customer service, upselling, visual merchandising, and store organization. Recognized as Employee of the Month in September 2015, Darnell has a high work ethic, leadership abilities, and experience in creating positive customer relationships. He holds a high school diploma and completed training at Eric Fisher Academy, with additional skills in marketing, coaching, and loss prevention.",African_American,Male,Darnell,Jackson,Republican,0,No
388,INFORMATION-TECHNOLOGY,"Lakisha Jones is a highly organized and resourceful professional with extensive experience in customer service, sales, clerical work, and basic IT and design skills. She has a proven track record of promoting positive environments, delivering high-quality service, and leading staff development. Her technical skills include proficiency in Adobe Creative Suite, Microsoft Office, data entry, and website design. She has worked as a Sales Associate, handling client needs, system maintenance, and merchandising, as well as performing shipping, mailing, and POS operations. Her background also includes clerical roles involving mail processing, record keeping, and offender program facilitation. Lakisha holds a high school diploma and completed coursework in health sciences, marketing, and communications. She is a quick learner, detail-oriented, and capable of multitasking, with strong interpersonal and communication skills. Willing to relocate, she is suited for roles requiring customer service, administrative support, or design.",African_American,Female,Lakisha,Jones,Republican,0,No
389,INFORMATION-TECHNOLOGY,"Emily Sullivan is a motivated and energetic student seeking an entry-level position. She has experience in customer service, sales, food preparation, and hospitality, demonstrating strong communication skills, inventory management, and a focus on providing excellent service. Emily holds a high school diploma and has studied Sociology and Justice Studies at the University of New Hampshire. She is a friendly team player with a hard-working attitude, ready to contribute to a dynamic work environment.",White,Female,Emily,Sullivan,Republican,0,No
390,INFORMATION-TECHNOLOGY,"Tamika Jackson is an experienced sales professional with a strong background in retail and customer service. She is fluent in Spanish and highly organized, reliable, and customer-oriented. Her core skills include cash handling, billing, insurance, and sales, with excellent multitasking and communication abilities. Tamika has over three years of experience as a sales representative, handling customer inquiries, processing orders, resolving complaints, and promoting products and services. She also has cashier experience, managing transactions and providing customer support. She holds a high school diploma and an Associate of Arts degree in Political Science. Tamika is a motivated team player with a proven track record of achievement in sales and customer service roles.",African_American,Female,Tamika,Jackson,Republican,0,No
391,INFORMATION-TECHNOLOGY,"Keisha Williams is a highly motivated sales consultant with extensive experience in medical device sales and business development. She has a proven track record of increasing territory sales, building strong relationships with healthcare professionals, and executing effective marketing and outreach strategies. Keisha excels in product demonstrations, surgical training, and troubleshooting complex issues with creative solutions. She holds a B.B.A. in Business Management with a focus on Management Information Systems and Business Intelligence from Florida Atlantic University. Her key skills include account penetration, adaptability, new business development, and clinical product expertise. Keisha is seeking long-term growth opportunities where she can leverage her sales acumen, relationship-building abilities, and industry knowledge.",African_American,Female,Keisha,Williams,Republican,0,No
392,INFORMATION-TECHNOLOGY,"Jay O’Brien is an experienced professional with a background in sales, security, and maintenance, complemented by a strong foundation in fine arts and illustration. He possesses skills in design, layout, and web development, with proficiency in Photoshop, Microsoft Office, and internet research. His leadership experience includes managing maintenance teams and serving in the military, where he earned multiple medals. Currently seeking an illustrator position, Jay offers creativity, strong organizational skills, and a team-oriented mindset, along with excellent communication abilities.",White,Male,Jay,O’Brien,Democratic,0,No
393,INFORMATION-TECHNOLOGY,"Tyrone Jackson is an outgoing, people-oriented professional with over 15 years of experience in sales, customer service, and management. He excels in building strong client relationships, team leadership, and organizational skills. His background includes retail sales, supervisory roles, and managing a salon with significant growth achievements. Tyrone has experience in inventory control, staff training, goal setting, and problem-solving. He holds a high school diploma and cosmetology certification, with additional training in staff hiring, goal management, and workplace problem-solving. Known for his enthusiastic personality and team-oriented approach, he is committed to achieving high performance and fostering positive work environments.",African_American,Male,Tyrone,Jackson,Democratic,0,No
394,INFORMATION-TECHNOLOGY,"Tamika Robinson is a dedicated customer service professional with over a year of experience in the food and beverage industry, including upscale restaurant service and alcohol preparation. She has strong interpersonal skills, a positive attitude, and the ability to multitask effectively under pressure. Her experience includes serving large guest volumes, promoting menu items, handling food safety, and maintaining a welcoming environment. Additionally, she has sales experience as a representative, consistently achieving sales targets and building customer relationships. Tamika is proficient in cash handling, POS systems (MICROS), and various sales and media software. She is currently pursuing education and is fluent in English.",African_American,Female,Tamika,Robinson,Democratic,0,No
395,INFORMATION-TECHNOLOGY,"Geoffrey Murray is a motivated sales associate with over 3 years of experience in sales and customer service. He has a high school diploma and is currently studying culinary arts at Suffolk County Community College. His key skills include strong communication, time management, self-motivation, and adaptability. His work experience includes customer interaction, inventory organization, and operating registers across various retail roles.",White,Male,Geoffrey,Murray,Democratic,0,No
396,INFORMATION-TECHNOLOGY,"Tremayne Robinson is an experienced sales and management professional with a strong background in telecommunications, business development, and team leadership. He has a proven track record of driving revenue growth, having increased company revenue by 115% and adding over 35 new business contracts since 2016. Tremayne holds a Bachelor of Science in Leadership & Cultural Studies with a minor in International Business, and has completed coursework in nursing.

Key qualifications include excellent sales, negotiation, communication, and leadership skills, with expertise in developing sales strategies, training teams, and managing client relationships. He has certifications in VMware and Lenovo, and has successfully led sales teams, negotiated multi-year contracts, and contributed to company growth and recognition, including INC 5000 listing.

His professional experience includes serving as Sales Director at JMF Solutions, Inc., where he managed sales calls, closed contracts, and coordinated vendor relationships. Earlier roles include store trainer, key holder, lead bartender, and receptionist, demonstrating versatility and strong interpersonal skills. Tremayne is proficient in sales software, Microsoft Office, and desktop publishing tools, with a focus on achieving results and customer satisfaction.",African_American,Male,Tremayne,Robinson,Democratic,0,No
397,INFORMATION-TECHNOLOGY,"Latonya Williams is a dependable and hardworking professional with over seven years of experience in maintenance, handyman services, lawn care, and customer service. She has strong communication skills, a solid work ethic, and the ability to follow instructions and work independently. Her skills include customer service, landscaping, equipment operation, painting, repairs, and snow plowing. She holds a high school diploma and has completed coursework in liberal arts at multiple colleges. Latonya is a quick learner and capable of completing tasks efficiently and to satisfaction.",African_American,Female,Latonya,Williams,Democratic,0,No
398,INFORMATION-TECHNOLOGY,"Hakim Robinson is a sales professional with extensive experience in retail and customer service, demonstrating strong sales skills, client relationship management, and market research abilities. He has a proven track record of promoting and selling products, acquiring new clients, and maintaining customer satisfaction. His core strengths include persuasive communication, teamwork, reliability, and goal orientation. Hakim seeks a position that offers career growth, job enrichment, and a supportive environment. He holds a high school diploma and possesses skills in sales techniques, customer service, database management, and effective communication through various mediums.",African_American,Male,Hakim,Robinson,Democratic,0,No
399,INFORMATION-TECHNOLOGY,"Allison Sullivan is a dedicated Fashion Business Management undergraduate with experience in sales, product development, and technical design. She is proficient in Mac and PC platforms, Microsoft Office, Adobe Creative Suite, and apparel software. Fluent in Albanian, she has strong communication and training skills. Her work history includes sales roles at luxury retail stores, where she conducted product training, visual merchandising, and managed client portfolios, consistently exceeding sales goals. She also completed an internship in technical design, collaborating with factories, managing product specifications, and revising garment sketches. Allison holds a B.S. in Fashion Merchandising Management from FIT and seeks a product development position to leverage her industry knowledge and skills.",White,Female,Allison,Sullivan,Democratic,0,No
400,INFORMATION-TECHNOLOGY,"Kenya Washington is a highly motivated customer service professional with over 30 years of retail experience. She has a strong background in sales, with a proven track record of meeting and exceeding goals, and excellent communication skills. Her work history includes roles as a Sales Advisor, Cardiac Care Assistant, and Analyst, demonstrating versatility and strong interpersonal abilities. She holds a Bachelor's degree in Biology from Dillard University and has extensive volunteer experience involving public contact, public speaking, and record keeping. Key strengths include problem-solving, quick learning, proficiency in MS Windows, and trusted key holder responsibilities.",African_American,Female,Kenya,Washington,Republican,0,No
401,INFORMATION-TECHNOLOGY,"Jay McCarthy is a reliable and fashion-savvy Sales Associate with extensive retail experience, including product merchandising, inventory management, and customer service. Skilled in achieving sales goals, upselling, and operating POS systems, he excels in fast-paced retail environments. His background also includes culinary work, with promotions earned through dedication. Jay is CPR & AED certified, with leadership experience as a club president, and possesses strong interpersonal, communication, and team skills. He is authorized to work in the US and committed to providing excellent customer satisfaction.",White,Male,Jay,McCarthy,Republican,0,No
402,INFORMATION-TECHNOLOGY,"Todd Ryan is a dependable sales associate with experience in customer service, sales, and retail operations. He has a strong background in building customer loyalty, achieving sales goals, and training staff. Skilled in communication, organization, and problem-solving, Todd also has administrative experience with office equipment and record-keeping. His work history includes retail sales, customer care, and office support roles. He holds a GED and demonstrates strengths in time management, leadership, and self-motivation, making him a versatile candidate for roles requiring customer interaction and operational support.",White,Male,Todd,Ryan,Democratic,0,No
403,INFORMATION-TECHNOLOGY,"Kristen Sullivan is a dedicated and hardworking individual seeking employment to support her family, with aspirations to further her education in the future. She possesses strong interpersonal skills, including customer service, active listening, and persuasion, along with a variety of skills in sales, marketing, clerical work, and food service.

Education:
- GED from Stanhope Elmore High School (June 2011)

Work Experience:
- Sales Associate (Nov 2015 – Dec 2015): Greeted customers, assisted with merchandise selection, managed cash register operations, inventory, and store displays.
- Server/Server Assistant (Aug 2011 – Jan 2012): Provided excellent customer service, took orders, served food and beverages, handled payments, and maintained cleanliness.
- Sales Associate (Jan 2011 – May 2014): Managed sales transactions, customer inquiries, stock management, and store displays.

Skills:
- Customer Service, Sales & Marketing, Active Listening, Critical Thinking, Time Management, Negotiation, Clerical Tasks, Food Production, and Basic Mathematics.

Kristen is adaptable, with experience in retail and food service environments, and is eager to find any employment opportunity to meet her immediate needs while working towards personal and educational growth.",White,Female,Kristen,Sullivan,Democratic,0,No
404,INFORMATION-TECHNOLOGY,"Kareem Jackson is a results-driven management professional with 25 years of leadership experience across operations, staff development, and project management. He has a strong background in overseeing large teams, implementing operational improvements, and managing multi-state payroll and inventory systems. Kareem has expertise in industries such as manufacturing, assisted living, and retail, with notable achievements including cost savings, process optimization, and safety certifications. His skills encompass operations management, staff training, policy development, project management, and compliance, supported by proficiency in Microsoft Office, Six Sigma, and safety standards. Kareem is organized, detail-oriented, and excels under pressure, with a passion for continuous improvement and team leadership.",African_American,Male,Kareem,Jackson,Republican,0,No
405,INFORMATION-TECHNOLOGY,"Brendan Kelly is a punctual and results-driven retail professional with extensive experience in sales, store management, and customer service. He has a strong background in inventory management, merchandising, and team training, with a focus on exceeding sales targets and fostering customer loyalty. Brendan has held roles as a Sales Associate, Lot Associate, Package Handler, and Supervisor, demonstrating skills in cash handling, conflict resolution, and operational efficiency. He is highly organized, adaptable, and possesses excellent communication and negotiation skills. Brendan holds an Associate of Science degree in General Studies from Manchester Community College and a high school diploma. His core strengths include customer relations, sales, inventory control, and team leadership, making him a dependable candidate for retail management and sales positions.",White,Male,Brendan,Kelly,Democratic,0,No
406,INFORMATION-TECHNOLOGY,"Lakisha Jones is a results-driven sales executive with over 24 years of experience across various industries. She specializes in sales growth, customer retention, team leadership, and market analysis. Currently, she is a Sales Executive responsible for achieving revenue growth, managing inventory, HR functions, and vendor relations, with a track record of increasing revenue and profits. She has prior experience as a Store Sales Manager, where she led a large team, expanded sales, and managed operations for multiple locations. Lakisha also has a background in sports marketing, having interned at UNCW, where she contributed to major events and promotional activities. She holds a B.S. in Communications from East Carolina University and is ServSafe certified. Her key skills include sales strategy, customer service, team leadership, market analysis, contract negotiations, and employee development.",African_American,Female,Lakisha,Jones,Democratic,0,No
407,INFORMATION-TECHNOLOGY,"Kristen Kelly is an experienced sales professional with a strong track record in sales management, customer service, and team leadership. She has been a Sales Manager since 2010, overseeing sales activities, customer relations, staffing, and profitability analysis. Her skills include negotiation, persuasion, sales and marketing, and organizational management. Kristen has also held roles as an Emergency Road Service Technician and Wholesale Food Supplier, demonstrating versatility and hands-on technical and operational expertise. She holds a high school diploma and is actively involved in community service. Her interests include music production, graphic art, design, and fitness training.",White,Female,Kristen,Kelly,Republican,0,No
408,INFORMATION-TECHNOLOGY,"Anne Kelly is a dedicated Retail Sales Associate with over 2 years of experience in retail, specializing in sales, customer relations, inventory management, and visual merchandising. She has a strong track record of operating cash registers with high accuracy, training new staff, and maintaining a customer-focused environment. Her previous roles include sales clerk, deli clerk, bus person, and concession cashier, demonstrating versatility and excellent interpersonal skills. Anne is dependable, a team player, and committed to professional growth. She holds a high school diploma and has completed coursework at Riverside City College. Key skills include customer service, POS operation, inventory control, merchandising, and effective communication.",White,Female,Anne,Kelly,Democratic,0,No
409,INFORMATION-TECHNOLOGY,"Rasheed Robinson is a seasoned business development professional with over 14 years of experience in healthcare-focused HVAC and building automation sales. He excels in acquiring and managing key healthcare accounts, building strategic partnerships through negotiation and relationship cultivation. His expertise includes consultative sales, program implementation, contract review, proposal writing, and CRM management. Recognized with multiple awards from the Georgia Society for Healthcare Engineers and Hospital Engineers, Rasheed has a proven track record of growth, including achieving 100% market expansion in healthcare and generating significant sales. His roles have ranged from sales associate to senior sales executive, with a strong background in healthcare facility solutions, building automation, and HVAC systems. He holds a Master’s in Counseling Psychology and a Bachelor’s in Psychology, with additional coursework in marketing. Rasheed is also a LEED Green Associate, skilled in account management, business development, and territory sales.",African_American,Male,Rasheed,Robinson,Democratic,0,No
410,INFORMATION-TECHNOLOGY,"Neil Walsh is a seasoned sales and customer service professional with extensive experience across medical, commercial, and consumer markets. He has a proven track record of growing client bases, increasing revenue, and maintaining high customer satisfaction. Notable achievements include expanding FFCC Inc. placements from under $100K to over $2.5M monthly and growing fees from under $20K to over $100K monthly. Neil has successfully launched new companies, trained employees, and supported business growth through prospecting, presenting, and closing sales. He has held roles such as Regional Account Manager, District Manager, and Outside Sales Manager, consistently ranking highly among peers. His skills encompass inside and outside sales, CRM management, software proficiency (Salesforce, Act, Goldmine, Allscripts), and client retention strategies. Neil is committed to delivering superior service, building relationships, and driving business growth.",White,Male,Neil,Walsh,Republican,0,No
411,INFORMATION-TECHNOLOGY,"Emily Murphy is a dedicated professional seeking a full-time technology position. She has experience in customer service, inventory management, and technical support, with skills in hardware setup, software applications, and network components. Her education includes associate degrees in Network Engineering and Computer Information Systems. Emily's technical skills encompass Windows OS, hardware configuration, software tools like MS Office and Adobe, and network devices. She has a strong background in retail, warehouse, and administrative roles, demonstrating reliability, attention to detail, and customer service expertise.",White,Female,Emily,Murphy,Democratic,0,No
412,INFORMATION-TECHNOLOGY,"Jamal Jones is a reliable and punctual food service professional with experience in fast food, retail, and customer service. He is trained in food safety, handling, and restaurant management, with strong multitasking and communication skills, including fluency in Spanish. His work history includes roles as a Swing Manager, Sales Representative, Assembler, and Crew member, demonstrating leadership, cash handling, food preparation, customer service, and sales abilities. Jamal is a quick learner, self-motivated, and capable of working in fast-paced environments. He holds a high school diploma with a 3.0 GPA and has additional skills in cash handling, safety, repairs, and marketing.",African_American,Male,Jamal,Jones,Democratic,0,No
413,INFORMATION-TECHNOLOGY,"Lakisha Jones is a highly experienced customer service professional with 10 years of client interface expertise. She has a strong track record in sales, account management, conflict resolution, and team training. Her core strengths include excellent organizational and communication skills, active listening, problem-solving, and adaptability. Lakisha has worked in various customer service roles, including sales, retail, and call centers, consistently exceeding sales goals and enhancing customer satisfaction. She has experience with company systems like Live Support, and has developed processes to improve service quality. Her educational background includes an Associate of Science in X-Ray Science, with coursework in Business and Communications. Lakisha is proficient in MS Office, databases, and customer support tools, and is recognized for her reliability, resourcefulness, and dedication to delivering exceptional customer experiences.",African_American,Female,Lakisha,Jones,Democratic,0,No
414,INFORMATION-TECHNOLOGY,"Brett Baker is a dedicated customer service professional with 19 years of experience in retail, sales, and bakery operations. He excels in customer interaction, conflict resolution, and sales techniques, consistently generating revenue and ensuring customer satisfaction. His background includes roles as a Sales Associate, Lead Decorator, and Decorator, with skills in inventory management, product presentation, and team leadership. Brett possesses strong organizational, communication, and active listening skills, along with a courteous demeanor and energetic work attitude. He holds a high school diploma and has experience in marketing, safety, and operational processes. He is committed to accuracy, efficiency, and going the extra mile to meet customer needs.",White,Male,Brett,Baker,Republican,0,No
415,INFORMATION-TECHNOLOGY,"Kenya Washington is a reliable, energetic, and detail-oriented professional with extensive experience in customer service, sales, and merchandising. She has a strong background in retail environments, including roles as a Sales Associate and Sandwich Artist, demonstrating excellent communication, multitasking, and cash handling skills. Kenya is proficient in MS Office and holds a Bachelor of Arts in African American Studies from Arizona State University. She is self-motivated, adaptable, and committed to providing exceptional customer experiences. Her key strengths include organization, time management, and adherence to safety and quality standards.",African_American,Female,Kenya,Washington,Democratic,0,No
416,INFORMATION-TECHNOLOGY,"Lakisha Washington is an experienced retail professional with a strong background in sales, customer service, and store operations. She has over 10 years of experience as a Sales Associate and Supervisor, demonstrating skills in merchandising, staff supervision, sales techniques, inventory management, and POS systems. She has also worked as an Administrative Assistant, showcasing organizational and communication skills. Lakisha holds a BA in Communications with a focus on Marketing and Sales from the University of Phoenix. She is proficient in MS Office, POS systems, and customer relations, with a proven ability to meet sales goals and ensure smooth store operations.",African_American,Female,Lakisha,Washington,Democratic,0,No
417,INFORMATION-TECHNOLOGY,"Todd Sullivan is an experienced sales and account management professional with a strong track record in B2B sales, territory development, and client relationship building across various industries including beverage distribution, non-profit, healthcare, fitness, and financial services. He possesses excellent negotiation, marketing, and presentation skills, with notable accomplishments in exceeding sales quotas, managing major accounts, and leading successful marketing initiatives. Todd has held roles such as Merchandiser, Account Manager, and Account Executive, demonstrating expertise in strategic selling, lead generation, and team training. He is also actively involved in fundraising and community service, with leadership experience on nonprofit boards and event coordination. Todd holds a Bachelor of Arts from Marist College, is bilingual in French and Spanish, and has a history of competitive sports and debate achievements. His skills include sales strategy, account growth, client retention, and project management, making him a versatile candidate for roles requiring business development and client relationship expertise.",White,Male,Todd,Sullivan,Republican,0,No
418,INFORMATION-TECHNOLOGY,"Jamal Jones is an experienced customer support professional with a strong background in call center operations, sales, and medical office administration. He has demonstrated excellent communication skills, proficiency in Microsoft Office, and a customer-focused approach, earning a customer service award. His work history includes outbound sales, receptionist duties, and medical records management, showcasing his ability to handle high call volumes, manage documentation, and provide exceptional service. Jamal holds multiple relevant diplomas, including Medical Office and Office Technology, and has skills in sales, coding, claims processing, and administrative tasks. He is a quick learner and adheres to customer service standards, making him a versatile candidate for roles requiring strong communication, organization, and customer support expertise.",African_American,Male,Jamal,Jones,Democratic,0,No
419,INFORMATION-TECHNOLOGY,"Anne Baker is a versatile professional with extensive experience in healthcare, retail, and management. She possesses strong interpersonal, training, and regulatory compliance skills, with a proven track record in staff training, documentation accuracy, and process implementation. Her healthcare background includes roles as a Nursing Assistant and Front Desk Manager, where she managed staff, ensured quality patient care, and improved operational efficiency. She also has retail experience as a Sales Clerk, demonstrating customer service, sales, and inventory management skills. Anne holds a high school diploma and a medical certificate, with expertise in personnel records, training, and compliance. She is adaptable, organized, and excels in time management, making her a valuable candidate for roles requiring leadership, healthcare support, or administrative expertise.",White,Female,Anne,Baker,Democratic,0,No
420,INFORMATION-TECHNOLOGY,"Keisha Robinson is a dedicated food service and retail professional with experience in fast food, customer service, and sales. She is trained in food safety and handling, with a strong focus on delivering exceptional customer service and maintaining a professional appearance. Her skills include cash register operation, inventory control, POS systems, and effective communication. Keisha has worked as a sales associate, barista, and crew member, demonstrating reliability, teamwork, and efficiency in fast-paced environments. She is currently completing her high school diploma and associate degree through a special program. Additionally, she has community service experience, including volunteer landscaping and working with Livingston Human Society and a Native American reservation mission trip.",African_American,Female,Keisha,Robinson,Democratic,0,No
421,INFORMATION-TECHNOLOGY,"Tremayne Washington is an experienced sales and branch management professional with a strong background in team leadership, sales development, and customer service. He has successfully managed sales teams of up to 12 members, consistently exceeding sales goals by an average of 20% monthly, and has developed effective training and mentorship programs. His roles include Sales Manager, Branch Sales Manager, and Mortgage Consultant, demonstrating expertise in sales strategy, staff development, client relations, and financial analysis. Tremayne holds a BBA in Computer Information Systems with Honors from Western Michigan University. He possesses strong skills in leadership, coaching, customer service, and office software, with proficiency in Microsoft Office, Lotus Notes, and network management. His accomplishments include mentoring managers, increasing sales performance, and building high-performing teams.",African_American,Male,Tremayne,Washington,Democratic,0,No
422,INFORMATION-TECHNOLOGY,"Leroy Williams is an experienced sales professional with over 13 years in outside sales, account management, and marketing. He has a proven track record of increasing sales, managing key accounts, and expanding territories. Leroy is skilled in business development, customer relationship management, negotiation, and territory management. He is fluent in Spanish, computer literate, and highly dependable with strong communication and leadership abilities. His background includes managing both residential and commercial sales in flooring and home improvement industries, with experience in project estimation, supervising installations, and attending trade shows. Leroy holds a high school diploma and has pursued continuing education in interior decorating.",African_American,Male,Leroy,Williams,Republican,0,No
423,INFORMATION-TECHNOLOGY,"Rasheed Jackson is an experienced professional with a strong background in sales, customer service, and administrative support. He has over 20 years of sales and client relationship management, particularly in healthcare and related industries. Skilled in problem-solving, troubleshooting, and efficient order processing, Rasheed is proficient in Microsoft Office, data entry, and clerical tasks. His background includes roles as a Sales Associate, Sales Consultant, and Data Entry Specialist, with additional experience as a Travel Agent. He holds an Associate of Arts degree, a Medical Transcription certification, and has completed training as an Executive Secretary. Rasheed is dependable, resourceful, and possesses excellent communication and time management skills, making him a valuable asset for roles requiring independence and multitasking.",African_American,Male,Rasheed,Jackson,Republican,0,No
424,INFORMATION-TECHNOLOGY,"Rasheed Williams is a customer-focused sales and management professional with over 10 years of experience in building client relationships, driving sales, and managing teams. He has a proven track record of increasing revenue, expanding customer bases, and delivering excellent customer service across retail, beverage, and merchandising roles. Skilled in territory sales, product management, promotional planning, and team leadership, Rasheed has received awards for exceeding sales and satisfaction targets. His background includes managing staff, developing sales strategies, and creating engaging displays to boost profitability. He holds a BS in Hospitality & Business Management from Morgan State University, with coursework in finance, accounting, and marketing. Rasheed is a strategic, organized leader with strong communication and problem-solving skills, committed to achieving and surpassing business goals.",African_American,Male,Rasheed,Williams,Republican,0,No
425,INFORMATION-TECHNOLOGY,"Allison McCarthy is a highly experienced retail and equipment sales professional with over 21 years of expertise in customer service, parts, service, and merchandising within the agricultural, lawn, and equipment industry. She has a strong track record of exceeding sales targets, building lasting customer relationships, and managing inventory and warranty processes. Skilled in equipment sales for brands like John Deere, Massey Ferguson, Kubota, and others, she is proficient in POS systems, cash handling, and outbound sales strategies. Allison has held roles including Sales Associate, Equipment Rental Manager, and Parts/Customer Service Sales Representative, demonstrating leadership, operational efficiency, and excellent communication skills. She holds a high school diploma and has received awards for customer service and warranty management. She is a results-oriented team player eager to leverage her industry knowledge and sales abilities to contribute to company growth.",White,Female,Allison,McCarthy,Democratic,0,No
426,INFORMATION-TECHNOLOGY,"Greg Ryan is a highly motivated sales professional with extensive experience in customer service, sales, and merchandising, particularly in jewelry and clothing retail. He has a proven track record of driving sales, enhancing customer experiences, and maintaining organized, presentable merchandise. Currently pursuing a Bachelor of Science in Psychology and Political Science at the University of Scranton, expected graduation in May 2024. His skills include trend awareness, inventory management, upselling, and excellent interpersonal skills. Greg has also worked as a veterinary technician, demonstrating strong attention to detail, client communication, and animal care. Fluent in elementary American Sign Language.",White,Male,Greg,Ryan,Democratic,0,No
427,INFORMATION-TECHNOLOGY,"Greg Murphy is a dedicated sales professional with extensive experience in retail, customer service, and security. He has a proven track record of exceeding sales targets through effective needs assessment, product knowledge, and relationship selling. His skills include inventory control, cash handling, dispute resolution, merchandising, and client account management. Greg has demonstrated leadership in training new associates and collaborating with teams to achieve sales goals. His background also includes experience in food service and security, showcasing versatility and strong operational discipline. He holds an Associate of Science in Computer Engineering Technology and has received recognition for problem-solving and process improvement initiatives. Greg is passionate about developing innovative sales strategies and building strategic partnerships to drive profitability.",White,Male,Greg,Murphy,Republican,0,No
428,INFORMATION-TECHNOLOGY,"Kristen O’Brien is a reliable and experienced retail professional with over 15 years in sales, customer service, and inventory management. She has a proven track record of exceeding sales targets, averaging $1200 daily, and serving up to 200 customers daily in high-volume environments. Kristen is skilled in cash handling, merchandising, and providing exceptional customer service, with strong communication, organizational, and multi-tasking abilities. Her experience includes sales, cashiering, warehouse work, and team leadership across various retail settings. She holds a Bachelor of Science in Community Health from Oregon State University, with coursework in Business, Management, and Psychology. Kristen is self-motivated, detail-oriented, and adaptable, making her a valuable candidate for roles requiring sales expertise, customer relations, and operational support.",White,Female,Kristen,O’Brien,Democratic,0,No
429,INFORMATION-TECHNOLOGY,"Anne Kelly is a highly experienced marketing and advertising project manager with a strong background in digital and print production. She has over 16 years of leadership roles at Macy's, where she managed large-scale campaigns, digital ad releases, and process improvements that contributed to significant sales increases. Her expertise includes team leadership, vendor relations, quality control, process optimization, and cross-functional collaboration. Anne holds an MBA in Marketing & Project Management and numerous certifications in digital pre-press, project management, and digital marketing tools. Recognized for her innovation, strategic planning, and cost reduction skills, she has received multiple awards and is actively involved in professional organizations such as the American Marketing Association and the Digital Marketing Association.",White,Female,Anne,Kelly,Republican,0,No
430,INFORMATION-TECHNOLOGY,"Brett Murphy is a highly experienced professional with over 16 years in supply chain, transportation, and warehouse management, complemented by managerial roles in retail and food service. He has a strong background in logistics, inventory control, fleet management, and safety compliance, with proven success in increasing operational efficiency and sales. Brett is skilled in client and project management, team leadership, and operational analysis, with certifications in logistics and transport. His work history includes management positions at HyVee, ReTech, and various roles in retail, food service, and manufacturing, demonstrating versatility and a strong work ethic. He holds a high school diploma and additional training in auto body repair, auto collision, and technical assembly. Brett is fluent in English, dependable, detail-oriented, and capable of managing large teams and complex projects, making him a valuable candidate for roles in logistics, operations, or management.",White,Male,Brett,Murphy,Democratic,0,No
431,INFORMATION-TECHNOLOGY,"Kristen Kelly is an experienced administrative and sales professional with over 10 years of expertise in customer service, office operations, and sales. She has a strong background in retail merchandising, customer relations, and event coordination. Her skills include account reconciliation, inventory management, POS operation, client relationship building, and effective communication. Kristen is proficient in MS Windows, Office automation, and has a typing speed of 50 WPM. She holds a bookkeeping certification and has demonstrated success in managing fast-paced environments, resolving customer inquiries, and supporting sales and promotional activities.",White,Female,Kristen,Kelly,Democratic,0,No
432,INFORMATION-TECHNOLOGY,"Greg Murphy is an experienced professional with over 15 years of management expertise in the Oil & Gas and Transportation industries. His background includes yard management, sales, trucking, and project coordination. He holds a GED, along with certifications in heavy equipment operation, forklift operation, commercial driving, and safety training (CPR, First Aid, Alcohol & Drug Awareness). 

Key skills encompass inventory and materials management, employee development, expense control, vendor relations, safety compliance, heavy equipment operation, and customer service. He possesses a current CDL license, strong negotiation abilities, and map reading skills.

His work history features roles such as Yard Manager, Sales Representative, Truck Driver, Project Manager, Supervisor, and Forklift Operator. Notable achievements include reducing costs, managing safety protocols, establishing new customer accounts, and leading teams effectively. Greg is a dependable, self-motivated professional with excellent communication, strategic planning, and operational problem-solving skills, making him well-suited for roles in logistics, operations, or management within industrial or transportation settings.",White,Male,Greg,Murphy,Republican,0,No
433,INFORMATION-TECHNOLOGY,"Tyrone Williams is an enthusiastic college student with a strong background in customer service, team leadership, and water sports coaching. He is pursuing a Bachelor's degree in Business Marketing from San Francisco State, with coursework in marketing, advertising, and communications. Tyrone has over 4 years of experience in customer service roles, including retail and club environments, demonstrating excellent communication, problem-solving, and relationship-building skills. He has extensive leadership experience as a team captain in water polo and swim, and has organized and led water lesson programs. His accomplishments include recruiting new families for swim lessons and maintaining high standards of service and team coordination. Skilled in relationship selling, conflict resolution, and client relations, Tyrone is dependable, energetic, and eager to explore marketing and social media fields. Outside of academics and work, he excels in time management as an all-American athlete.",African_American,Male,Tyrone,Williams,Republican,0,No
434,INFORMATION-TECHNOLOGY,"Meredith Murray is a highly experienced retail and jewelry sales professional with over 6 years of success in customer service, sales, inventory management, and merchandising. She has a strong background in high-end jewelry sales, including certifications from GIA and AGS, and a proven track record of achieving significant sales targets, such as selling $25,000 in a month and managing high-value jewelry and watch sales. Meredith excels in building customer relationships, upselling, conflict resolution, and team leadership. She possesses excellent communication skills, a professional demeanor, and a flexible schedule. Her expertise includes POS systems, inventory control, product knowledge, and event planning. Meredith is passionate about her work, dedicated to customer satisfaction, and eager to contribute her skills to a larger organization.",White,Female,Meredith,Murray,Republican,0,No
435,INFORMATION-TECHNOLOGY,"Jay Murphy is a friendly and reliable Sales Associate with extensive experience in retail and customer service. Skilled in sales, inventory management, and team collaboration, he excels in fast-paced environments. His strengths include active listening, effective communication, organization, and a positive attitude. Jay has a proven track record of increasing sales through upselling, providing excellent customer assistance, and maintaining a welcoming store atmosphere. He is also experienced in cashier duties, handling payments accurately, and resolving customer issues professionally. Educated with a high school diploma, Jay is a dedicated team player committed to delivering exceptional service and fostering customer loyalty.",White,Male,Jay,Murphy,Democratic,0,No
436,INFORMATION-TECHNOLOGY,"Tremayne Robinson is a dedicated legal support professional with extensive experience assisting prosecutors in misdemeanor cases, managing case documentation, and handling court-related administrative tasks. He possesses strong skills in case management, legal procedures, and office operations, including proficiency with Microsoft Office, court systems, and legal documentation. Tremayne has a background in customer service, clerical work, and food service, demonstrating versatility and strong interpersonal skills. He holds a Bachelor of Arts in Sociology and has completed coursework in social behavior and arts. Committed to continuous learning and teamwork, Tremayne seeks roles with increased responsibility to leverage his organizational, communication, and problem-solving abilities.",African_American,Male,Tremayne,Robinson,Democratic,0,No
437,INFORMATION-TECHNOLOGY,"Meredith Walsh is a versatile professional with a strong background in sales engineering, data analytics, and healthcare IT. She holds a B.S. in Business Administration and Management from Penn State and is pursuing a Master of Professional Studies in Data Analytics. Her key skills include data management, analysis, SQL, Tableau, SAS, and CRM tools like Salesforce.

Her experience includes:
- Sales Engineer (2016-2017): Delivered client insights, prepared sales reports, and managed complex proposals to enhance productivity and sales outcomes.
- EHR Application Specialist (2014-2016): Troubleshot EMR/EHR issues, analyzed software artifacts, and collaborated with development teams to resolve defects.
- Business Data Analyst (2013-2014): Monitored and optimized advertising campaigns, managed large datasets, and generated detailed reports.

She is trilingual (English, Hindi, Gujarati), with additional technical expertise in project management methodologies (SDLC, Agile, Scrum), programming languages, and data visualization tools. Meredith is seeking a challenging role to leverage her analytical, technical, and interpersonal skills to contribute to company growth and efficiency.",White,Female,Meredith,Walsh,Republican,0,Yes
438,INFORMATION-TECHNOLOGY,"Darnell Williams is a highly experienced sales and real estate professional with a strong background in project management, contract law, and entrepreneurship. He has over a decade of experience in timeshare sales, real estate transactions, and founding successful startups in transportation and luxury experiences. Darnell excels in client relationship building, negotiation, contract management, and team leadership. He is a member of the National Association of Realtors and possesses skills in sales management, marketing, account management, and business development. His education includes a Business Administration degree from Pace University, and he is fluent in English with beginner Spanish skills. Darnell is seeking a career in sales where he can leverage his proven track record of exceeding sales targets, leadership, and customer service expertise.",African_American,Male,Darnell,Williams,Republican,0,No
439,INFORMATION-TECHNOLOGY,"Greg Ryan is a highly experienced management professional with a strong background in retail, logistics, education, and business management. He holds a Ph.D. in Management Information Systems, an MBA in Business Administration, and a B.S. in Public Relations. His career spans roles such as district manager, store manager, logistics manager, business instructor, and sales associate, demonstrating expertise in team leadership, operations management, sales growth, inventory control, vendor relations, and training. Greg is skilled in data analysis, budgeting, customer service, and strategic planning. He has a proven track record of increasing sales, reducing shrinkage, and improving operational efficiency across multiple industries. His proactive, customer-focused approach and strong organizational and communication skills make him a valuable candidate for leadership roles in business management and operations.",White,Male,Greg,Ryan,Republican,0,No
440,INFORMATION-TECHNOLOGY,"Laurie Kelly is a bilingual sales professional with nearly 4 years of experience in retail sales and management, specializing in high-end men’s and women’s fashion. She has a proven track record of exceeding sales goals, developing effective sales training strategies, and managing customer relationships, including elite clientele. Her skills include retail merchandising, loss prevention, conflict mediation, and excellent communication. Laurie has held roles from sales associate to sales manager, demonstrating leadership, sales expertise, and a strong customer service focus. She is reliable, punctual, and experienced in cash handling, visual merchandising, and team training.",White,Female,Laurie,Kelly,Republican,0,No
441,INFORMATION-TECHNOLOGY,"Lakisha Williams is an experienced sales associate with nearly a decade of expertise in banking and customer service. Currently serving as a Sales Lead at BC's Moore Branch, she is dedicated to branch growth, staff development, and delivering excellent customer experiences. Her responsibilities include account opening, document management, loan processing, legal reviews, fraud prevention, and branch operations. She has consistently achieved performance milestones, earning recognition as a top performer. Prior roles include administrative support in the automotive service industry and early experience in education, where she developed strong organizational and interpersonal skills. She holds a high school diploma, graduated in the top 10% of her class, and has completed coursework in elementary education. Skilled in various banking systems, documentation, and customer service, Lakisha is committed to professional growth and contributing to team success.",African_American,Female,Lakisha,Williams,Republican,0,No
442,INFORMATION-TECHNOLOGY,"Leroy Jackson is a results-driven Sales Executive and Business Owner with extensive experience in sales, marketing, and client management. He founded The Success Group, growing personal sales to $200,000 in the first year and establishing successful promotional programs for auto dealerships and non-profit organizations, increasing sales and brand awareness. Leroy has a strong background in telemarketing, corporate sales, and project management, with a proven track record of expanding business and developing strategic partnerships. He has also managed a promotional advertising distribution company, growing it from $60K to $1.5M in five years, and has experience in media production and client relations. Leroy holds a Bachelor of Arts from the University of Columbus and is actively involved in industry associations and community service. His core skills include sales, business development, client management, team leadership, and marketing communications.",African_American,Male,Leroy,Jackson,Republican,0,No
443,INFORMATION-TECHNOLOGY,"Tremayne Washington is a bilingual sales professional with extensive experience in customer service, business development, and sales. He has a proven track record of exceeding sales goals, with awards for top sales performance in 2014 and 2015. Currently a Sales Associate since 2017, he consistently surpasses sales targets by up to 224%, generates new leads through community and B2B outreach, and enhances client experiences. His previous roles include residential sales, where he achieved 97% revenue penetration, and sales representation, with responsibilities in account management, upselling, and team training. Tremayne is skilled in managing major accounts, VIP clients, and new construction properties, with strong bilingual abilities in English and Spanish. He is seeking to further his career in sales, customer satisfaction, and business development.",African_American,Male,Tremayne,Washington,Democratic,0,No
444,INFORMATION-TECHNOLOGY,"Tremayne Jackson is a communications professional with a Bachelor of Science degree in Communications, Public Relations, and Political Science from Salem State University. He has strong skills in Microsoft Office, social media management, event production, marketing, and editing. His work experience includes roles as a Sales Associate, Marketing Coordinator, intern, and customer service representative, demonstrating expertise in client communication, sales, marketing campaigns, and content creation. Tremayne has hands-on experience in promoting programs, managing social media accounts, designing marketing materials, and supporting event logistics. He is a reliable team player with a background in media, customer service, and sales, making him well-suited for roles in marketing, communications, or customer relations.",African_American,Male,Tremayne,Jackson,Democratic,0,No
445,INFORMATION-TECHNOLOGY,"Tanisha Washington is a results-driven customer service manager with extensive experience in team leadership, client relations, and operational improvements. She has a strong background in managing customer service teams, handling administrative tasks, and enhancing customer satisfaction. Her key skills include leadership, staff development, conflict resolution, process improvement, and multi-tasking. 

Professional Experience:
- Currently manages customer service at Center Sales, handling calls, reservations, sales, and client relationships, consistently exceeding sales goals.
- Previously served as Manager on Duty/Team Lead, overseeing call center staff, scheduling, training, and performance monitoring.
- Held administrative roles as Receptionist/Office Clerk, managing front desk operations, filing systems, and correspondence.
- Experience as a Payoff Specialist, handling auto loan refinancing processes and financial communications.
- Managed a childcare facility, overseeing daily operations, staff, and client relations.

Education:
- High School Diploma with coursework in Marketing, Business Management, and Communications.
- Data Entry Office Assistant Certificate.

Technical Skills:
- Proficient in Microsoft Office Suite (Word, Excel, PowerPoint, Outlook).

Languages:
- Fluent in English.

Tanisha is a dedicated professional with strong leadership, organizational, and customer service skills, ready to contribute effectively to a dynamic team.",African_American,Female,Tanisha,Washington,Republican,0,No
446,INFORMATION-TECHNOLOGY,"Brendan Murphy is a dedicated professional with extensive experience in customer service, retail, hospitality, and caregiving. He possesses strong multitasking, organizational, and communication skills, with a proven ability to assist diverse populations, including non-English speakers. Brendan has worked as a Sales Associate, Cashier, and Housekeeper, demonstrating reliability and attention to detail. He also has volunteer experience providing personal and home care to individuals with disabilities, the elderly, and those in need of support. Brendan holds a high school diploma from Oak Creek High School and is skilled in caregiving, customer service, cashier operations, and home care. He is a self-starter, neat, well-organized, and capable of handling multiple responsibilities effectively.",White,Male,Brendan,Murphy,Democratic,0,No
447,INFORMATION-TECHNOLOGY,"Todd McCarthy is an experienced procurement and contracts professional with a strong background in subcontract administration, proposal support, and real estate sales. He has extensive expertise in government and commercial contracting, including managing large-scale task orders, negotiating subcontract terms, and ensuring compliance with FAR and company policies. Todd is proficient in Deltek Costpoint, PeopleSoft, Oracle, SAP, and Microsoft Office, with excellent research and organizational skills. His career includes roles as a Principal and Senior Subcontracts Administrator, with a proven track record of cost savings and effective contract management. He holds a B.S. in Management/Psychology from the University of Maryland and is a member of NCMA. Currently, he works as a Real Estate Sales Agent, providing client advisory, market analysis, and transaction support.",White,Male,Todd,McCarthy,Democratic,0,No
448,INFORMATION-TECHNOLOGY,"Brett Walsh is a dedicated professional with experience in retail, food service, landscaping, and customer service. He has worked as a Sales Associate, managing store operations independently during third shifts, and has hands-on experience in stocking, cleaning, and maintaining store premises. His background also includes cooking and cleaning in a Hawaiian food cart, as well as extensive landscaping work with Preston's Tree Service, where he handled concrete, roofing, yard maintenance, tree trimming, and pressure washing. Brett holds a high school diploma from David Douglas High School with a 3.0 GPA. He possesses strong customer service skills, is a fast learner, and has experience in roofing. His goal is to leverage his diverse skills to contribute to a company's productivity and reputation.",White,Male,Brett,Walsh,Republican,0,No
449,INFORMATION-TECHNOLOGY,"Keisha Jones is a friendly and enthusiastic hospitality professional with over six years of experience in customer service, sales management, and team coordination. She excels in client relations, conflict resolution, and managing remote teams, with a strong focus on customer satisfaction and efficiency. Her background includes roles as a Sales Manager, Amazon Picker, and Cashier, demonstrating versatility in fast-paced environments. Keisha is skilled in multitasking, communication, and handling customer transactions, with a high attention to detail. She holds a High School Diploma in General Business and possesses competencies in sales, electronics, marketing, and conflict resolution. Keisha is committed to exceeding expectations and maintaining a professional demeanor in all interactions.",African_American,Female,Keisha,Jones,Republican,0,No
450,INFORMATION-TECHNOLOGY,"Jermaine Jackson is a highly experienced Mechanical Engineer and Project Manager with over 26 years in engineering and construction, including 8 years of project management and sustainable design expertise. He has a proven track record in delivering complex projects across medical, R&D, commercial, educational, and industrial sectors, ensuring timely, safe, and cost-effective outcomes from conceptualization to occupancy. Skilled in project planning, client liaison, technical proposals, and team leadership, Jermaine excels in managing budgets, resolving technical issues, and maintaining health and safety standards. His notable achievements include leading LEED Platinum-certified projects and performing energy audits for sustainable building solutions. Currently seeking a Project Engineer or consultant role with a forward-thinking employer, he brings strong communication, organizational, and coordination skills, along with extensive experience in design, estimation, and project execution.",African_American,Male,Jermaine,Jackson,Democratic,0,No
451,INFORMATION-TECHNOLOGY,"Hakim Jackson is a dedicated retail sales professional with over 6 years of customer service experience and 2 years of small management. He has demonstrated leadership by fulfilling supervisory duties, training new employees, and leading sales initiatives that increased store performance. Skilled in customer service, sales strategies, and operational tasks, Hakim is reliable, punctual, and proactive. His experience spans retail environments, including clothing and mobile stores, with a strong focus on achieving sales goals and providing excellent customer experiences. He also has experience in food service, maintaining high standards of service and engagement. Proficient in Microsoft Office and attentive to detail, Hakim is an enthusiastic team player with a positive attitude and a proven track record of responsibility and initiative.",African_American,Male,Hakim,Jackson,Democratic,0,No
452,INFORMATION-TECHNOLOGY,"Lakisha Jackson is a bilingual sales and marketing professional with over 4 years of experience in sales, business development, and project management within the trucking and mining industries. She has a proven track record of leading high-performing teams, generating leads, and expanding market presence. Key achievements include establishing a successful sales operation in Chile, increasing repeat sales by 43%, and reducing delivery times by 35%. She holds two Master’s degrees in International Marketing and Marketing, and a Bachelor’s in Business Administration. Fluent in English and Spanish, with skills in Office Suite, SQL, and Google Products, Lakisha is a strategic thinker with strong communication, leadership, and problem-solving abilities, well-suited for roles in sales, marketing, and business development.",African_American,Female,Lakisha,Jackson,Republican,0,No
453,INFORMATION-TECHNOLOGY,"Tanisha Williams is a punctual and customer-focused professional with strong communication, problem-solving, and organizational skills. She has experience in retail sales, childcare, and cashier roles, demonstrating reliability, excellent customer service, and conflict resolution abilities. Her background includes inventory management, visual merchandising, handling customer complaints, and ensuring safety and engagement in childcare settings. She holds a High School Diploma and an Expanded Functions Dental Assistant Certificate. Tanisha is a motivated team player with a flexible schedule, aiming to exceed expectations and build customer loyalty.",African_American,Female,Tanisha,Williams,Democratic,0,No
454,INFORMATION-TECHNOLOGY,"Keisha Jones is a dedicated customer service professional with extensive experience in retail, warehouse operations, and administrative roles. She possesses strong skills in inventory management, SAP, forklift operation, and customer interactions. Her background includes sales, warehouse logistics, training new hires, and providing excellent customer support in call centers. Keisha is a quick learner, strategic thinker, and committed to maintaining high standards of professionalism and efficiency. She holds a high school diploma and has demonstrated versatility across various roles, including procurement, shipping, and animal care.",African_American,Female,Keisha,Jones,Republican,0,No
455,INFORMATION-TECHNOLOGY,"Matthew Baker is an experienced customer service professional with a background in hospitality, sales, and medical assistance. He has demonstrated skills in effective communication, problem-solving, team collaboration, and customer relationship management. His work history includes roles as a sales representative, bartender, server, crew member, and caregiver, showcasing versatility and a strong commitment to customer satisfaction. He holds a high school diploma and a Medical Assistant certification from King's College. Matthew is dependable, cheerful, adaptable, and skilled in handling difficult customers, training staff, and managing administrative tasks. His goal is to leverage his hospitality and medical experience to contribute positively to a well-established company.",White,Male,Matthew,Baker,Republican,0,No
456,INFORMATION-TECHNOLOGY,"Latonya Jackson is a dedicated nursing professional and recent licensed nurse with extensive experience in patient care, including roles as a GNA in the UK and assisted living facilities. She holds an AA degree in Culinary Arts with a GPA of 4.0 and has completed coursework in Anatomy, Physiology, and Health Assessments. Her skills include mobility assistance, charting, medical procedures, catheter care, and emotional support, complemented by strong communication and problem-solving abilities. Latonya has volunteer experience with organizations like Moveable Feast, United Way, and international service in the Dominican Republic and Haiti. She is confident, reliable, and committed to providing compassionate care, making her a valuable candidate for healthcare teams.",African_American,Female,Latonya,Jackson,Republican,0,No
457,INFORMATION-TECHNOLOGY,"Tamika Jones is a versatile professional with extensive experience in customer service, food preparation, and warehouse operations. She has a strong background in fast food service, including order accuracy, food safety, and POS systems, as well as warehouse picking, shipping, and receiving. She is highly organized, reliable, and a quick learner, with skills in communication, leadership, and process improvement. Tamika holds an Associate of Science in Medical Coding and Billing with a 3.7 GPA and a high school diploma. Her work history includes roles at fast food restaurants and warehouses, demonstrating adaptability and a commitment to quality service and operational efficiency.",African_American,Female,Tamika,Jones,Democratic,0,No
458,INFORMATION-TECHNOLOGY,"Tamika Jones is a dedicated customer service professional with extensive experience in retail, food service, and event management. She has strong organizational, active listening, and problem-solving skills, with a focus on maintaining customer satisfaction. Her background includes roles as a Sales Associate, Chef, and Assistant Food and Beverage Manager, demonstrating versatility and leadership. She holds a Bachelor's degree in Business from MCLA, graduating Summa Cum Laude. Key strengths include customer interface, inventory control, and creating positive customer experiences.",African_American,Female,Tamika,Jones,Republican,0,No
459,INFORMATION-TECHNOLOGY,"Allison Murray is an experienced catering chef with over 20 years of expertise in large-volume food preparation, international cuisine, and kitchen management. She has held roles from line cook to head chef, managing daily operations, inventory, purchasing, and menu development. Allison is skilled in maintaining food quality, controlling costs, and coordinating catering logistics. She is fluent in English and Spanish and is seeking a restaurant position where she can contribute her culinary skills and management experience.",White,Female,Allison,Murray,Republican,0,No
460,INFORMATION-TECHNOLOGY,"Aisha Williams is an experienced culinary professional with a strong background in high-volume kitchen operations, team leadership, and cost management. Currently serving as a Chef since November 2020, she specializes in food preparation, staff training, inventory control, and maintaining safety and sanitation standards. She has also held roles as Sous Chef and line cook, demonstrating expertise in food quality, presentation, and operational efficiency. Aisha is skilled in budgeting, portion and waste control, sourcing ingredients, and enhancing customer satisfaction. She holds a High School Diploma from Curtis Senior High School.",African_American,Female,Aisha,Williams,Democratic,0,No
461,INFORMATION-TECHNOLOGY,"Ebony Jackson is an experienced and highly skilled personal chef with over 15 years of culinary expertise, including managing private estates, international food production, and catering to high-profile clients. She is classically trained at the Culinary Institute of America and has a strong background in nutrition, specialty diets, and food science, with additional studies in Spain. Her skills include menu planning, dietary customization (gluten-free, vegan, paleo, Kosher, Halal, and more), food sourcing, fermentation, and event logistics. Ebony has extensive experience in managing staff, vendor negotiations, and overseeing culinary operations for private homes, aircraft, and large events. She is proficient in wine and liquor inventory management and has a background in organic farming and foraging. Her education also includes three years of nutrition dietetics, with a focus on community education and teaching cooking classes. Known for discretion, attention to detail, and adaptability, Ebony is well-equipped to serve diverse culinary needs with professionalism and personalized service.",African_American,Female,Ebony,Jackson,Democratic,0,No
462,INFORMATION-TECHNOLOGY,"Todd Murphy is a highly organized and energetic professional with experience in food service, construction, and team management. He has strong leadership skills, having managed crews and trained team members, and is adept at multitasking in fast-paced environments. Todd has a high school diploma, ongoing education in computer support, and coursework in management and computer science. His key skills include teamwork, initiative, physical activity, and a positive attitude. He has hands-on experience as a chef, laborer, and crew manager, demonstrating reliability, safety awareness, and the ability to handle responsibilities effectively.",White,Male,Todd,Murphy,Republican,0,No
463,INFORMATION-TECHNOLOGY,"Latoya Jackson is an experienced catering chef with over 30 years of culinary expertise, specializing in large-volume food preparation and international cuisine. She has held roles from line cook to chef, managing kitchen operations, inventory, and menu development. Currently, she manages daily kitchen functions, oversees food quality and costs, and develops new menu items to boost revenue. She is skilled in inventory management, logistics, and team coordination, with proficiency in English and Spanish. Latoya is seeking a restaurant position where she can find a long-term, welcoming environment.",African_American,Female,Latoya,Jackson,Democratic,0,No
464,INFORMATION-TECHNOLOGY,"Brad Baker is a dedicated and efficient Cook with 2+ years of experience in high-pressure, high-volume kitchens. He is ServSafe certified, bilingual (English/Spanish), and skilled in food preparation, portion and cost control, and final plate presentation. Brad has managed kitchen staff, reduced food costs, and contributed to increased sales. His experience includes roles as Chef, Cook, and Prep Cook, with a strong focus on sanitation, safety, and customer service. He holds an Associate of Applied Science in Culinary Arts from Hudson County Community College and possesses excellent knife skills, communication, and teamwork abilities.",White,Male,Brad,Baker,Republican,0,No
465,INFORMATION-TECHNOLOGY,"Tanisha Jackson is a passionate and experienced culinary professional with a strong background in managing and operating food service establishments, including hospitals, restaurants, and bars. She holds certifications as a Food Safety Manager and Test Proctor. Her career highlights include over a decade of leadership roles such as Executive Chef, Owner/GM, and Kitchen & Bar Manager, demonstrating expertise in menu development, staff management, inventory control, and financial oversight. She has a proven track record of increasing sales, reducing costs, and ensuring compliance with health and safety regulations. Tanisha excels in team building, customer service, and creating innovative, nutritious menus tailored to diverse dietary needs. Her accomplishments include earning multiple accolades for her restaurants and significantly boosting cafeteria sales. She is a certified food safety professional with strong interpersonal skills and a natural leadership style, making her a valuable candidate for culinary management positions.",African_American,Female,Tanisha,Jackson,Republican,0,No
466,INFORMATION-TECHNOLOGY,"Jay Baker is a dedicated chef with over 25 years of experience in the restaurant industry, including long-term roles in various establishments. He has extensive expertise in all back-of-house operations, including food preparation, menu development, cost control, and staff management. Currently serving as a line chef in a high-volume restaurant, Jay is skilled in preparing and plating large quantities of food efficiently. His previous experience includes owning and managing a kitchen, overseeing staff, developing menus, and ensuring quality and safety standards. He possesses strong skills in food handling, sanitation, inventory management, and cost calculation. Jay holds a high school diploma and is proficient in various cooking techniques and restaurant operations, making him a versatile and reliable culinary professional.",White,Male,Jay,Baker,Democratic,0,No
467,INFORMATION-TECHNOLOGY,"Todd O’Brien is an adaptable and detail-oriented professional with extensive experience in customer service, food preparation, and cash handling. Currently serving as a Chef since 2015, he demonstrates strong teamwork, problem-solving, and inventory management skills. His prior roles as Head Cashier involved customer service, cash management, and inventory control. Todd holds a High School Diploma and has pursued liberal arts studies at Kingsborough Community College. He possesses a diverse skill set including communication, organization, problem-solving, and proficiency with various software tools. Known for remaining calm under pressure and a proactive approach, Todd is eager to contribute to team success and is willing to relocate.",White,Male,Todd,O’Brien,Republican,0,No
468,INFORMATION-TECHNOLOGY,"Tamika Robinson is an experienced culinary professional with a background in food preparation, catering, and management. She has worked as a chef, assistant manager, and cook, handling event catering, banquet service, and daily kitchen operations. She also has customer service experience as a cashier. Tamika is pursuing an Associate's degree in Medical Billing and Coding and holds a certification in Baking and Pastry. Her key skills include food prep, banquet setup, team training, sales reporting, and client service. She aims to contribute to a company where she can grow and help improve operational efficiency.",African_American,Female,Tamika,Robinson,Democratic,0,No
469,INFORMATION-TECHNOLOGY,"Emily Sullivan is an experienced culinary professional with a strong background as an Executive Chef, having worked for notable chefs including James Beard Award winners Alfred Portale and Paul Bartolotta. She specializes in menu development, food costing, inventory management, and staff supervision. Her recent roles include Executive Chef positions where she developed menus for various meal periods and events, managed kitchen operations, and trained staff. Emily holds a food handler’s license and has hands-on experience in fine cooking techniques, meat and seafood preparation, and kitchen safety. She has a high school diploma in Liberal Arts and additional studies in art and civilization. Her skills encompass culinary arts, cost control, scheduling, payroll, and proficiency in Microsoft Office.",White,Female,Emily,Sullivan,Democratic,0,No
470,INFORMATION-TECHNOLOGY,"Laurie Kelly is a dedicated food service professional with over 6 years of restaurant experience, including roles in FOH and BOH operations, staff management, and customer service. She has held leadership positions such as Main Chef and Assistant General Manager, demonstrating skills in team supervision, inventory control, event organization, and maintaining high standards of safety and service. Laurie also has experience in emergency response as an EMT/Paramedic, with relevant coursework in disaster management and human anatomy. She is proficient in conflict resolution, cost control, documentation, and Microsoft Office, and is committed to providing excellent customer satisfaction and fostering positive team environments.",White,Female,Laurie,Kelly,Democratic,0,No
471,INFORMATION-TECHNOLOGY,"Todd Sullivan is an experienced executive chef with a strong background in high-end club and restaurant settings. Currently serving as Banquet Chef at The Country Club at Mirasol since 2016, he supervises a team of 12, manages banquet and event menus, and contributes to a $6 million food and beverage operation. Previously, he was an Executive Sous Chef at a recognized Platinum Club, overseeing multiple restaurants and maintaining top-tier standards. Todd has extensive leadership experience, including ownership and management of Candle Light Inn, a fine dining restaurant, where he handled all aspects of operations from budgeting to staff recruitment. His culinary expertise spans various cuisines, with a focus on consistency, quality, and guest satisfaction. He is ServSafe certified, has completed advanced culinary training, and is well-versed in menu development, staff training, and dietary accommodations. Todd’s management style is fair, proactive, and focused on professional development, making him a strong candidate for executive chef roles in prestigious private clubs or fine dining establishments.",White,Male,Todd,Sullivan,Republican,0,No
472,INFORMATION-TECHNOLOGY,"Emily McCarthy is an experienced culinary professional with a strong background in leadership, menu development, cost control, and high-volume food production. She is currently the Head Chef, specializing in recipe creation, inventory management, and safe food handling. With over 20 years of experience, Emily has held roles including Executive Chef/Director, Sous Chef, and Kitchen Manager, managing large-scale events, private dining, and catering for hundreds of guests. She is SerSafe certified, skilled in butchery, sauce work, and presentation, and excels in team training, cost reduction, and enhancing guest satisfaction. Her education includes an Associate of Arts in Culinary Arts from Florida Culinary Institute.",White,Female,Emily,McCarthy,Republican,0,No
473,INFORMATION-TECHNOLOGY,"Brad Kelly is a highly experienced sales and corporate trainer with over 21 years of success at Pampered Chef, a Berkshire Hathaway company. He specializes in organizing and delivering engaging training programs, team building activities, and customer appreciation events that foster camaraderie, loyalty, and growth. Recognized as an award-winning top performer (top 1.5% in sales, recruiting, and organization), Brad has trained groups from 1 to 3,000 on product knowledge, sales techniques, and customer service. He has contributed to corporate training materials, appeared on training DVDs, and received multiple accolades including the Premiere Level Incentive Trip for 21 consecutive years and a $1.5 million career sales milestone. 

Brad’s background also includes leadership roles such as Chief Concierge, where he created positive guest experiences, and entrepreneurial ventures like founding a dance and tumbling school. He holds a BA in Athletic Training/Sports Medicine from San Diego State University and has diverse skills in public speaking, team motivation, curriculum development, and problem-solving. Known for being approachable, resourceful, and driven, Brad excels at creating positive work environments that boost productivity and loyalty.",White,Male,Brad,Kelly,Democratic,0,No
474,INFORMATION-TECHNOLOGY,"Darnell Washington is an experienced Executive Chef with a strong background in the hospitality industry, including restaurant, catering, and hotel management. He has over 15 years of culinary and leadership experience, specializing in menu development, kitchen management, event coordination, and staff training. Darnell has managed high-volume operations, including luxury hotels and large-scale catering for events over 500 guests. He is skilled in diverse cuisines (French, Italian, Asian, American, Spanish), cost control, inventory management, safety, and sanitation. His notable achievements include winning culinary competitions, media features, and restaurant recognition. Darnell holds a Bachelor of Science in Culinary Management and is proficient in various computer applications. He seeks opportunities to leverage his talent, education, and work ethic in a culinary leadership role.",African_American,Male,Darnell,Washington,Republican,0,No
475,INFORMATION-TECHNOLOGY,"Greg Kelly is an experienced hospitality professional with over 12 years of leadership in food operations, including roles as Executive Chef and Executive Kitchen Manager. He has extensive expertise in high-volume restaurant management, culinary arts, menu development, and catering for high-profile clients. Greg possesses strong skills in staff training, vendor negotiations, inventory control, and food safety, with certifications in food handling and HACCP regulations. His background includes managing restaurant openings, overseeing FOH and BOH operations, and delivering exceptional customer service in upscale dining, resorts, and country clubs. Proficient in POS systems, MS Office, and E-Commerce, Greg is a reliable, organized, and personable team leader seeking a position in fine dining or upscale hospitality settings.",White,Male,Greg,Kelly,Republican,0,No
476,INFORMATION-TECHNOLOGY,"Keisha Jones is a mature college student with experience in food service, management, and customer service. She has worked as a head chef and manager, demonstrating leadership, communication, and multitasking skills. Keisha is proficient in Microsoft Office, Adobe software, and internet research. She has a background in youth mentorship through BoyzN2Men and active community involvement. She is reliable, punctual, neat, and professional, with interests in youth leadership, sports, and community engagement. Keisha is seeking part-time work in retail, health services, security, IT, or food services.",African_American,Female,Keisha,Jones,Republican,0,No
477,INFORMATION-TECHNOLOGY,"Neil Ryan is an experienced Executive Chef with over 8 years of culinary leadership, specializing in French, Caribbean, Mediterranean, Indian, and Central American cuisines. He is ServSafe certified and skilled in high-volume production, menu development, inventory management, and cost control. Neil has managed large teams (up to 100 staff), budgets up to $5.5M, and food costs around 32-36%. His accomplishments include awards such as Core 4 and CF, and he has extensive experience in catering, banquets, and institutional food service. He holds an Associate Degree in Culinary Arts from Le Cordon Bleu Atlanta, with additional coursework in nutrition and pastry arts. Neil is proficient in managing operations, training staff, developing recipes, and implementing company initiatives, seeking a hospitality role to leverage his skills and foster growth.",White,Male,Neil,Ryan,Democratic,0,No
478,INFORMATION-TECHNOLOGY,"Summary of Allison O’Brien’s Resume:

Allison O’Brien is an experienced culinary professional with extensive leadership in restaurant management, healthy cuisine, and food service operations. She has over 20 years of expertise in menu development, staff training, budget management, and food safety, with a focus on health-promoting ingredients and customer satisfaction.

Key Highlights:
- Current Store Chef since 2014, specializing in menu creation, staff training, inventory management, and increasing business by 20%.
- Former Executive Chef with Sodexo, ensuring compliance with food safety standards, supervising staff, and managing food production.
- Proven track record in upscale private catering, culinary education, and nutritional consulting, resulting in significant sales growth and positive media recognition.
- Skilled in budgeting, cost control, process improvement, and cross-functional team leadership.
- Education includes an Associate Degree in Culinary Arts Management, with certifications in ServSafe and recognition from industry organizations.

Core Skills:
Leadership, team training, budgeting, food safety, menu development, inventory control, client relations, event planning, and culinary innovation.

Professional Experience:
- Over a decade of senior culinary management roles, including restaurant and food service operations, with a focus on health-conscious menus and operational efficiency.
- Experience in large-scale renovations, cross-training staff, and implementing standards that reduce costs and improve quality.

Education & Certifications:
- Culinary Arts Management Diploma from Sullivan College and the National Center for Hospitality.
- Certified Professional Cook, ServSafe Certified, and recognized by industry associations.

Allison is a dedicated leader in culinary arts with a strong emphasis on healthy cuisine, operational excellence, and customer satisfaction, making her a valuable candidate for executive chef, sous chef, or culinary management roles.",White,Female,Allison,O’Brien,Democratic,0,No
479,INFORMATION-TECHNOLOGY,"Kareem Williams is an experienced culinary professional with a strong background in executive and sous chef roles, specializing in healthy cuisine, menu development, and multi-unit management. He has over 20 years of leadership in high-volume, upscale food service environments, including resorts, hotels, and corporate dining. Kareem is skilled in operational standards, cost control, labor management, and innovative menu creation, resulting in significant sales growth and efficiency improvements. He is ServSafe certified, with expertise in food safety, butchery, sauce work, and nutritional menu development. Kareem has a proven track record of team training, event planning, and implementing health-promoting food programs. His experience includes managing large budgets, developing culinary standards, and enhancing guest satisfaction. He holds an Associate Degree in Culinary Arts Management and has been recognized in industry publications. Kareem is a dedicated leader with a passion for healthy food service, team education, and operational excellence.",African_American,Male,Kareem,Williams,Republican,0,No
480,INFORMATION-TECHNOLOGY,"Latonya Jackson is an award-winning executive chef with extensive experience in high-volume, multi-outlet culinary operations across hotels, resorts, and restaurants. She specializes in menu development, creative product innovation, and operational management, including budgeting, P&L, staff leadership, and quality control. Notable achievements include implementing inventory control systems that resulted in cost savings, leading culinary training programs to improve staff retention, and managing large-scale food safety and service operations. Her leadership has driven revenue growth and enhanced brand visibility through media appearances and client entertainment. She has held senior roles such as Executive Chef at Harris Ranch, overseeing multi-restaurant and banquet operations with revenues exceeding $13 million, and has a strong background in developing seasonal menus, promoting local farm products, and managing diverse culinary teams. Her education includes an Associate of Arts in Culinary Arts from Saint Augustine Culinary School.",African_American,Female,Latonya,Jackson,Republican,0,No
481,INFORMATION-TECHNOLOGY,"Keisha Robinson is a dedicated restaurant management professional with extensive experience in culinary operations, menu development, staff training, and event planning. She is ServSafe certified and skilled in creating seasonal, locally sourced menus, managing kitchen teams, and overseeing catering and large-scale events. Her leadership roles include serving as an Executive Chef at Saint Joseph's College, where she implemented farm-to-table practices and managed budgets, food costs, and staff. Keisha has a strong background in culinary arts, with experience in multi-ethnic cuisines, dietary restrictions, and sustainable practices. She has been recognized in Plate Magazine, featured as a guest chef, and actively participates in professional culinary organizations. Her skills include excellent communication, multi-tasking, and client interaction, making her a highly capable candidate for culinary and management roles.",African_American,Female,Keisha,Robinson,Republican,0,No
482,INFORMATION-TECHNOLOGY,"Latonya Williams is a highly experienced client service professional with over 28 years of expertise in customer relations, bookkeeping, inventory management, and strategic planning. She has a strong background in hospitality, customer support, management, and administrative roles, demonstrating excellent communication, problem-solving, and leadership skills. Her work history includes roles such as Bistro Chef, Kitchen Manager, Store Manager, Internal Auditor, and Customer Service Representative, showcasing her versatility across various industries. She is proficient in multiple computer systems and software, with a background in cosmetology, biology, and archaeology. Recognized for delivering outstanding customer service and training others, Latonya is well-equipped for roles requiring client relations, operational management, and administrative support.",African_American,Female,Latonya,Williams,Democratic,0,No
483,INFORMATION-TECHNOLOGY,"Neil Ryan is an experienced culinary professional with extensive leadership in diverse food service settings, including high-end dining, catering, and fast casual. He holds an Associate of Science in Culinary Arts and certifications in Serv-Safe and TIPS. Neil has served as an Executive Chef and Food Production Coordinator, managing budgets, vendor relations, menu development, and large teams up to 100 staff members. His skills include menu planning, safety and sanitation, cost control, staff training, and customer service. Notable achievements include participating as a judge in the Scovie Awards and demonstrating cooking techniques in professional shows. He is a member of the American Culinary Federation and the World Association of Chefs Societies. Neil is highly organized, creative, and a strong leader with expertise in financial management, team building, and culinary innovation.",White,Male,Neil,Ryan,Democratic,0,No
484,INFORMATION-TECHNOLOGY,"Kristen Sullivan is an experienced operations and logistics professional with a strong background in military supply management, budget oversight, and personnel training. She has over 16 years of leadership experience managing large-scale equipment inventories, budgets totaling over $27 million, and supply logistics across multiple military bases. Kristen has expertise in contract negotiation, financial recordkeeping, inventory control, and training development. She has mentored hundreds of personnel, conducted safety and compliance inspections, and managed complex logistics operations. Currently residing in Berlin, Germany, she is seeking to leverage her management, operational, and client-focused skills in a growing entrepreneurial organization as part of the executive team. She holds memberships in professional associations and has a proven track record of cost savings, process improvements, and team leadership.",White,Female,Kristen,Sullivan,Republican,0,No
485,INFORMATION-TECHNOLOGY,"Tremayne Robinson is a highly experienced Executive Chef with 22 years of culinary expertise, specializing in cost control, menu development, and team leadership. He has managed large kitchen teams (up to 67 staff), designed menus for multiple restaurants, and overseen extensive event catering in a high-end hotel setting, notably contributing to a $167 million hotel expansion. Tremayne is skilled in inventory management, food cost reduction, vendor relations, and implementing health and safety standards. His background includes creating innovative menus, sourcing local ingredients, and training culinary staff from entry-level to leadership roles. He holds a Bachelor of Arts in Culinary Arts from ITHQ, Quebec. His core skills encompass customer service, banquet and catering operations, budgeting, food preparation techniques, and high-volume dining. Tremayne’s leadership and operational expertise make him a strong candidate for senior culinary management roles.",African_American,Male,Tremayne,Robinson,Democratic,0,No
486,INFORMATION-TECHNOLOGY,"Keisha Washington is a highly motivated hospitality professional with a Bachelor of Science in Hospitality and Tourism Management from the University of Massachusetts, graduating with a 3.99 GPA and consistent Dean's List honors. She possesses advanced skills in Word, intermediate skills in Excel and PowerPoint, and experience with Mac OS.

Her work experience includes serving as a Chef Assistant, managing kitchen operations and team coordination for up to 75 guests, and overseeing front-of-house activities. She has internship experience in property operations, conducting apartment inspections, resident event planning, and community engagement, including creating sponsorship programs. Additionally, she has retail experience as a Sales Associate, contributing to top sales district performance.

Keisha has held roles in public relations, managing social media and volunteer coordination for the Bourne Braves baseball team, and has certifications in CVENT and TIPS. She actively participates in professional organizations such as Delta Sigma Pi and Eta Sigma Delta, engaging in community service, fundraising, and leadership activities. Her skills include customer service, budgeting, marketing, and event planning, making her a well-rounded candidate for hospitality and event management roles.",African_American,Female,Keisha,Washington,Republican,0,No
487,INFORMATION-TECHNOLOGY,"Neil Ryan is a motivated student pursuing a degree in Computer Science with aspirations to become an Android app developer and develop skills for international investment management. He has hands-on experience with Android Studio, Java, XML, Firebase, and app development for Google Play and Amazon Appstore, along with web technologies like HTML, CSS, JavaScript, and design tools such as Photoshop. His work experience includes customer service, culinary management as a Head Chef, and airport ramp operations, demonstrating strong organizational, safety, and operational skills. Neil holds multiple associate degrees in Finance, Mathematical Economics, and Computer Science from Midlands Technical College, Miami Dade College, and the University of North Georgia. He is also involved in a family import-export business trading agricultural goods between Iran and the U.S.",White,Male,Neil,Ryan,Republican,0,Yes
488,INFORMATION-TECHNOLOGY,"Kareem Jones is a performance-driven administrative professional with 14 years of experience in purchasing, operations, and food service management. He has a strong background in project management across multiple sites, vendor negotiations, and cost control. Kareem co-owned and managed a restaurant, overseeing menu planning, budgeting, staffing, and marketing. Currently, he serves as a Purchasing Coordinator, specializing in inventory management, supplier relations, and procurement using systems like Food-Trak and BirchStreet. His previous experience includes catastrophe insurance claims adjusting, demonstrating strong client management under high-stress conditions. Kareem holds a BA in Culinary Management and possesses skills in food safety, process development, forecasting, and vendor administration. Recognized as a top performer, he excels in strategic planning, customer service, and operational efficiency.",African_American,Male,Kareem,Jones,Republican,0,No
489,INFORMATION-TECHNOLOGY,"Geoffrey McCarthy is a dedicated culinary professional with over 4 years of experience, including roles as Head Chef and Line Cook. He has a strong educational background with an Associate of Applied Science in Culinary Arts from Robert Morris University, where he made the Dean’s List four times and developed a 5-course beer pairing dinner. His experience includes menu development, inventory management, and kitchen scheduling. Certified in Food Service Sanitation and ServSafe, Geoffrey is passionate about contributing to professional kitchen teams and furthering his culinary expertise.",White,Male,Geoffrey,McCarthy,Democratic,0,No
490,INFORMATION-TECHNOLOGY,"Brendan Murphy is an experienced hospitality professional with a strong background in restaurant management, culinary arts, and bartending. Currently serving as the General Manager of Jersey Mike's in Boca Park, he has successfully increased sales by over 30% in 15 months. Brendan has over 4 years of bartending experience in high-paced nightclub settings and 7 years as a sous chef, demonstrating expertise in food preparation, staff management, and operations. He holds ServSafe, TAM Card, and Food Handler's certifications, with skills in P&L management, business development, staff training, and problem-solving. Brendan is a dedicated worker with a history of loyalty and excellence, having worked full-time since age 14. His educational background includes a BS in Business Administration from Appalachian State University, with plans to complete further studies at UNLV. He is a motivated leader with strong communication and customer service skills, committed to driving business success and delivering exceptional service.",White,Male,Brendan,Murphy,Democratic,0,No
491,INFORMATION-TECHNOLOGY,"Neil Murphy is a dedicated professional with a diverse background in healthcare administration, culinary arts, and administrative support. He holds a Bachelor's Degree in Healthcare Administration (Magna Cum Laude) from New England College and an Associate's Degree in Culinary Arts from Art Institute of Washington. 

Key Skills:
- Strong communication and interpersonal skills
- Team building and relationship management
- Problem-solving and conflict resolution
- Proficient in computer applications including word processing, spreadsheets, and email
- High personal and professional integrity

Professional Experience:
- Assistant Chef (2012-2014): Led a team of 4 in food prep, service, sanitation, and safety; managed supplies and collaborated on menu planning.
- SBA-Kitchen (2010-2014): Assisted with food preparation for high-profile functions, including Presidential events.
- Restaurant Cook (2008-2009): Ensured food safety, quality, and proper food handling; contributed to menu planning.
- Accounts Receivable (2003-2005): Managed delinquent accounts, processed payments, and maintained financial records.
- Administrative Assistant (2002-2003): Managed correspondence, filing, and office operations.

Neil is seeking a challenging role where he can leverage his leadership, culinary, and administrative skills to contribute effectively to an organization.",White,Male,Neil,Murphy,Democratic,0,No
492,INFORMATION-TECHNOLOGY,"Jill Ryan is a highly experienced Executive Chef with over 20 years of expertise in fine dining and catering. She holds an Associate of Occupational Studies in Culinary Arts from The Culinary Institute of America. Jill has managed large teams of up to 40 staff and overseen operations that prepare up to 5,000 meals daily. Her skills include multi-operation hospitality management, staff development, menu creation, special dietary needs, and food cost control.

Key accomplishments include directing kitchen operations, developing new cuisines, and creating successful pastry programs. She has held senior roles such as Executive Chef, Premium Club Chef, and Executive Pastry Chef, with extensive experience in menu development, food quality assurance, inventory management, and event catering, including support for major sports events and championships.

Her background also includes creating seasonal and vegan menus, conducting public cooking classes, and managing budgets and vendor negotiations. Jill’s professional strengths are her leadership, organizational skills, adaptability, and dedication to culinary excellence.",White,Female,Jill,Ryan,Republican,0,No
493,INFORMATION-TECHNOLOGY,"Jermaine Jones is a bilingual professional fluent in English and Spanish with conversational French, possessing strong skills in Microsoft Office (Word, Excel, PowerPoint, Access), budgeting, data entry, and client communication. He has experience as an Assistant Chef (2015-present), developing meal plans and supervising kitchen staff, and as a Financial Aid Office Assistant (2013-2015), where he managed budgeting projects, processed documents, and assisted students. Jermaine holds a Bachelor of Science in Finance with a GPA of 3.84 and an Associate of Science from Portland Community College with a GPA of 3.89, earning recognition on the President's List. He is CPA eligible and has a solid background in finance, data management, and customer service.",African_American,Male,Jermaine,Jones,Republican,0,No
494,INFORMATION-TECHNOLOGY,"Latonya Washington is a highly experienced food industry professional with over 30 years of expertise, primarily as a pizza chef and manager. She specializes in creating high-quality, cost-effective menu items, including gourmet and specialty pizzas, calzones, and related dishes. She has strong leadership, communication, and relationship-building skills, with a proven ability to manage kitchen staff, maintain cleanliness, and promote sales. Her background also includes cashiering and house painting, demonstrating versatility and a strong work ethic. She is adept at working in fast-paced environments, handling multiple tasks under pressure, and maintaining high standards for quality and customer service. She is seeking a position with growth opportunities, preferably working nights and weekends.",African_American,Female,Latonya,Washington,Democratic,0,No
495,INFORMATION-TECHNOLOGY,"Aisha Jones is a highly motivated and customer-focused professional with extensive experience in hospitality, food service, and hotel management. She holds a Master's in Business Administration (GPA 3.8, Magna Cum Laude), a Bachelor's in Hospitality Management, and an Associate's in Advanced Culinary Arts. Her work history includes roles as a Sous Chef, Front Desk Agent, Front Desk Manager, and Shift Supervisor, demonstrating strong skills in customer service, operations, inventory management, and staff supervision. She has experience with multiple reservation and management systems (OPERA, PBX), and has contributed to hotel openings, notably with Hilton Garden Inn. Aisha is certified in CPR-AED, Food Handling, and other hospitality-related trainings. Her core strengths include promoting hotel facilities, guest dispute resolution, project management, marketing, and revenue management. She is adept at working under pressure, managing multiple tasks, and ensuring high standards of service and safety.",African_American,Female,Aisha,Jones,Democratic,0,No
496,INFORMATION-TECHNOLOGY,"Hakim Jones is an experienced Executive Chef with 20 years of culinary expertise across American, Mexican, Asian, French, and Seafood cuisines. He has a strong background in menu development, food presentation, and kitchen management, including hiring, training, and supervising staff. Hakim has successfully led high-pressure kitchen environments, reduced costs through strategic sourcing and waste minimization, and contributed to notable restaurant features in Village Voice and The New York Times. His skills include classic cooking techniques, catering, inventory control, and safety compliance. He holds a BA in Philosophy, NYC Food Protection and Serv-Safe certifications, and is bilingual in English and Spanish. Notable roles include Executive Chef at CAMPEON, LOLITA/REDLULU, and other establishments, with a proven track record of increasing revenue, managing budgets, and maintaining high standards of food quality and sanitation.",African_American,Male,Hakim,Jones,Democratic,0,No
497,INFORMATION-TECHNOLOGY,"Todd Sullivan is an experienced hospitality and food service professional with over 20 years of leadership in culinary operations, menu development, and business management. He has extensive experience managing large-scale food service operations in remote camp settings, commercial fishing crews, and full-service restaurants. Todd specializes in menu engineering, procurement, budgeting, staff training, and maintaining high standards of food safety and customer service. He has held roles such as Executive Chef and Corporate Chef, overseeing multiple locations and teams of up to 50 employees. His background includes developing business plans, negotiating contracts, and implementing marketing strategies. Todd holds a Master’s in Hospitality Management and a Bachelor’s in Culinary Management, along with numerous industry certifications including Certified Executive Chef (C.E.C.), ServSafe, HACCP, and Food Handler’s Cards. He is skilled in operations, logistics, staff development, and sales/marketing, with a proven track record of improving efficiency and guest satisfaction.",White,Male,Todd,Sullivan,Democratic,0,No
498,INFORMATION-TECHNOLOGY,"Kristen Kelly is an experienced professional with a background in culinary arts, military leadership, safety management, and community outreach. She holds a Culinary Arts Degree from Meridian Community College (2014) and has completed extensive military training, including leadership courses and inspector general investigations. 

Her culinary expertise includes managing high-volume food production, portion and cost control, and inventory management. She served as an Executive Chef in a healthcare setting, overseeing dietary operations for a large assisted living facility, managing staff, budgets, and ensuring food quality.

Kristen has also demonstrated leadership in military roles, including Master Sergeant and Senior Instructor, with responsibilities in discipline, morale, inspections, and training over large service member populations. She has experience in safety management, logistics, and community outreach through her role as an Associate Pastor.

Key skills include leadership development, team management, safety protocols, logistics, and culinary operations. She has been recognized as a finalist in a cooking contest and has a strong record of managing large teams and complex operations. Kristen is seeking to leverage her culinary and leadership skills in a professional environment.",White,Female,Kristen,Kelly,Republican,0,No
499,INFORMATION-TECHNOLOGY,"Emily McCarthy is a highly experienced culinary professional with 14 years of expertise in high-end restaurants, specializing in French, Japanese, and Peruvian cuisines. She has strong skills in kitchen management, including food and labor cost control, menu development, inventory management, and staff scheduling. Her career includes roles as a Sushi Chef, Executive Sous Chef, and currently as a Corporate Chef overseeing multiple restaurant operations. Emily holds an Associate of Arts in Culinary Arts from Le Cordon Bleu.",White,Female,Emily,McCarthy,Republican,0,No
500,INFORMATION-TECHNOLOGY,"Todd Ryan is a reliable and high-performing culinary professional with over 5 years of experience in restaurant service, cooking, and pastry arts. He has extensive skills in food preparation, presentation, and hygiene, with certifications in food handling and catering. Currently serving as a Sous Chef, he collaborates on menu development, trains staff, and ensures food safety standards. His previous roles include Garm Chef, Lead Cook, and Front Desk, demonstrating versatility and leadership. Todd has a background in Culinary Arts and coursework in Graphic Design. He possesses strong leadership, customer service, and team-building skills, seeking opportunities to grow within the culinary industry.",White,Male,Todd,Ryan,Democratic,0,No
501,INFORMATION-TECHNOLOGY,"Laurie Ryan is an experienced culinary professional with over 29 years in front and back of house operations, seeking a management position. She is an expert in kitchen staff management, cost-effective food preparation, and high-pressure culinary environments. Her skills include menu planning, inventory control, budgeting, vendor negotiation, staff training, and guest relations. 

Her key roles include Executive Chef (2010-2014), Kitchen Manager (2009-2010), and Sous Chef (2007-2009), with extensive experience in menu development, cost control, staff development, and customer service. Laurie is Serve Safe Certified, knowledgeable in various cooking styles, and skilled in process improvement and team leadership. She holds a background in restaurant/hotel management and is committed to maintaining high standards and operational excellence.",White,Female,Laurie,Ryan,Democratic,0,No
502,INFORMATION-TECHNOLOGY,"Darnell Jackson is a motivated culinary professional with over 10 years of experience in the restaurant industry, excelling in both chef and management roles. He has expertise in various cuisines, cooking techniques, and food safety, with strong leadership, staff training, menu development, and cost control skills. His experience includes executive chef responsibilities, menu creation, kitchen operations management, and client catering for large events. Darnell holds a BA in International Development with minors in Spanish and Anthropology from the University of Oregon. He is fluent in Spanish and proficient in software such as Excel, Shopkeep, and Caterease. His key strengths include quality commitment, team building, and maintaining high standards in high-pressure environments.",African_American,Male,Darnell,Jackson,Republican,0,No
503,INFORMATION-TECHNOLOGY,"Summary:

Geoffrey McCarthy is an experienced food service professional with a background in sushi preparation, cooking, and management. He has worked as a Sushi Chef at SnowFox Sushi, handling food prep and order management, and has held various cooking roles, including Assistant Manager, demonstrating leadership and work ethic. His early experience as a receptionist at Poudre High School developed his communication skills and ability to work under pressure. He holds a high school diploma and has taken courses in Computer Information Systems, showcasing an interest in technology. Skilled in multitasking, problem-solving, and maintaining safety standards, Geoffrey is adaptable and capable of performing well in fast-paced environments.",White,Male,Geoffrey,McCarthy,Democratic,0,No
504,INFORMATION-TECHNOLOGY,"Neil Kelly is a motivated culinary professional with extensive experience in food and beverage operations, including leadership roles in hotel and restaurant settings. He has strong skills in kitchen management, menu development, inventory control, and cost reduction, with notable achievements such as reducing food costs by 10% and streamlining inventory processes. Neil holds an Associate of Science in Culinary Arts from The Culinary Institute of America, where he was a group leader and received recognition as a culinary leader. His experience spans roles from Room Chef and Line Cook to Front of House and Pastry Attendant, demonstrating versatility and a comprehensive understanding of hospitality operations. He possesses key skills in food safety, staff training, event management, and customer service, complemented by certifications including the Court of Master Sommeliers Introductory Sommelier Certificate. Neil is a disciplined, organized, and adaptable team player with a proven track record of problem-solving and high-volume production.",White,Male,Neil,Kelly,Republican,0,No
505,INFORMATION-TECHNOLOGY,"Hakim Washington is a highly experienced culinary professional with over 20 years in the restaurant industry. He has held key leadership roles including Executive Chef, Sous Chef, Lead Chef, and Lead Line Cook, demonstrating expertise in menu development, kitchen management, staff hiring and training, and food quality control. Hakim is skilled in recipe creation, inventory management, cost control, and maintaining high standards of safety and sanitation. He has a strong background in catering, banquets, and member dining, with a proven ability to lead teams, improve operations, and deliver exceptional customer service. His education includes a Culinary Arts diploma with awards for top performance, and additional coursework in international cuisine, baking, and restaurant management. Hakim is a dedicated team player with leadership qualities, creativity, enthusiasm, and a positive attitude, making him a valuable asset to any culinary team.",African_American,Male,Hakim,Washington,Democratic,0,No
506,INFORMATION-TECHNOLOGY,"Darnell Jones is a highly experienced and dependable Sous Chef with a strong background in culinary management, team leadership, and high-volume food production. Starting as a Commis at Hilton Barbados, he progressed through roles to his current position as Sous Chef, overseeing multiple restaurants and banquet events up to 1800 guests. He specializes in menu development, cost control, staff training, and maintaining Hilton standards for quality and sanitation. Darnell has received numerous awards, including Supervisor and Trainer of the Year, and has led teams of up to 65 chefs and stewards. His educational credentials include an Associate Degree in Culinary Arts, various culinary certificates from the Culinary Institute of America, and management training. He is skilled in sushi, Asian cuisine, hot breads, and supervisory management. Darnell is proactive, organized, and committed to team engagement and guest satisfaction, seeking to leverage his expertise in a challenging culinary leadership role.",African_American,Male,Darnell,Jones,Democratic,0,No
507,INFORMATION-TECHNOLOGY,"Carrie Murphy is a dedicated professional with extensive experience in culinary management, customer service, and team leadership. She has served as a Sous Chef since 2013, demonstrating strong skills in food preparation, staff training, kitchen operations, and sanitation. Previously, she managed a busy café as a General Manager, overseeing staff, customer service, and daily operations. Carrie also has a background in customer service and call center roles, with knowledge of medical insurance terminology and coding. She holds a GED, Serve Food Safe Certification, and Dean Vaughn Medical Terminology certification. Known for her positive attitude, strong work ethic, organizational skills, and ability to adapt to various roles, she is well-equipped for roles requiring leadership, customer engagement, and operational excellence.",White,Female,Carrie,Murphy,Democratic,0,No
508,INFORMATION-TECHNOLOGY,"Tyrone Williams is a highly experienced culinary professional with 16 years in the food industry, including roles as prep cook, line chef, sous chef, and assistant manager. He specializes in high-volume food preparation, maintaining high standards for taste, quality, and safety, with strong skills in portion and cost control, inventory management, and sanitation. Tyrone has leadership and team management experience, including recruiting, training, and supervising kitchen staff. His background also includes customer service roles in hospitality and retail, demonstrating excellent communication and interpersonal skills. He holds an Associate of Applied Science in Business with a focus on Hospitality Management and has coursework in criminal justice. Skilled in culinary operations, sanitation, staff management, and customer satisfaction, Tyrone is seeking a professional environment to leverage his culinary expertise and leadership abilities.",African_American,Male,Tyrone,Williams,Republican,0,No
509,INFORMATION-TECHNOLOGY,"Allison Walsh is a dedicated hospitality professional with extensive experience in sushi cuisine and kitchen operations. She is ServSafe Certified with strong food safety knowledge and a solid background in food preparation, inventory management, and customer service. Over six years at Sushi Time, she progressed from dishwashing to sushi chef, developing excellent knife skills, culinary expertise, and leadership abilities. Her roles have included sushi preparation, inventory control, and ensuring cleanliness and compliance with health standards. Allison has also worked in fast-paced environments such as The 5 Spot, gaining line cook experience and adaptability. She is highly responsible, reliable, and possesses exceptional interpersonal skills, with a positive, outgoing attitude. She is seeking new opportunities to further her skills and grow within the culinary or hospitality industry. Educational credentials include an Associate of Applied Science in Electrical-Computer Engineering and a GED.",White,Female,Allison,Walsh,Democratic,0,No
510,INFORMATION-TECHNOLOGY,"Meredith Baker is a creative, motivated, and relationship-oriented professional with extensive experience in communications, marketing, event planning, and community engagement. She has managed multiple small businesses, including restaurants and an interior design gallery, demonstrating strong leadership, operational, and financial skills. Meredith has a background in media as a classical music announcer, journalist, and producer, with a focus on storytelling and public relations. She has also held roles in legal office management, human resources recruitment, and training, showcasing her organizational and administrative expertise.

Her community involvement includes leadership roles in non-profits focused on youth advocacy, cultural preservation, and community development, such as Communities for All Ages, Friends of Flagstaff Future, and Flagstaff Nuestras Raíces. She has a passion for education, arts, and multicultural initiatives, actively participating in boards and outreach programs.

Meredith holds a Bachelor of Science in Broadcast Journalism from Northern Arizona University, with additional training in telecommunications and political science. She is proficient in various software tools, social media platforms, and office management systems.

She is interested in advocacy, youth programs, and community engagement, seeking opportunities that leverage her communication skills, leadership, and dedication to service.",White,Female,Meredith,Baker,Republican,0,No
511,INFORMATION-TECHNOLOGY,"Brad Sullivan is an experienced Executive Chef with a strong background in high-volume, award-winning restaurants across New York City, New Jersey, Hoboken, and Oaxaca, Mexico. He has successfully led restaurant openings, menu development, staff training, and kitchen operations, demonstrating expertise in upscale casual and rustic comfort food concepts. Brad has a proven track record of managing budgets, controlling food costs, and maintaining high standards of food quality and safety. His skills include menu design, staff recruitment and training, vendor relations, and kitchen design. He is certified in Serve Safe and DOH, with extensive experience in culinary operations, sanitation, and team leadership. Brad is passionate, dedicated, and committed to delivering excellent food and service, making him a valuable candidate for leadership roles in the culinary industry.",White,Male,Brad,Sullivan,Republican,0,No
512,INFORMATION-TECHNOLOGY,"Hakim Robinson is an experienced culinary professional with over 20 years of leadership in high-volume and fine dining restaurants. He specializes in California, Mediterranean, American, and European cuisines, with a strong background in menu development, cost control, and team management. Hakim has held roles from Sous Chef to Executive Chef and Owner, demonstrating expertise in kitchen operations, staff training, and customer satisfaction. Notable achievements include managing a restaurant recognized as the best in West Ways Magazine, reducing food costs through seasonal ingredients, and leading large teams in busy restaurant environments. He holds an Associate of Arts in Culinary Arts and Chef Training from Los Angeles Trade Technical College and has received multiple awards, including the Biltmore Who's Who Award and recognition from the Chefs de Cuisine Association of California. Hakim is skilled in food presentation, safe food handling, budgeting, and hospitality, making him a strong candidate for leadership roles in culinary operations.",African_American,Male,Hakim,Robinson,Republican,0,No
513,INFORMATION-TECHNOLOGY,"Brendan Baker is a highly experienced Executive Chef with 25 years of expertise in culinary arts, restaurant management, and catering. He has a strong background in developing menus, supervising kitchen staff, and managing high-volume operations in diverse settings including fine dining, fast food, and catering. Brendan is skilled in multiple cuisines (Cajun, Creole, Italian, French, American, ethnic foods) and specializes in food cost control, inventory management, and menu development. His leadership includes training staff, ensuring food safety and sanitation, and delivering exceptional customer service. Brendan holds an Associate of Arts in Culinary Arts from Le Cordon Bleu and is a member of professional organizations such as the Small Business Association and USPCA. His core strengths include kitchen operations, staff supervision, food presentation, dietary accommodations, and working efficiently under pressure.",White,Male,Brendan,Baker,Republican,0,No
514,INFORMATION-TECHNOLOGY,"Todd Ryan is a dedicated and experienced chef with a strong background in culinary arts, including roles as Sous Chef, First Cook, and Line Cook. He holds an Associate of Applied Science in Culinary Arts from New York Restaurant School with a 3.8 GPA. Todd has over a decade of experience in preparing high-quality breakfast, lunch, and dinner menus, creating signature dishes, and managing kitchen operations. He excels in mentoring staff, menu development, food safety, and cost management. Notable achievements include increasing customer satisfaction by 60%, reducing service times by 30%, and developing menu items still in use today. Skilled in food preparation, inventory control, staff training, and ensuring compliance with health and safety standards, Todd is seeking a position in a dynamic environment that offers growth and the opportunity to showcase his culinary talents.",White,Male,Todd,Ryan,Republican,0,No
515,INFORMATION-TECHNOLOGY,"Aisha Williams is a highly experienced executive chef with 22 years of culinary leadership, specializing in high-volume, quality kitchen operations. She has a strong background in menu development, staff management, cost control, and sanitation, with notable achievements including cooking at the James Beard House and participating in The Food and Wine Classic in Aspen. Bilingual in English and Spanish, she holds ServSafe certification and has extensive skills in butchery, inventory management, and training. Currently managing a restaurant generating $5 million annually, she oversees a team of 35, ensuring guest satisfaction and operational excellence. Her previous roles include opening new restaurant locations, increasing banquet sales, and managing large kitchen teams. She holds an Associate of Arts in Culinary Arts from Sullivan University and has additional coursework in restaurant operations and international cuisine. Skilled in Microsoft Excel, MenuLink, and ShiftNote, Aisha is a disciplined leader with a proven track record of strategic planning and staff development.",African_American,Female,Aisha,Williams,Democratic,0,No
516,INFORMATION-TECHNOLOGY,"Meredith Kelly is an experienced food production and kitchen management professional with a strong background in school lunch programs, restaurant operations, and culinary innovation. She has over a decade of leadership in managing kitchen staff, menu planning, food safety, and procurement, with proven success in reducing costs, increasing participation rates, and maintaining high food quality standards. Her skills include inventory management, food allergy accommodations, team development, and compliance with safety regulations. Meredith holds an Associate’s degree in Pastry Arts and a Bachelor’s in Business Management, along with certifications such as Servsafe. She is proficient in various food and business software, and has received multiple awards for business excellence.",White,Female,Meredith,Kelly,Democratic,0,No
517,INFORMATION-TECHNOLOGY,"Latonya Jones is a highly experienced catering and food service professional with a strong background in large-scale event planning, menu development, and kitchen management. She has held senior roles such as Executive Chef and Kitchen Manager, demonstrating expertise in staff training, inventory control, food safety, and cost management. Her skills include conflict resolution, leadership, vendor relations, and proficiency with Food Management Systems. She is ServSafe certified and has a culinary degree with additional military police training. Notable achievements include winning culinary contests, catering high-profile events like the Kentucky Derby, and earning top scores in food service audits. She is seeking a management position in food service to leverage her extensive leadership and culinary skills.",African_American,Female,Latonya,Jones,Republican,0,No
518,INFORMATION-TECHNOLOGY,"Anne Kelly is an accomplished Executive Chef with extensive experience in fine dining, high-volume catering, and campus restaurant management. She specializes in menu development, cost control, staff training, and operational improvements that drive profit growth and enhance customer service. Notable achievements include increasing café sales by 60%, improving customer attendance by 18%, and reducing food costs while elevating quality. She has managed multiple dining operations, overseen budgets, led large teams, and implemented safety and sanitation standards. Anne holds certifications in culinary arts, leadership, and food safety, with strong skills in leadership, event planning, sales, and team coaching. Her background demonstrates a proven ability to improve operational efficiency, staff development, and guest satisfaction in diverse culinary settings.",White,Female,Anne,Kelly,Republican,0,No
519,INFORMATION-TECHNOLOGY,"Aisha Robinson is a highly skilled pastry chef, baker, and cake decorator with over 5 years of experience in creating custom cakes, breads, cookies, and pastries for various events. She has a strong background in menu development, inventory management, and food safety, with a passion for sustainable and organic ingredients. Her professional experience includes roles as a chef instructor, sales representative, assistant pastry chef, event pastry chef, banquet chef, and retail baker. Aisha is organized, detail-oriented, and excels in team leadership, training, and independent work. She holds an Associate of Arts in Culinary and Pastry Arts from Illinois Institute of Art and possesses skills in food preparation, kitchen management, and various technical tools such as Photoshop and Microsoft Office. Bilingual in English and some Spanish, she is dedicated to creating innovative, high-quality baked goods and supporting efficient kitchen operations.",African_American,Female,Aisha,Robinson,Republican,0,No
520,INFORMATION-TECHNOLOGY,"Tamika Jones is an experienced culinary professional with a strong background in kitchen management, menu development, and food preparation. She has held leadership roles such as Head Chef and Kitchen Manager, overseeing kitchen operations, safety standards, staff training, and budgeting. Her culinary skills include prepping, cooking, plating, and sourcing seasonal ingredients, with extensive experience in various stations including Garde Manger, sauté, and grill. Tamika also has a background in food safety, sanitation, and inventory management. She holds a Culinary Arts degree from Orange Coast College and a Bachelor's in Culinary Arts and Hospitality from The International Cooking Schools of the Art Institute. Additionally, she has technical skills in blueprint reading, mechanical work, welding, and fabrication, stemming from prior experience in metalworking and military service. She is seeking to contribute her work ethic and culinary expertise to a growth-oriented kitchen team.",African_American,Female,Tamika,Jones,Democratic,0,No
521,INFORMATION-TECHNOLOGY,"Kenya Jones is an accomplished executive chef with extensive experience in hotel and resort culinary management, brand development, and innovative food initiatives. She has a proven track record of successfully opening and re-developing hotel food and beverage concepts, including launching over five hotel/resort projects. Kenya is a 2015 Food Network “Beat Bobby Flay” winner and has received multiple awards such as Marriott’s Rising Star Chef and Marriott Stock awards.

Her expertise includes menu development, cost control, ingredient procurement, and cross-cultural team leadership. She has led culinary operations at luxury properties, managing large teams and achieving high guest satisfaction scores. Kenya has also pioneered sustainable initiatives like urban gardens and apiaries within hotel environments.

Her professional background includes roles as Executive Chef at boutique and luxury hotels, overseeing multi-million dollar F&B operations, and mentoring culinary teams. She holds an Associate of Arts in Culinary Arts from California Culinary Academy and has completed an apprenticeship with renowned Chef Daniel Boulud.

Key skills encompass budgeting, quality assurance, team development, networking, and culinary innovation. Kenya is a results-driven leader with a strong entrepreneurial attitude, dedicated to elevating culinary standards and guest experiences.",African_American,Female,Kenya,Jones,Republican,0,No
522,INFORMATION-TECHNOLOGY,"Aisha Williams is an experienced culinary professional and executive with a strong background in restaurant management, menu development, and team leadership. She is skilled in multiple cuisines including Italian, Peruvian, Mexican, and Fusion, with a proven track record of increasing sales and reducing guest complaints. Her expertise includes small business development, budgeting, negotiations, and customer relations. She has successfully managed large teams and high-volume operations, notably overseeing 40+ staff and serving over 500 diners nightly. Aisha is bilingual in English and Spanish, with excellent interpersonal and communication skills, and has a background in culinary arts from Los Angeles Culinary Institute. Her accomplishments include doubling sales through marketing initiatives and maintaining high standards of food quality and safety. She is open to negotiation for new opportunities.",African_American,Female,Aisha,Williams,Republican,0,No
523,INFORMATION-TECHNOLOGY,"Matthew Murray is an experienced culinary professional with a strong foundation in French cuisine from Le Cordon Bleu and specialized training in pasta under Michelin-starred Chef Richard Titi in Italy. Currently serving as Chef de Cuisine at Citizen in Beverly Hills, he excels in menu development, inventory management, staff training, and cost control. His background includes leadership roles in high-volume restaurants, expertise in handmade pastas, and ServSafe certification. Matthew's skills emphasize discipline, multitasking, and quality assurance, making him a well-rounded candidate for senior culinary positions.",White,Male,Matthew,Murray,Republican,0,No
524,INFORMATION-TECHNOLOGY,"Sarah Sullivan is a service-oriented pastry professional with a diploma from Le Cordon Bleu and extensive experience in pastry arts and confectionery, including roles as Pastry Sous Chef, Pastry Cook, and Chocolatier. She has strong skills in dessert creation, menu development, team supervision, inventory management, and catering to special dietary needs. Her background also includes a corporate career as a Senior Business Analyst, demonstrating strong organizational and communication skills. She is proficient in Microsoft Office Suite and has a proven track record of leadership, training, and collaboration in high-volume culinary environments. Sarah seeks opportunities to advance her skills in pastry arts and confections.",White,Female,Sarah,Sullivan,Republican,0,No
525,INFORMATION-TECHNOLOGY,"Keisha Washington is an experienced culinary professional with 4 years of high-pressure kitchen management and cooking. She has held roles such as Sous Chef, Chef de Partie, and Lead Cook, demonstrating expertise in food preparation, cost control, inventory management, and staff scheduling. Keisha is ServSafe certified, bilingual (English/Spanish), and skilled in techniques like sous vide and butchery. She has a proven track record of reducing food costs, maintaining high-quality menu items, and fostering collaborative team environments. Keisha holds a GED with a focus on Culinary Arts and is seeking to leverage her culinary skills and leadership experience in a professional kitchen setting.",African_American,Female,Keisha,Washington,Democratic,0,No
526,INFORMATION-TECHNOLOGY,"Keisha Washington is a highly experienced and dedicated culinary professional with over 20 years of leadership in diverse dining environments, including fine dining, catering, and gluten-free concepts. She has held key roles such as Executive Chef, Chef Manager, Banquet Chef, Kitchen Manager, and Executive Sous Chef. Keisha specializes in menu development, recipe standardization, food safety, inventory control, and cost management. She has a proven track record of managing large teams, overseeing restaurant and event operations, and maintaining high standards of quality and customer satisfaction. Certified as a Food Safety Manager, she excels in staff hiring, training, and fostering efficient kitchen operations. Keisha’s expertise spans casual to fine dining, with a strong focus on gluten-free food preparation and seasonal menu planning.",African_American,Female,Keisha,Washington,Democratic,0,No
527,INFORMATION-TECHNOLOGY,"Anne Kelly is an experienced operations and business management professional with over 15 years of diverse leadership roles. She has a strong background in strategic growth, financial analysis, marketing, and team leadership. Her recent experience as a Personal Chef involved developing growth strategies, streamlining operations, and increasing revenue through menu optimization, targeted marketing, and cost reductions. Previously, she held senior roles in tax preparation, consistently exceeding sales and client satisfaction metrics, and managed a high-revenue restaurant location, implementing revenue-boosting and cost-saving initiatives. Anne holds a B.S. in Business Management (Magna Cum Laude) from Saint Joseph University. Fluent in English, French, and Arabic, she is proficient in various software tools including Microsoft Office, QuickBooks, CRM systems, and digital marketing tools. Recognized for analytical decision-making, operational excellence, and leadership, she is well-equipped to drive business growth and operational efficiency.",White,Female,Anne,Kelly,Republican,0,No
528,INFORMATION-TECHNOLOGY,"Greg Baker is an experienced culinary professional with nine years of culinary expertise and eleven years in the hotel industry. He has a strong background in banquet and high-volume food service, menu development, and team leadership. Notable achievements include improving food quality scores at major hotels, winning a silver medal at the New Orleans Wine and Food Experience, and managing large teams and significant food sales. Currently a Senior Sous Chef, Greg oversees multiple outlets, develops menus, and collaborates with consulting firms to enhance operations. He has extensive experience in event execution, staff training, and culinary innovation, with skills in modernist cooking and Sous Vide techniques. Greg is highly driven, reliable, and focused on delivering high-quality food and service in high-pressure environments.",White,Male,Greg,Baker,Republican,0,No
529,INFORMATION-TECHNOLOGY,"Kenya Williams is a highly experienced Executive Chef with extensive international training in Europe, specializing in French, Italian, and American cuisines. She has a proven track record in food and beverage management, culinary operations, and team leadership across luxury hotel properties. Her key achievements include managing large-scale banquet and culinary operations, improving food costs and guest satisfaction scores, and maintaining high safety and quality standards. She has held senior roles such as Senior Banquet Chef, Executive Chef, and Executive Sous Chef at prestigious hotels like The W-Atlanta Midtown, The Emory Conference Center Hotel, Loews Atlanta, and Intercontinental Hotel. Kenya holds a Bachelor's degree in Culinary Arts and Hospitality Management, along with certifications in Serv-Safe and managing diverse workforces. She is skilled in business operations, budgeting, menu development, staff training, and customer service, making her a strong candidate for senior culinary leadership roles.",African_American,Female,Kenya,Williams,Republican,0,No
530,INFORMATION-TECHNOLOGY,"Brad Sullivan is an experienced culinary professional with over 14 years in the hospitality industry, specializing in banquette operations, event catering, and high-volume food service. He has held leadership roles such as Executive Banquette Sous Chef, Head Chef, and Sous Chef, demonstrating expertise in menu development, cost control, staff management, and food quality assurance. Brad is skilled in various cuisines, with a focus on Mediterranean, and excels in food presentation, baking, pastry, and catering for large events, weddings, and corporate functions. He has a strong background in hotel and resort food services, with extensive experience in training, team building, and operational management. His education includes a Culinary Arts Diploma, multiple vocational certificates, and certifications in nutrition, hospitality, and food safety. Brad is a motivated, flexible leader with excellent communication skills, capable of operating independently or within a team to deliver high standards of food quality and customer satisfaction.",White,Male,Brad,Sullivan,Republican,0,No
531,INFORMATION-TECHNOLOGY,"Hakim Robinson is a highly experienced culinary professional, educator, and business leader with over 20 years of expertise in teaching, culinary arts, and hospitality management. He has a strong background in culinary instruction at the college level, food safety, menu planning, and team leadership. Hakim has demonstrated skills in strategic planning, staff training, event management, and operational improvement. His experience includes managing kitchens, developing community outreach programs, and running small businesses, including catering and real estate ventures. He holds a BS in Business Management and an AAS in Culinary Arts, with awards for academic excellence. Known for his leadership, problem-solving, and high work standards, Hakim is a dedicated professional committed to quality, customer satisfaction, and team development.",African_American,Male,Hakim,Robinson,Democratic,0,No
532,INFORMATION-TECHNOLOGY,"Tyrone Washington is an experienced Executive Chef with a strong background in classical French cuisine from Le Cordon Bleu. He is highly skilled in all cooking methods, ethnic cuisines, and food safety standards, including HACCP and ServSafe certification. His expertise includes high-volume food production, food and labor cost control, inventory management, and staff scheduling. 

Key accomplishments include reducing food costs by up to 7%, boosting summer sales by 15%, and improving operational efficiency through strategic purchasing and staffing. Tyrone has held leadership roles such as Regional Executive Chef, Garde Manger/Production Manager, and Owner, demonstrating his ability to manage kitchens, develop menus, and foster team environments. 

He possesses strong skills in kitchen sanitation, customer service, and administrative tasks, with proficiency in PC and Mac programs. His education includes an Associate of Arts in Culinary Arts from Scottsdale Culinary Institute and Le Cordon Bleu. 

Tyrone is a disciplined, creative, and ambitious culinary professional with a proven track record of enhancing food quality, safety, and profitability.",African_American,Male,Tyrone,Washington,Democratic,0,No
533,INFORMATION-TECHNOLOGY,"Jermaine Jackson is an experienced culinary professional with extensive leadership in food service management. He has held senior roles such as Senior Executive Chef and Executive Corporate Chef, managing large teams, overseeing budgets, and implementing innovative culinary programs. His expertise includes staff training, sanitation, safety compliance, menu development, and marketing initiatives. Jermaine has a strong background in event planning, catering, and consulting, with a history of successful collaborations with government, corporate, and community organizations. He holds multiple culinary degrees from reputable institutions, including the Culinary Institute of America, and possesses skills in compliance, staff development, marketing, and special events. His goal is to leverage his industry knowledge and leadership skills in a management position with an industry leader.",African_American,Male,Jermaine,Jackson,Democratic,0,No
534,INFORMATION-TECHNOLOGY,"Kenya Williams is a dedicated hospitality professional with extensive experience in restaurant operations, customer service, and team management. She holds an Associate of Science Degree in Social Science Studies and certifications including ServSafe Manager, Food Handlers, CPR, and First Aid. Her expertise includes staff training, conflict resolution, inventory control, and cost management. She has worked in various roles such as shift manager, server, pastry chef, line cook, and event planner, demonstrating strong organizational and leadership skills. Kenya is committed to ensuring guest satisfaction, maintaining high standards of cleanliness and safety, and supporting team development. Her background also includes volunteer work in community health and food service training, highlighting her community engagement and dedication to service excellence.",African_American,Female,Kenya,Williams,Republican,0,No
535,INFORMATION-TECHNOLOGY,"Todd Ryan is a highly skilled culinary professional with over 5 years of experience in casual and fine dining environments. He possesses strong expertise in food preparation, kitchen sanitation, and equipment operation, with proficiency in various cuisines including Italian, American, and ethnic foods. Todd has demonstrated leadership in banquet and catering operations, plate presentation, and maintaining high standards of kitchen cleanliness and safety. His accomplishments include ServSafe certification and a track record of supporting kitchen staff, ensuring consistent quality, and exploring new culinary avenues. He has held roles such as Chef, Cook, and Food Prep Chef, with experience in high-volume food service, team coordination, and food safety practices. Todd's education includes a high school diploma with specialized courses in culinary arts, restaurant management, and food preparation. He is a motivated, team-oriented professional committed to delivering exceptional meals and maintaining efficient kitchen operations.",White,Male,Todd,Ryan,Republican,0,No
536,INFORMATION-TECHNOLOGY,"Sarah Murray is a results-driven management professional with extensive experience in culinary operations, team leadership, and business management. She currently serves as Manager and Executive Chef at Rochester University, overseeing kitchen quality, safety, budgeting, and event planning. Her prior roles include Executive Chef, General Manager, and Sous Chef, where she successfully led restaurant startups, managed large teams, optimized operations, and developed menus catering to diverse dietary needs. Sarah holds an Associate Degree in Culinary Arts and Food Science from Johnson & Wales University, along with certifications in Food Safety, Sanitation, and Beverage Service. She possesses strong skills in budgeting, inventory control, staff training, process improvement, vendor negotiations, and customer relations. Recognized for her leadership, adaptability, and problem-solving abilities, she is seeking new opportunities to leverage her culinary and management expertise in dynamic environments.",White,Female,Sarah,Murray,Democratic,0,No
537,INFORMATION-TECHNOLOGY,"Darnell Washington is a highly experienced gourmet chef with over 21 years of expertise in both front-of-house and back-of-house restaurant operations. He specializes in culinary arts, hospitality management, menu development, and food safety, holding multiple certifications including ServSafe and MCP. Darnell has held various roles such as Executive Chef, Sous Chef, Pastry Chef, Grill Master, and Crew Leader, demonstrating strong leadership, team building, and project management skills. He has a proven track record of excellence, having received awards like Gourmet of the Year (2008) and Outstanding Employee (2010). His educational background includes degrees from Johnson & Wales University and Le Cordon Bleu Culinary College. Darnell is proficient in food preparation, menu creation, and restaurant management, with additional skills in business management, Microsoft Office, and food safety. He is a reliable, responsible professional with a passion for culinary arts and customer service, committed to delivering top-quality dining experiences.",African_American,Male,Darnell,Washington,Republican,0,No
538,INFORMATION-TECHNOLOGY,"Keisha Washington is a highly experienced culinary professional with 23 years of expertise in executive and pastry chef roles across diverse venues. She specializes in food cost control, menu development, and catering to special dietary needs, with a proven track record of reducing costs and enhancing menu offerings. Keisha has led large kitchen teams, managed high-profile events, and developed innovative cuisines, including vegan and gluten-free options. Her leadership skills, culinary creativity, and operational expertise make her a valuable candidate for senior culinary positions. She holds an Associate of Occupational Studies in Culinary Arts from The Culinary Institute of America.",African_American,Female,Keisha,Washington,Democratic,0,No
539,INFORMATION-TECHNOLOGY,"Greg Sullivan is a highly experienced culinary professional with over 29 years of expertise in restaurant operations, menu development, and hospitality services. He specializes in innovative, cost-effective cuisine across various cuisines including Mexican, Italian, Japanese, American, and fusion. His background includes managing fine dining, scratch kitchens, catering for large events (up to 20,000 people), retail outlets, concessions, and QSRs.

Key skills include operations management, menu creation, cost control, team leadership, kitchen design, and customer service. He has a proven track record of successful restaurant openings, revenue growth, and cost savings—achieving food costs as low as 20% and labor costs around 8%. 

Recent roles include private chef and executive chef positions, where he focused on sourcing sustainable ingredients and delivering memorable culinary experiences. His leadership has driven menu revamps, cost reductions, and operational efficiencies in multi-million dollar establishments. Greg holds a Culinary Arts & Hospitality Management degree from California Culinary Academy and is proficient with industry software such as Aloha, Quest, and Caterease.",White,Male,Greg,Sullivan,Democratic,0,No
540,INFORMATION-TECHNOLOGY,"Leroy Robinson is an experienced chef with 15 years of expertise in catering and restaurant management within 4-star hotels and upscale restaurants. He specializes in menu creation, food cost control, high-volume production, and staff training. Leroy has a proven track record of increasing sales (notably a 17% growth over two years), managing large kitchen teams, and overseeing both front and back of house operations. He is ServSafe certified, skilled in inventory management, and adept at implementing training programs. His background includes managing kitchens for high-volume dinner services, catering events, and off-site productions. Leroy holds an Associate of Arts in Culinary Technology from Pennsylvania Culinary Institute and a Bachelor of Science in Business from Salem International. He is proficient in account and project management, with strong computer skills, seeking a challenging culinary management role.",African_American,Male,Leroy,Robinson,Democratic,0,No
541,INFORMATION-TECHNOLOGY,"Matthew Murray is a highly experienced Executive Head Chef with 25 years of expertise in fine dining, casual dining, and catering. He specializes in staff development, inventory control, operations management, and cost efficiency, with a strong focus on food quality, safety, and customer satisfaction. Bilingual in English and Spanish, he has successfully managed large kitchen teams of up to 40 employees, overseeing high-volume dinner services for over 250 diners nightly. His accomplishments include reducing food costs, enhancing menu offerings, and increasing revenue through strategic planning and team leadership. Matthew holds a Bachelor of Arts in Culinary Arts and has extensive training in restaurant operations, pastry arts, and international cuisine. He is ServSafe certified and recognized for his disciplined, focused approach to kitchen management and team development.",White,Male,Matthew,Murray,Republican,0,No
542,INFORMATION-TECHNOLOGY,"Tanisha Jackson is an experienced Executive Chef with a strong background in culinary management, staff development, and cost control. She has over 20 years of leadership in various food service environments, including healthcare, retail, and hospitality. Key achievements include reducing food costs by up to 12%, increasing productivity by mentoring staff, and boosting sales through menu innovation. She has managed large teams, overseen multi-million-dollar operations, and implemented staff training programs. Tanisha is bilingual (English/Spanish), skilled in team leadership, profit and loss management, and maintaining high standards of food safety and quality. She holds a GED and has military experience with the National Guard.",African_American,Female,Tanisha,Jackson,Republican,0,No
543,INFORMATION-TECHNOLOGY,"Darnell Williams is an experienced sales and marketing professional with a strong background in environmental science and research. He holds a Bachelor of Science in Biology and an MBA from the University of Michigan. With over eight years of entrepreneurial experience as a Personal Chef, he demonstrated skills in business development, client relationship management, marketing strategies, and event planning. His prior roles include environmental scientist performing site assessments, hazardous material surveys, and regulatory liaison work, showcasing expertise in environmental regulations and project management. Darnell has additional experience in product development, optometry office management, and healthcare support roles. He is certified as a Hazardous Materials Manager and Asbestos Inspector, with skills spanning business administration, environmental science, and client-focused sales. His community involvement includes volunteering and leadership roles in local organizations.",African_American,Male,Darnell,Williams,Republican,0,No
544,INFORMATION-TECHNOLOGY,"Tyrone Jackson is a dedicated administrative and leadership professional with over 15 years of experience supporting business functions such as accounting, human resources, and database management. He has a strong background in report writing, process improvement, staff training, and payroll assistance. Tyrone has held managerial roles including General Manager and Operations Manager, where he optimized operations, improved efficiency, and maintained high service standards. His experience spans restaurant management, sales, and technical roles like forklift operation and service technician work. Fluent in Spanish, he holds a GED, vocational certificates in restaurant and culinary management, and coursework in business and hospitality. Known for his collaborative, service-minded approach, Tyrone excels in communication, decision-making, and time management, aiming to add value through integrity and diligence.",African_American,Male,Tyrone,Jackson,Democratic,0,No
545,INFORMATION-TECHNOLOGY,"Jill Ryan is a dedicated and compassionate CNA graduate with over 4 years of experience caring for patients with mental health issues, dementia, Alzheimer’s, hospice, and end-of-life needs. She is enthusiastic about working in hospital, adult family home, or retirement home settings. Jill holds certifications in caregiving, CPR, first aid, dementia, mental health, and nurse delegations.

Her key skills include mobility assistance, charting, medical procedures, grooming, catheter care, oxygen maintenance, feeding, and general housekeeping. She demonstrates quick problem-solving, patient positioning, body mechanics, and effective documentation.

Jill’s professional background includes roles as a caregiver, PCA, med tech, and attendant counselor, where she provided personal nursing care, emotional support, ADL assistance, and maintained safe, clean environments. She has experience supporting patients with chronic illnesses, assisting with diagnostic procedures, and engaging residents in activities.

Educationally, she earned a high school diploma from Orting High School. Jill is a trustworthy, detail-oriented caregiver committed to patient comfort and safety, with a strong focus on communication and emotional support.",White,Female,Jill,Ryan,Democratic,0,No
546,INFORMATION-TECHNOLOGY,"Jamal Jackson is a highly experienced kitchen management professional with over 6 years of operations leadership and more than 5 years as a chef in fast-paced restaurant environments. He is ServSafe certified, bilingual in English and Spanish, and skilled in high-volume food production, cost control, inventory management, and team supervision. Jamal has held roles including Kitchen Manager, Executive Chef, and Catering & Events Chef, overseeing large staff teams and managing diverse culinary operations. His expertise spans American and ethnic cuisines, menu development, food safety, and customer service. He is a dedicated, hardworking leader committed to delivering exceptional dining experiences and operational excellence. Jamal holds an Associate of Applied Science in Culinary Arts, with additional certifications in food safety and dietary needs, and is proficient in event planning, staff training, and kitchen management.",African_American,Male,Jamal,Jackson,Republican,0,No
547,INFORMATION-TECHNOLOGY,"Sarah O’Brien is a seasoned professional cook with over 10 years of experience in high-quality restaurant and organizational settings. She has held managerial roles such as Chef de Cuisine and Sous Chef, supervising teams of up to 12 cooks, managing inventory, and planning seasonal menus with a focus on local ingredients. Skilled in high-volume production (up to 200 covers nightly), portion and cost control, and advanced techniques like sous vide, she excels in leadership, organization, and effective communication. Her background includes experience in fine dining, event catering, and high-pressure environments like the Masters Golf Tournament. Sarah holds a Bachelor's degree in Culinary Arts and Restaurant Management, with additional international culinary training. She is dedicated, disciplined, and passionate about continuous professional growth in the culinary field.",White,Female,Sarah,O’Brien,Republican,0,No
548,INFORMATION-TECHNOLOGY,"Meredith Baker is a highly trained culinary professional with a comprehensive background in classic and contemporary cooking techniques, global cuisines, and wine & beer pairing. Educated at the Culinary Institute of America, she has mentored under renowned chefs, including Chef Larry Forgione, and gained extensive hands-on experience in professional kitchens, including Walt Disney World's Artist Point and various high-volume settings. She has leadership experience as a Lead Chef and Food Truck Manager, as well as ownership of a personal chef business specializing in healthy, locally sourced meals. Her skills include high-volume production, sauce work, problem-solving, and food safety (ServSafe certified). Notable achievements include awards in culinary competitions, managing kitchens during peak seasons, and developing a personal brand. She holds a BA in Culinary Arts & Management and has additional training from the Culinary Arts Academy and L'Academie de Cuisine. Meredith is a disciplined, creative, and versatile chef with a strong track record of delivering quality culinary experiences.",White,Female,Meredith,Baker,Republican,0,No
549,INFORMATION-TECHNOLOGY,"Jay Sullivan is a highly experienced food service professional and registered dietitian with over 15 years of expertise in high-volume operations, team management, and systems improvement. He has managed multi-unit food services serving up to 20,000 meals daily, led national and international teams, and overseen large-scale audits. His background includes roles as an operations director, food service manager for major brands, and educator in nutrition and culinary arts. 

Key accomplishments include growing a sales portfolio to $12 million monthly, enhancing participation and customer flow in food service settings, and developing compliant, culturally relevant menus for hospitals and schools. He holds a Master of Public Health in Nutrition, a B.S. in Human Nutrition, and an A.S. in Culinary Arts. 

Jay is actively involved in professional organizations such as the Academy of Nutrition and Dietetics and has contributed to community initiatives, including founding a prominent community safety organization. His skills encompass recipe modification, budget management, compliance, and community engagement, making him a versatile candidate for leadership roles in food service, nutrition education, and health programs.",White,Male,Jay,Sullivan,Democratic,0,No
550,INFORMATION-TECHNOLOGY,"Brad Walsh is a highly experienced culinary professional with a diverse background in family-style meals, restaurant management, catering, and bakery operations. He has held roles from line cook to sous chef and pastry chef, demonstrating expertise in menu development, food preparation, team leadership, and event management. Brad has managed large kitchen teams, trained staff, and overseen daily operations, including scheduling, ordering, and quality control. His skills include cooking, baking, customer service, safety, and staff supervision. He holds a high school diploma and has attended San Joaquin Delta Community College. Brad is proficient in maintaining high standards of food quality, sanitation, and team performance, making him a strong candidate for culinary management or senior kitchen roles.",White,Male,Brad,Walsh,Democratic,0,No
551,INFORMATION-TECHNOLOGY,"Meredith Kelly is a highly organized and team-oriented professional with extensive experience in warehouse operations, team leadership, and customer service. She has a strong background in streamlining workflows, improving operational efficiency, and resolving conflicts. Her skills include data analysis, machine operation, conflict mediation, and program management. Meredith has worked with companies such as FedEx, Amazon, and various staffing agencies, demonstrating leadership in training, process improvement, and team motivation. She also has significant customer service experience as a server, excelling in high-volume environments and maintaining high satisfaction ratings. Currently pursuing a bachelor's degree in Human Services, she values teamwork, professionalism, and societal contribution. Her accomplishments include improving team productivity, earning recognition, and maintaining high customer satisfaction.",White,Female,Meredith,Kelly,Democratic,0,No
552,INFORMATION-TECHNOLOGY,"Latoya Jackson is a results-driven professional with extensive experience in sales, sales management, and customer service. She has a strong track record of exceeding sales targets, training and leading teams, and building customer relationships. Her key achievements include earning multiple awards such as President's Club, Employee of the Month, and highest sales promotions in her companies. She has held roles as Assistant Sales Manager, Field Sales Manager, and Sales Representative, demonstrating leadership, strategic planning, and operational skills. Latoya is bilingual in English and Spanish, with excellent interpersonal, public speaking, and relationship-building abilities. She holds a Bachelor of Science in Neuroscience with a 3.9 GPA and has completed coursework in Biology, Psychology, and Computer Skills. She is passionate about growth, travel, and personal development, with interests in food, wine, outdoor activities, and cultural exploration. References and recommendations are available upon request.",African_American,Female,Latoya,Jackson,Republican,0,No
553,INFORMATION-TECHNOLOGY,"Latoya Robinson is a self-motivated and detail-oriented medical coding professional with training in ICD-10-CM/PCS, CPT, and HCPCS II coding from Career Step, earning her CPC-A certification in July 2016. She has a strong foundation in inpatient and outpatient coding, medical terminology, anatomy, and pathophysiology. Her professional affiliations include AAPC and AHIMA. While her recent experience includes roles as an office manager, tutor, and independent sales consultant, her focus is on securing a medical coding position. She possesses skills in organization, communication, and computer systems.",African_American,Female,Latoya,Robinson,Republican,0,No
554,INFORMATION-TECHNOLOGY,"Darnell Washington is an experienced administrative professional with over 15 years of diverse expertise, including executive support, project management, photography, and military intelligence. He is highly skilled in office administration, customer service, scheduling, and communication, with proficiency in Microsoft Office and social media. Darnell has a strong background in training, report management, and event coordination. His military career as a Naval intelligence analyst provided him with leadership, analytical, and administrative skills at an executive level. He holds a Bachelor's degree in History with minors in French, Geography, and Secondary Education from Old Dominion University, and is fluent in French. Darnell has active involvement in community service and leadership roles in organizations such as the Junior League of Hampton Roads and Gamma Sigma Sigma. He maintains an inactive TS/SCI security clearance and has extensive volunteer experience, including youth coaching.",African_American,Male,Darnell,Washington,Democratic,0,No
555,INFORMATION-TECHNOLOGY,"Latoya Washington is a bilingual (Spanish and English) student at Boston University, pursuing a degree in Economics and Political Science with a 3.3 GPA. She has internship experience in legal settings, assisting with case documentation, court proceedings, and legal filings. She also has customer service and event organization experience. Her skills include proficiency in Microsoft Office, Stata, legal documentation, and basic Hebrew. She has leadership experience as a varsity soccer captain, participated in Model United Nations, and has a background in community service and military training. She is a dedicated and versatile individual with strong organizational, legal, and language skills suitable for roles in legal, research, or administrative fields.",African_American,Female,Latoya,Washington,Republican,0,No
556,INFORMATION-TECHNOLOGY,"Allison Kelly is a dedicated professional with extensive experience in customer service, education, and financial processing. She has a strong background in food service, substitute teaching, and loan processing, demonstrating reliability and attention to detail. Her skills include cash handling, data entry, and effective communication. Allison holds a high school diploma in Business from McEachern High School and is Serv Safe certified. She has a history of exceeding expectations, fostering team morale, and supporting diverse populations, including students with special needs. Her volunteer work with Girl Scouts highlights her community engagement.",White,Female,Allison,Kelly,Democratic,0,No
557,INFORMATION-TECHNOLOGY,"Summary of Tanisha Williams' Resume:

Tanisha Williams is a dedicated culinary professional with over nine years of experience, including four years in a lead cook role and three years as a certified trainer. She has worked in various kitchen settings, including cruise ships and restaurants, and has trained under top chefs, gaining expertise in mother sauces, knife skills, menu organization, and kitchen management. Tanisha holds an Associate's degree in Business Management, which complements her culinary skills and enhances her ability to manage operations effectively. She has demonstrated strong leadership, employee development, and customer service skills, with a proven track record of preparing quality dishes efficiently and maintaining high standards of cleanliness and safety. Her career goal is to become an executive chef, driven by passion and a positive attitude toward continuous learning and guest satisfaction.",African_American,Female,Tanisha,Williams,Democratic,0,No
558,INFORMATION-TECHNOLOGY,"Neil Murray is an experienced customer service professional with over three years of diverse roles including blackjack dealer, server, and cashier. He has strong skills in customer care, cash handling, and game dealing, with proficiency in multiple casino table games. Neil is highly organized, reliable, and capable of multi-tasking in fast-paced environments. He possesses technical skills in typing (98 WPM), Microsoft Office Suite, Photoshop, and customer service training. His educational background includes a high school diploma with honors, a near-perfect GPA in college coursework, and some college credits in psychology. Neil is committed to delivering exceptional service and maintaining a professional appearance, making him a versatile candidate for various customer-focused positions.",White,Male,Neil,Murray,Democratic,0,No
559,INFORMATION-TECHNOLOGY,"Kristen Murphy is an experienced Human Resource and Training professional with a strong background in Employee Engagement, Training & Development, Talent Acquisition, and Workforce Management. She has held roles such as Training & Development Specialist, Workforce Development and HR Manager, and Director, demonstrating leadership in organizational development, program management, and recruitment. Kristen has a proven track record of successfully placing over 800 individuals in long-term positions within non-profit and community programs, and she has developed various employee development initiatives. She holds a BA in Business and Human Resource Management from the University of Phoenix. Skilled in client relations, benefits administration, coaching, and training, Kristen is a dependable, motivated, and strategic thinker with excellent communication skills and a passion for continuous learning.",White,Female,Kristen,Murphy,Democratic,0,No
560,INFORMATION-TECHNOLOGY,"Latonya Williams is an experienced business manager with over 15 years of expertise in operations, marketing, sales, and financial management. She has a strong track record of developing growth strategies, optimizing costs, and leading teams to success. Her key achievements include increasing revenue through menu and service innovations, renegotiating vendor contracts, implementing cost-saving systems, and maintaining high standards in food safety and quality. She has managerial experience in the restaurant industry, notably managing a top-performing location, and has also worked as a Senior Tax Specialist, excelling in tax preparation, client service, and sales. She holds a Bachelor of Science in Business Management (Magna Cum Laude) from Saint Joseph University. Fluent in English, Arabic, and French, she is proficient in various software tools including Microsoft Office, QuickBooks, CRM systems, and digital marketing tools. She is a solutions-oriented leader with strong analytical skills, capable of managing P&L, fostering operational efficiency, and driving continuous improvement.",African_American,Female,Latonya,Williams,Democratic,0,No
561,INFORMATION-TECHNOLOGY,"Darnell Jackson is an experienced professional with over 10 years of expertise in administration, logistics, and supply chain management. He has a strong background in inventory control, shipping/receiving, customer service, and safety management, with extensive hands-on experience in logistics automation and data entry. Currently serving as a Material Logistics Specialist at American Airlines, he manages parts and equipment logistics, inventory accuracy, and record-keeping. His prior roles include equipment and supply supervision, airport catering management, and delivery operations at FedEx, as well as over 20 years of business administration and personnel supervision. Darnell holds a Bachelor of Science in Business Administration from California Coast University and certifications in Business Administration and Operations Management. He possesses skills in Microsoft Office, Sabre, inventory management, and workflow optimization, with additional honors including military awards. He is a US citizen with veterans' preference and can type over 40 words per minute.",African_American,Male,Darnell,Jackson,Democratic,0,No
562,INFORMATION-TECHNOLOGY,"Neil Ryan is a motivated professional with over 8 years of experience in customer service, administration, and AutoCAD design. He has strong skills in AutoCAD, Civil 3D, Revit, Adobe Illustrator, and 3Ds Max, along with excellent communication, problem-solving, and teamwork abilities. His work history includes roles in customer service, call center support, office assistance, and food service, demonstrating adaptability and a customer-focused approach. Neil holds an Associate Degree in Computer Drafting and Design and has additional training in pre-medicine. He is seeking a full-time position that offers new challenges and opportunities for growth, leveraging his technical skills and customer service expertise.",White,Male,Neil,Ryan,Democratic,0,No
563,INFORMATION-TECHNOLOGY,"Emily O’Brien is an experienced professional with over 1.5 years in the medical field and more than 6 years in customer service and sales. She holds an Associate of Applied Science degree in Medical Billing and Coding and a college certificate in Medical Office Support. Her technical skills include proficiency in Microsoft Office Suite, QuickBooks, Medisoft, Eyefinity OfficeMate, and Electronic Health Record software.

Her work experience spans administrative roles, medical assisting, sales, and management. Notable roles include administrative assistant responsibilities such as document creation, bookkeeping, payroll, and office management, as well as medical support tasks like patient scheduling and pre-examination testing. She has also demonstrated sales expertise through in-home demonstrations, trade shows, and retail positions, with strong customer service skills.

Emily is certified as a Paraoptometric and has completed safety training in HazCom, Bloodborne Pathogens, and Lifting. She is a versatile professional with a background in healthcare administration, customer service, and sales, seeking to contribute her skills to a dynamic team.",White,Female,Emily,O’Brien,Republican,0,No
564,INFORMATION-TECHNOLOGY,"Laurie Baker is an experienced culinary professional with over 30 years of expertise in food service management, culinary arts, and operations. She specializes in developing healthy, clean cooking techniques, managing large-scale operations, and improving profitability through cost control and strategic planning. Laurie has a strong track record of increasing sales, reducing food costs, and mentoring staff. Her leadership roles include Executive Chef, Food Service Director, and Owner/President of a catering and café business. She holds an Associate of Arts in Culinary Arts, multiple certifications (ServSafe, Sanitation, Cost Control, etc.), and is a member of the American Culinary Federation. Laurie is skilled in staff management, vendor negotiations, budgeting, and ensuring compliance with health and safety regulations.",White,Female,Laurie,Baker,Republican,0,No
565,INFORMATION-TECHNOLOGY,"Summary of Tanisha Jackson's Resume:

Tanisha Jackson is an experienced professional with a strong background in healthcare administration, community relations, sales, and marketing. She has held leadership roles such as Health Care Administrator, Executive Director, and Community Relations Director, consistently achieving occupancy and revenue growth through innovative marketing strategies and relationship building with healthcare professionals. She is also a licensed insurance agent with expertise in property, casualty, life, and health insurance, and has extensive experience in customer service, sales, and training.

Her skills include developing training programs, customer service excellence, event planning, marketing, and team leadership. She has a proven track record of creating and implementing successful outreach and sales initiatives, managing large teams, and fostering long-term client relationships.

Additional experience includes entrepreneurial ventures such as a franchise consulting business and a personal catering business specializing in event planning and cake decorating classes. She holds a Bachelor of Science degree in Risk and Benefits Management from the University of Alabama.

Key strengths:
- Healthcare and community relations
- Sales and marketing strategy development
- Customer service and training
- Leadership and team development
- Event planning and creative outreach
- Insurance licensing and sales

Tanisha is passionate about creating memorable events and enjoys camping, kayaking, and traveling in her personal time.",African_American,Female,Tanisha,Jackson,Democratic,0,No
566,INFORMATION-TECHNOLOGY,"Keisha Robinson is a seasoned marketing professional with 20 years of experience across food manufacturing, CPG, furniture, and construction industries. She specializes in project management, marketing communications, product development, and category management. Keisha has a proven track record of driving sales growth, launching new products, and optimizing marketing strategies.

Key Highlights:
- Achieved 17% annual sales growth and improved margins in power tool accessories.
- Led successful product redesigns, category expansions, and social media growth (from 500 to 30,000 Facebook fans).
- Managed product lines worth over $33 million, developing 80 SKUs and overseeing 600 existing SKUs.
- Developed and launched multiple new products, generating significant incremental sales.
- Extensive experience in market analysis, strategic planning, and cross-functional team leadership.
- Held senior roles including Category Brand Manager, Product Manager, and Marketing Manager for major brands like Fisher Nuts.
- Skilled in data analytics, website management, promotional campaigns, and resource conservation initiatives.
- Education includes Six Sigma Green Belt, graduate coursework in marketing, and a degree in Organizational/Corporate Communications.

Technical Skills:
- Microsoft Office Suite, SharePoint, Microsoft Dynamics, PowerPoint, Excel, Word, Access, Project
- Social media marketing, Nielsen data analysis, technical writing, project management

Keisha is an effective problem-solver with a creative and analytical approach, ready to contribute strategic marketing expertise and leadership to new opportunities.",African_American,Female,Keisha,Robinson,Republican,0,No
567,INFORMATION-TECHNOLOGY,"Jermaine Washington is a dependable and energetic housekeeper with extensive experience in private home cleaning and caregiving since 2012. She specializes in general housekeeping tasks such as kitchen and bathroom cleaning, dusting, vacuuming, mopping, laundry, ironing, organizing, and pet cleanup. Jermaine has built strong trust with clients across Florida, earning repeat business and referrals through her thoroughness, reliability, and positive attitude. She also has experience as a breakfast chef and owner/chef of a diner, demonstrating culinary skills and management abilities. She is highly organized, customer-oriented, and self-directed, with excellent time management and decision-making skills. Jermaine holds a high school diploma and values kindness, dedication, and continuous learning. She is currently based in Lake Worth, Florida, and is seeking opportunities to bring her strong work ethic and caring nature to a new role.",African_American,Male,Jermaine,Washington,Republican,0,No
568,INFORMATION-TECHNOLOGY,"Meredith Baker is a dedicated culinary and food service professional with extensive experience in high-volume and high-end hospitality settings. She holds certifications as an Executive Chef, in Nutrition, Human Resource Management, and Professional Cooking Theories, and is a member of the American Culinary Federation. 

Her career highlights include current role as an Account Director overseeing food service operations, client relations, budgeting, sanitation, and HR management. Previously, she served as an Executive Chef managing culinary operations, menu development, inventory, and team supervision in retirement communities and catering environments. She has also held roles as Executive Sous Chef, Sous Chef, and Line Chef in hospitals, fine dining restaurants, and catering establishments, demonstrating expertise in food preparation, sanitation, staff training, and cost control.

Key skills include coaching, cost control, HR management, inventory control, menu development, safety compliance, and team leadership. She holds a Culinary Arts diploma from the Culinary Academy of South Dakota. Meredith is well-equipped to deliver excellent guest service, maintain operational standards, and support culinary teams in diverse settings.",White,Female,Meredith,Baker,Democratic,0,No
569,INFORMATION-TECHNOLOGY,"Tanisha Washington is an experienced culinary professional with over 15 years of high-pressure kitchen experience and 6 years as a chef and restaurant owner. She specializes in menu development, large-volume food preparation, and techniques such as sous vide and butchery. Her background includes managing restaurant operations, supervising staff, and ensuring food safety and quality standards. She is ServSafe certified, skilled in inventory management, portion and cost control, and has a strong focus on customer service. Tanisha holds an Associate of Occupational Science from Le Cordon Bleu and has additional certifications in ServSafe and allergens. She is seeking a challenging role in culinary management to leverage her leadership, culinary expertise, and operational skills.",African_American,Female,Tanisha,Washington,Democratic,0,No
570,INFORMATION-TECHNOLOGY,"Brad Murphy is a highly experienced administrative professional with a strong background in education, office support, and customer service. He holds a Master’s in Elementary Education and a Bachelor’s in Business Management, complemented by extensive skills in Microsoft Office, proofreading, and organization. Brad has over a decade of teaching experience, including lesson planning, differentiated instruction, and student engagement, earning recognition such as the Boys & Girls Club of Nashua’s 2014-2015 “Of the Year” Award. His prior roles include literacy and math interventionist, substitute teacher, and various administrative positions, demonstrating versatility and a results-oriented approach. Brad also has entrepreneurial experience as a director of a home-based sales business and technical skills in accounting and secretarial tasks. He is a lifelong learner with strong interpersonal skills, adaptable to new environments, and capable of supporting diverse client and student populations.",White,Male,Brad,Murphy,Democratic,0,No
571,INFORMATION-TECHNOLOGY,"Laurie McCarthy is a versatile professional with extensive experience in management, relationship building, human resources, project coordination, and event planning. She has a strong background in operations management, process development, client and relationship management, and team training. Her accomplishments include being named Employee of the Year for exceptional performance during a business crisis and achieving high sales as a Pampered Chef consultant.

Her work history spans roles such as substitute para-professional, founder and creative director of a photography business, project manager supporting investment advisory compliance, private family caregiver, manufacturer’s representative, kitchen consultant, and business development manager. Laurie has also held roles in customer relations, sales administration, and international business development.

She holds a Certificate in Human Resources Management from Bryant University and has completed coursework in marketing, management, and communications. Her skills include relationship and HR management, project planning, event coordination, client relations, marketing, and computer proficiency.

Laurie is seeking a challenging administrative role in a dynamic environment where her management, organizational, and interpersonal skills can contribute to organizational success.",White,Female,Laurie,McCarthy,Democratic,0,No
572,INFORMATION-TECHNOLOGY,"Tyrone Williams is an experienced culinary professional with extensive leadership in fine dining, catering, and corporate food service. He holds certifications including ServSafe Food and Liquor Management, and a Florida State Gaming License. His career highlights include serving as Executive Chef-Partner, managing a $1.5M annual operation, reducing food costs, and implementing sanitation and portion control systems. He has held senior roles such as Catering Manager, Executive Chef, and Buffet Chef, overseeing large teams and high-volume operations, with a strong focus on cost control, menu development, and event planning. Tyrone has entrepreneurial experience as the former owner of a gourmet catering and yacht provisioning business, with notable clients and event success. His education includes an Associate of Science in Culinary Arts from The Culinary Institute of America. Skilled in POS systems, Microsoft Office, and restaurant management software, he demonstrates excellent communication, multitasking, and decision-making abilities, committed to delivering exceptional food and guest experiences.",African_American,Male,Tyrone,Williams,Democratic,0,No
573,INFORMATION-TECHNOLOGY,"Keisha Jackson is an experienced culinary professional with 12 years of expertise in high-volume restaurant environments. She has held roles including line cook, expediter, kitchen manager, and sous chef, demonstrating strong leadership, food preparation skills, and operational management. Keisha excels in maintaining quality, portion control, cost efficiency, and sanitation standards. She is bilingual and skilled in staff coaching, inventory management, and customer interaction. Her education includes coursework in culinary, hospitality, and restaurant management, complemented by a Culinary Arts Certificate. Keisha is a disciplined, energetic team leader with a passion for food and a proven track record of enhancing kitchen performance and customer satisfaction.",African_American,Female,Keisha,Jackson,Democratic,0,No
574,INFORMATION-TECHNOLOGY,"Latoya Washington is a highly experienced accountant with over 15 years of expertise in governmental and corporate accounting. Currently employed with the City of Alexandria, she specializes in financial statement preparation, general ledger management, bank reconciliations, accounts payable and receivable, fixed assets, and audit procedures. She has a strong background in public sector finance, including managing vendor accounts, asset tagging, and collaborating with agencies like GOHSEP for reimbursements. Latoya is proficient in various accounting software such as QuickBooks, Asset Keeper Pro, and HOST, and possesses advanced skills in financial analysis, tax preparation, and system improvements. She holds a Bachelor's degree in Accounting from Northwestern State University, graduated Magna Cum Laude, and is a CPAExcel Scholar. Her professional approach is responsible, detail-oriented, and adaptable, making her a valuable asset for financial management roles.",African_American,Female,Latoya,Washington,Republican,0,No
575,INFORMATION-TECHNOLOGY,"Jamal Washington is an experienced and innovative Accountant with a strong background in school fund accounting, general ledger reconciliation, and budget analysis. He holds a BBA in Accountancy from Western Michigan University and has achieved CFO certification through the Michigan School Business Officials. Currently, he manages all general ledger duties, bank reconciliations, cash flow projections, and governmental reporting for a school district. His previous roles include staff accountant responsibilities in multiple school districts, focusing on accounts payable, purchase orders, and financial reporting. Jamal is skilled in financial data analysis, process improvement, and staff training, with advanced computer skills and a proven track record of operational efficiency and fiscal stability.",African_American,Male,Jamal,Washington,Democratic,0,No
576,INFORMATION-TECHNOLOGY,"Emily Baker is an experienced accountant with a strong background in financial reporting, analysis, and systems. She has over 9 years of professional experience, primarily in research, healthcare, and corporate finance environments. Emily is proficient in Microsoft Office (Excel, Word, PowerPoint, Outlook, Access), with advanced skills in macros, report automation, and data manipulation. She is familiar with SAP, PeopleSoft, and SQL for financial reporting and query management.

Her key achievements include developing macro-enabled reconciliation templates that increased efficiency and reduced errors. She has extensive experience preparing financial reports, reconciling accounts, monitoring departmental transactions, and ensuring compliance with GAAP, internal controls, and institutional policies. Emily has also provided training to staff and faculty on financial procedures and internal controls.

Educationally, she holds a Master’s in Accounting and a BBA in Accounting from Prairie View A&M University. She is a CPA candidate and actively involved in professional organizations such as the National Association of Black Accountants and the Texas Society of CPAs.

Core skills include financial analysis, account reconciliation, budgeting, financial reporting, internal controls, and system navigation. Emily is well-equipped to support financial operations, compliance, and process improvements in a variety of organizational settings.",White,Female,Emily,Baker,Republican,0,No
577,INFORMATION-TECHNOLOGY,"Kareem Jones is an experienced medical coding and administrative professional with expertise in inpatient and outpatient records coding, including ICD-9, ICD-10, and CPT/HCPCS. He has a strong background in medical billing, insurance claims, and compliance, with familiarity across commercial, private, Medicare, and Medicaid carriers. Kareem holds a Bachelor’s degree in Accounting from the University of Hartford (Summa Cum Laude) and has worked in roles such as Medicare Compliance Coder, Patient Financial Representative, and Accountant. His skills include claim submission, payment posting, HIPAA compliance, medical terminology, and proficiency with EMR and billing software. He seeks a position with increased responsibility in inpatient records coding or medical billing.",African_American,Male,Kareem,Jones,Democratic,0,No
578,INFORMATION-TECHNOLOGY,"Jamal Jones is an experienced accountant with over 15 years of expertise in financial management, accounting, and reporting. He has worked in various organizations, handling responsibilities such as preparing financial statements, bank reconciliations, cost analysis, budget preparation, inventory control, and tax documentation. Jamal is proficient in multiple accounting software (Oracle, Tally, Developer 2000), MS Office, and multimedia tools. He holds an MBA in Finance from Vidyasagar University and a Bachelor's degree from Mohan Lal Sukhadia University. His skills include financial analysis, auditing, payroll, and financial reporting. Jamal is adaptable, detail-oriented, and committed to organizational financial health, seeking a challenging role to further utilize and develop his expertise.",African_American,Male,Jamal,Jones,Democratic,0,No
579,INFORMATION-TECHNOLOGY,"Jill Sullivan is an experienced professional with a strong background in accounting and software development. She has over three years of accounting experience, including tax preparation, planning, and financial reporting, and extensive expertise in software programming and system management, particularly on IBM System i (AS/400) platforms. Her technical skills include COBOL, CL, and database management, with notable accomplishments in automating processes, developing financial applications, and supporting system upgrades. Jill is detail-oriented, results-driven, and proficient in MS Office, with a proven ability to work independently and collaboratively. She holds a Bachelor of Arts in Accounting, Mathematics, and Computer Science from the University of Northern Iowa and passed the CPA exam in Iowa. Her combined accounting and IT expertise make her a valuable candidate for roles requiring financial acumen and technical proficiency.",White,Female,Jill,Sullivan,Democratic,0,No
580,INFORMATION-TECHNOLOGY,"Meredith McCarthy is an experienced accounting and operations professional with a strong background in financial management, team leadership, and customer relations. She has over a decade of experience in accounting roles, including her current position as an Accountant managing six companies, where she handles payroll, reconciliations, financial reporting, and cost analysis. Previously, she served as Director of Finance & Accounts, overseeing banking, accounts payable/receivable, and payroll for a larger organization. 

In addition to her accounting expertise, Meredith has extensive experience in franchise operations, training, and management, including roles as a Franchisee, General Manager, and Operations & Training Consultant. She has a proven track record of improving operational efficiency, managing staff, and driving revenue growth. 

Her background also includes patient service and administrative roles in healthcare, emphasizing her strong interpersonal and organizational skills. She holds a Bachelor of Science in Accounting from Strayer University. 

Key skills include financial analysis, team leadership, operational management, customer relations, and process improvement.",White,Female,Meredith,McCarthy,Republican,0,No
581,INFORMATION-TECHNOLOGY,"Latoya Robinson is an experienced accountant with over 8 years of expertise in profit, non-profit, and NGO sectors. She has strong knowledge of GAAP, GASB, and IFRS, and is proficient in accounting software such as QuickBooks, Sun System, Peachtree, and Sage. Her core skills include general ledger management, financial reconciliation, reporting, audit support, budgeting, grants management, and contract oversight. She has held roles from Accountant to Finance Manager, overseeing financial operations, grant projects, and staff supervision. Latoya holds an MBA in Business Administration and a B.A. in Accounting. Her technical skills encompass advanced Excel, Microsoft Access, and various financial systems, complemented by her ability to prepare financial statements, manage budgets, and ensure compliance with organizational policies.",African_American,Female,Latoya,Robinson,Democratic,0,No
582,INFORMATION-TECHNOLOGY,"Brendan Baker is a seasoned Financial Accountant with over 3 years of experience in financial planning, reporting, and analysis across private and public sectors. He has a strong background in managing multiple projects, ensuring accurate financial statements, and implementing accounting systems. Brendan is proficient in various accounting software (SAP Fico, SAP BPC, Hyperion, AS 400, Acc Pac, iScala) and advanced Microsoft Office tools. His expertise includes financial statement analysis, budget forecasting, account reconciliation, and tax compliance, including GST implementation.

His professional experience includes roles as an Accountant at a financial services firm, where he handled financial reporting, audits, and treasury functions, and as Assistant Finance Manager at a manufacturing and trading company, overseeing consolidation, budgeting, and system implementation. Brendan has also worked as an Accounts Executive, managing full-cycle accounting tasks.

He holds a Bachelor of Science in Finance from Oklahoma State University and a Diploma in Banking from Mara Institute of Technology. Fluent in English and Bahasa Malaysia, he is detail-oriented, a fast learner, and possesses leadership qualities. His expected salary is MYR 7,000, and he is seeking opportunities in Selangor.",White,Male,Brendan,Baker,Republican,0,No
583,INFORMATION-TECHNOLOGY,"Tyrone Washington is a highly experienced Financial Accountant with a strong background in financial planning, reporting, and analysis within the Department of Defense. He has expertise in account reconciliations, ERP systems (notably DEAMS), and financial system analysis. Notable accomplishments include resolving $360B in General Ledger postings for FY2012 and developing tools that identified over $5M in duplicate obligations, facilitating successful fiscal year-end closes.

His professional experience spans roles such as Accountant at the Defense Enterprise Accounting and Management System Office, Resource Advisor managing a $4.6M budget, and senior positions in Accounts Payable and Accounts Control at HQ USAFE. He has demonstrated leadership in process improvement, system testing, financial oversight, and staff supervision, often reducing errors and streamlining operations.

Tyrone holds an Associate degree in Accounting with a GPA of 3.41, and has completed relevant military and professional training, including the Certified Defense Financial Manager (CDFM) certification. His skills include accounting, financial analysis, program management, and system automation. He is a results-oriented professional with a proven track record of supporting large-scale financial operations and system deployments in military environments.",African_American,Male,Tyrone,Washington,Republican,0,No
584,INFORMATION-TECHNOLOGY,"Jamal Williams is a highly experienced accountant with 35 years of expertise across diverse industries including public accounting, petrochemical, oil and gas, manufacturing, healthcare, and equestrian farms. He specializes in month-end closing, financial analysis, budgeting, fixed assets, cost reduction, and working with auditors. Jamal is a SAP Power User and has extensive proficiency with various accounting software such as Oracle, Lawson, Great Plains, QuickBooks, and others.

Key achievements include successfully protesting property taxes to save over $200K annually, leading the implementation of PB Views for cost centers, and contributing to budget planning and process reviews. His experience encompasses balance sheet reconciliations, inventory and fixed asset management, and due diligence for acquisitions.

Jamal holds an Associate of Arts in Accounting Technology with honors and is pursuing a Bachelor of Arts in Supply Chain Management. His skills include advanced proficiency in SAP modules, Oracle, COGNOS, and MS Office Suite. He is a dedicated professional with a strong track record of process improvement, cost savings, and compliance.",African_American,Male,Jamal,Williams,Republican,0,No
585,INFORMATION-TECHNOLOGY,"Brendan Baker is an experienced professional with a strong background in accounting, operations, and management. He holds a Master of Arts in Christian Education, a Bachelor of Arts in Economics, and an Associates in Accounting, and is a CPA-certified accountant. His key skills include accounting, financial management, payroll, inventory control, project management, staff supervision, and public relations.

His work history features roles such as Accountant, Business Manager, District Administrative Manager, Staffing Manager, and Accounting Software Consultant, demonstrating expertise in financial reporting, budgeting, compliance, and operational oversight. Brendan has managed large-scale partnerships, government contracts, and food safety programs, with notable accomplishments in process improvements and team leadership.

He has served on the Board of Directors for the Food Bank of Corpus Christi and possesses certifications in CPA and life insurance licensing. Brendan’s soft skills include public speaking, team building, and interfacing with professionals at all levels, making him a versatile candidate for roles requiring financial expertise and leadership.",White,Male,Brendan,Baker,Democratic,0,No
586,INFORMATION-TECHNOLOGY,"Kenya Jackson is a highly experienced bookkeeper and office manager with over 20 years of expertise in financial record keeping, payroll processing, tax preparation, and office administration. She has extensive proficiency in accounting software such as QuickBooks, Peachtree, Timberline, and AS400, and is skilled in preparing financial statements, bank reconciliations, job costing, and tax returns for various clients, including non-profits, construction firms, and hospitality businesses. Kenya holds an A.A. in Business Management-Accounting with a high GPA and a diploma in Bookkeeping and Office Administration. She is certified as a CPA and possesses strong skills in payroll, general ledger management, reconciliations, and financial reporting. Her background includes roles as an accountant, office manager, assistant controller, and secretary, demonstrating her versatility and commitment to accuracy and professional growth.",African_American,Female,Kenya,Jackson,Democratic,0,No
587,INFORMATION-TECHNOLOGY,"Kenya Jackson is an experienced accountant with a strong background in financial management, tax administration, and government collections. She has over a decade of expertise handling invoicing, receivables, credit management, bank reconciliations, and payroll support for companies with multi-million dollar sales. Her skills include proficiency in NetSuite, QuickBooks, Excel, PowerPoint, MAS 90, and Oracle. Kenya has managed complex sales and use tax filings across multiple states and has experience in accounts payable, receivable, and financial reporting. She has a proven track record in government collections, including SBA loans and debt recovery from federal agencies. She holds a BA in Real Estate & Finance from the University of Northern Iowa and an AAS in Applied Arts from Hawkeye Community College. Kenya is a detail-oriented professional with leadership experience in team management and policy development, making her well-suited for roles in accounting, tax administration, and financial operations.",African_American,Female,Kenya,Jackson,Republican,0,No
588,INFORMATION-TECHNOLOGY,"Ebony Jones is a self-motivated accountant with extensive experience in bookkeeping, accounts receivable, and clerical tasks. She has a strong work ethic, attention to detail, and proficiency in sales, public relations, and desktop publishing software. Her professional background includes over a decade of accounting work, with responsibilities such as accounts receivable reporting, reconciliation, and client engagement. She also has experience in customer service and store management, demonstrating leadership, team management, and problem-solving skills. Ebony holds a Bachelor of Science in Accounting from Kaplan University.",African_American,Female,Ebony,Jones,Republican,0,No
589,INFORMATION-TECHNOLOGY,"Kenya Robinson is a degreed accountant with over 10 years of diverse experience in accounting and tax preparation. She has expertise in preparing federal and corporate tax returns, bookkeeping, financial statement analysis, and managing accounting departments. Her technical skills include proficiency in accounting software (PeopleSoft, QuickBooks), tax software (Drake, Ultra Tax, TurboTax), and Microsoft Office Suite. Kenya has held roles such as Accountant, Tax Accountant, and Accounting Manager, demonstrating strong management, analytical, and communication skills. She holds a Bachelor's degree in Accounting from the University of Houston, graduating Cum Laude. She is detail-oriented, deadline-focused, and a quick learner, seeking a position in a well-established Houston-based company.",African_American,Female,Kenya,Robinson,Democratic,0,No
590,INFORMATION-TECHNOLOGY,"Tremayne Jones is a bilingual (English/Spanish) accounting professional with extensive experience in general ledger management, financial reporting, reconciliation, and automated systems. He holds a CPA license in Florida and has a strong educational background with a Master's in Accounting and a Bachelor's in Business Administration. His skills include proficiency in Microsoft Office, QuickBooks, tax software, and system development.

Key Highlights:
- Over 20 years of accounting experience, including roles as Accountant, Senior Accountant, Bookkeeper, and Systems Development Analyst.
- Expertise in financial reconciliation, internal controls, month-end and year-end closing, and standardizing reporting procedures.
- Past experience in public accounting, auditing, and project management for banking and corporate systems.
- Demonstrated leadership in process improvement, training, and developing operational procedures.
- Community involvement as a church director, developing programs and volunteer coordination.

This summary emphasizes his technical skills, leadership in reconciliation and system projects, and his bilingual communication abilities, making him a strong candidate for senior accounting or financial management roles.",African_American,Male,Tremayne,Jones,Republican,0,No
591,INFORMATION-TECHNOLOGY,"Greg Murphy is an experienced accountant with over 11 years of expertise in financial management, reconciliation, accounts payable/receivable, and compliance. He has a strong background in using accounting systems such as Great Plains, QuickBooks, and Peachtree. Greg has provided training and instruction on accounting principles, managed trust and foreclosure accounts, and performed detailed financial analysis and reporting. His education includes a BS in Business Administration, an AA in Accounting, and ongoing MS studies in Accounting with a GPA of 4.0. He has completed extensive coursework in accounting, taxation, and information systems. Key skills include financial reconciliation, payroll processing, vendor management, and financial reporting. Greg is proficient in MS Office applications and has a solid understanding of legal and ethical issues in accounting.",White,Male,Greg,Murphy,Republican,0,No
592,INFORMATION-TECHNOLOGY,"Tanisha Robinson is an experienced accounting professional and educator with a strong background in financial management, auditing, vendor relations, and data analysis. She has over a decade of experience as an accountant, including responsibilities such as bank reconciliations, month-end reporting, inventory auditing, and vendor selection. She also has expertise in procurement, logistics, and cross-functional sourcing initiatives, with experience managing high-priority accounts and transitioning systems from legacy platforms to SAP.

In addition to her accounting skills, Tanisha has worked as a QA/Mobile Software Tester, focusing on accounting software quality assurance, bug reporting, and test plan development. She is fluent in French and holds a Certified Nonprofit Accounting Professional (CNAP) credential. Her educational background includes an MBA in Accounting, a Bachelor’s in Business Economics and International Business, and specialized training in Fraud and Forensic Accounting.

She is highly proficient in Microsoft Office Suite, QuickBooks, SAP, SQL, AS400, and Access, with strong data analysis and database management skills. Tanisha is personable, driven to inspire students, and committed to achieving personal and academic success.",African_American,Female,Tanisha,Robinson,Democratic,0,No
593,INFORMATION-TECHNOLOGY,"Allison Sullivan is an experienced finance and management professional with a strong background in accounting, financial analysis, and operational leadership across diverse industries including distribution, hospitality, and services. She has over 15 years of expertise in financial reporting, budgeting, cash management, and internal controls, with proficiency in SAP FICO, QuickBooks, Peachtree, Oracle, ADP Payroll, and Microsoft Office. Allison has held roles such as Accountant, Financial Analyst, Accounting Specialist, Title Specialist, and General Manager, demonstrating her ability to manage financial functions, lead teams, and optimize business performance. She holds an MBA in Accountancy and a Bachelor's in Hotel Management, complemented by skills in cost control, business development, and strategic planning. Allison is adept at building relationships, training staff, and implementing systems to improve efficiency and profitability.",White,Female,Allison,Sullivan,Democratic,0,No
594,INFORMATION-TECHNOLOGY,"Hakim Washington is a detail-oriented and efficient accountant with extensive experience in financial analysis, reconciliation, fixed assets management, and process improvement. He holds a Bachelor of Science in Accounting and Information Management and a Bachelor of Arts in Psychology from the University of Texas at Dallas. Skilled in financial modeling, variance analysis, cash forecasting, and inventory accounting, Hakim is proficient with various accounting software including Netsuite, QuickBooks, Cognos, JDEdwards, and Hyperion Essbase. 

His professional background includes over 15 years of experience in accounting roles, managing financial statements, bank reconciliations, fixed assets, and audit support. Notable achievements include reducing monthly and quarterly closing times by 25% and streamlining accounting procedures. Hakim demonstrates strong analytical reasoning, time management, and research skills, making him a valuable team player and a dedicated professional in fast-paced environments.",African_American,Male,Hakim,Washington,Democratic,0,No
595,INFORMATION-TECHNOLOGY,"Tanisha Washington is an experienced accountant with a strong background in corporate and small to midsized business accounting, tax preparation, and financial analysis. She is proficient in MS Office, SAP R/3, QuickBooks, Lacerte, Prosystems, and Tax Base software. Her expertise includes accounts payable and receivable, bank reconciliation, financial statement preparation, tax reporting and filing, payroll processing, and management of accounting processes. She has led month-end and year-end closing, prepared federal and multi-state tax returns, and managed client relations.

Her professional experience spans over a decade, including roles as an Accountant, SAP Consultant, Financial Analyst, and team leader in finance departments. She has worked with diverse clients across the USA and India, handling audits, valuations, mergers, and compliance with regulatory standards.

Educationally, she is pursuing CPA certification in Boston and holds a Law degree (LLB) and a Company Secretary qualification from India, along with a Bachelor's in Commerce. Her skills include accounting, auditing, financial reporting, team leadership, and client management, making her well-equipped for accounting roles in various industries.",African_American,Female,Tanisha,Washington,Democratic,0,No
596,INFORMATION-TECHNOLOGY,"Allison Murphy is an experienced accounting and finance professional with over 18 years of expertise. Her background includes audit, financial analysis, bank reconciliations, accounts payable/receivable, financial statement preparation, month-end and year-end closing, budgeting, and client management. She has held roles such as Accountant, Accounting Manager, and Finance Manager, managing multiple clients and teams, overseeing complex accounting processes, and supporting tax and regulatory compliance.

She is proficient in advanced Excel, QuickBooks, proprietary accounting software, and has strong communication skills in English, Arabic, and Swedish. Allison holds a Master in Accountancy from Walsh College, a Bachelor of Accountancy from Al Turath University, and additional certifications in Business Administration. Her skills encompass financial reporting, reconciliation, budgeting, supervision, and process improvement, making her a versatile candidate for accounting and finance roles.",White,Female,Allison,Murphy,Democratic,0,No
597,INFORMATION-TECHNOLOGY,"Sarah Murphy is a highly experienced and adaptable staff accountant with over 10 years of expertise in accounting and financial management. She specializes in fixed asset management, month-end close processes, financial reporting, and audit support. Proficient in various accounting software including JD Edwards, SAP, QuickBooks, and SAGE, she demonstrates strong skills in Excel (pivot tables, macros, v-lookups), ERP systems, and financial analysis. Sarah holds an MBA in Accounting from Keller Graduate School of Management and a Bachelor's in Technical Management Accounting from DeVry University. She is organized, detail-oriented, and excels in communication, making her a valuable asset for roles requiring financial oversight, reporting, and process improvement.",White,Female,Sarah,Murphy,Republican,0,No
598,INFORMATION-TECHNOLOGY,"Darnell Washington is an experienced professional with a strong background in program and project management, instructional design, and accounting. He has over 28 years of leadership in managing training initiatives, developing curricula, and improving financial and operational processes. His key achievements include designing global training programs, leading system upgrades (PeopleSoft HRMS), and implementing software solutions that enhanced billing and reporting efficiency. Darnell has expertise in client relations, change management, and staff development, with a proven ability to coordinate international training efforts and analyze program effectiveness. He holds a Master’s in Education with a focus on online learning and a Bachelor’s in Accounting and Business Administration. Skilled in Microsoft Office, PeopleSoft, and various training tools, he is a member of PMI and the Association for Talent Development.",African_American,Male,Darnell,Washington,Republican,0,No
599,INFORMATION-TECHNOLOGY,"Tyrone Jones is a highly experienced Certified Accountant with over 10 years of expertise in financial statement analysis, tax preparation, and revenue enhancement. With more than 20 years of work history, he has held key roles including Commissioner and Deputy Commissioner of Taxes, managing large teams and implementing policies that increased tax revenue and improved compliance. His skills encompass management, taxation, audit, and financial reporting, with proficiency in QuickBooks and Microsoft Office. Tyrone has a strong background in setting up tax units, developing enforcement processes, and leading initiatives that boosted revenue collection and customer relations. He holds multiple management and taxation certifications from reputable UK and Jamaican institutions, and is affiliated with professional accounting bodies. His leadership, strategic planning, and problem-solving abilities make him a valuable candidate for senior financial and tax management roles.",African_American,Male,Tyrone,Jones,Republican,0,No
600,INFORMATION-TECHNOLOGY,"Kenya Jones is a self-motivated accountant with extensive experience in auditing, finance, and account management. She has a proven track record of improving processes, achieving high audit scores, and advancing quickly in her roles. Her expertise includes financial statement analysis, general ledger accounting, risk management, and portfolio management. Kenya is proficient in Microsoft Office, especially Excel, and has experience with SAP, QuickBooks, and other financial systems. Her career spans roles such as Accountant, Accounting Coordinator, Auditor, Claims Reviewer, Payment Analyst, and Trust Control Reconciliation Specialist. She holds an BS in General Studies, along with certificates in Accounting and Payroll. Kenya demonstrates strong problem-solving, communication, leadership, and customer relations skills, making her a valuable candidate for finance and accounting positions.",African_American,Female,Kenya,Jones,Republican,0,No
601,INFORMATION-TECHNOLOGY,"Ebony Williams is an experienced accountant with a strong background in financial management, tax compliance, and accounting software. She has over 7 years of professional accounting experience, including managing cash and accrual accounting, financial statement analysis, bank reconciliations, and tax filings for federal and state taxes. Ebony is proficient in QuickBooks, Sage, Lacerte, Intuit ProSeries, and Microsoft Office Suite (advanced Word, Excel with formulas, Vlookups, PivotTables, Access, PowerPoint). She holds a Master’s in Taxation (currently pursuing) and a Bachelor’s in Accounting. Her previous roles include accounting assistant, retail merchandiser, and restaurant operations manager, demonstrating versatility and leadership. She is also certified by the IRS VITA/TCE program and has skills in financial analysis, forecasting, and compliance with GAAP, FASB, SOX, and GAAS standards. Ebony’s background combines technical accounting expertise with strong operational and customer service skills, making her well-suited for roles in accounting, finance, and tax compliance.",African_American,Female,Ebony,Williams,Democratic,0,No
602,INFORMATION-TECHNOLOGY,"Allison Sullivan is an experienced accounting professional with a Master's degree in Accounting from Texas A&M Commerce and a Bachelor's degree in Business Administration with a focus on Accounting from Baylor University. She has over two years of hands-on experience in accounting, including bank reconciliations, accounts payable, payroll processing, general ledger management, and year-end closing procedures. Allison is proficient in Excel and accounting systems, with skills in preparing tax documents and supporting audits. She has also held roles as an office assistant and golf club attendant, demonstrating versatility and strong organizational skills. Her academic achievements include a President's Gold Scholarship and active participation in community service and mission trips.",White,Female,Allison,Sullivan,Republican,0,No
603,INFORMATION-TECHNOLOGY,"Jermaine Jackson is an experienced accounting professional with 20 years of expertise in inventory and manufacturing accounting. He has a strong background in general ledger management, financial reporting, process improvements, and inventory control across multiple warehouses and subsidiaries. Jermaine is proficient in various software including Microsoft Office, SAGE 100, Ramp (WMS), Syspro (ERP), and ADP. His key skills include financial analysis, reconciliations, budget management, inventory reconciliation, and vendor negotiations. He has held roles such as Accountant, Inventory Control Manager, and Accounting Manager, demonstrating leadership in system implementations, process streamlining, and cross-department collaboration. Jermaine holds a B.S. in Business Administration with a focus on Accounting from Montclair State College.",African_American,Male,Jermaine,Jackson,Republican,0,No
604,INFORMATION-TECHNOLOGY,"Summary:
Experienced CPA and accountant with over 10 years of expertise in corporate and small business accounting, tax preparation, and financial reporting. Skilled in general ledger management, accounts receivable/payable, month-end close, and SEC reporting. Holds a Master's in Business Administration with a focus on Accounting, CPA license, and proficiency in accounting systems, ERP, and Microsoft Office. Reliable team player with strong attention to detail, dedicated to delivering accurate financial insights and compliance. Active in community service through Boy Scouts of America.",White,Female,Allison,Kelly,Democratic,0,No
605,INFORMATION-TECHNOLOGY,"Leroy Robinson is an experienced finance professional with a strong background in accounting, financial analysis, and system reconciliation. He has over a decade of expertise in financial reporting, modeling, and process improvement, with current role as an Accountant since 2014. Leroy has led initiatives to enhance productivity, including developing reconciliation systems and implementing quality control measures, resulting in significant efficiency gains. He is proficient in Microsoft Office (Excel, Word, PowerPoint, Outlook, Access), SAP, PeopleSoft, and other financial systems, with intermediate skills in macros, V-lookups, and report generation. Leroy holds a Master’s in Accounting and a BBA in Accounting from Prairie View A&M University, and is a CPA candidate. His professional affiliations include the National Association of Black Accountants and Beta Gamma Sigma. Leroy’s key strengths include financial analysis, system reconciliation, internal controls, and compliance with GAAP and Sarbanes-Oxley standards.",African_American,Male,Leroy,Robinson,Democratic,0,No
606,INFORMATION-TECHNOLOGY,"Anne McCarthy is a dedicated and professional accountant with extensive experience in medical billing, accounting, and office management. She specializes in financial reporting, account reconciliation, and billing, with proficiency in QuickBooks, MS Access, and Excel. Her background includes managing general ledger integrity, financial statement preparation, internal audits, payroll for over 100 employees, and supervising medical collections teams. Anne holds a Bachelor of Science in Accounting from the University of Phoenix and is a Certified Medical Billing/Coding Specialist. She is skilled in CMS-1500 billing, HIPAA compliance, ICD-9CM coding, and medical bill auditing. Known for strong communication, attention to detail, and process improvement, she is seeking a role to develop and excel professionally.",White,Female,Anne,McCarthy,Democratic,0,No
607,INFORMATION-TECHNOLOGY,"Jermaine Robinson is a results-driven bilingual accountant with over four years of experience in managing full accounting cycles, financial reporting, and team supervision. Skilled in account reconciliation, general ledger, financial analysis, budgeting, payroll, taxes, and audit coordination. Proven ability to handle multiple projects, meet deadlines, and improve financial processes. Holds an MBA in Accounting and Finance, with additional certifications in tax preparation and accounting software. Proficient in Microsoft Office, QuickBooks, ADP, and other accounting tools. Experienced in overseeing accounting operations, preparing tax returns, and supporting audit processes. Strong communicator with excellent analytical and organizational skills, capable of working effectively across organizational levels.",African_American,Male,Jermaine,Robinson,Republican,0,No
608,INFORMATION-TECHNOLOGY,"Darnell Jones is an experienced accountant with a strong background in financial management, reporting, and process improvements. He has over 20 years of diverse accounting experience across industries such as telecommunications, real estate, property management, and construction. His core skills include financial statement preparation, variance analysis, account reconciliation, budgeting, audit coordination, and system upgrades. Darnell is proficient in accounting software including Timberline, Peachtree, Peoplesoft, QuickBooks, and Solomon, as well as Microsoft Word and Excel. He has held roles from Project Accountant to Accounting Manager and Assistant Controller, demonstrating leadership in financial operations, compliance, and system implementations. He holds a Bachelor of Science in Accounting & Finance from the University of South Carolina Upstate.",African_American,Male,Darnell,Jones,Democratic,0,No
609,INFORMATION-TECHNOLOGY,"Allison Murray is a highly motivated finance professional with over 8 years of international experience, including 5 years in Qatar, specializing in financial management, accounting, and reporting across trading, contracting, and service industries. She holds an MBA in Finance and Marketing and a Bachelor's in Commerce with a focus on Tax. Her expertise includes financial statement preparation, management reporting, cost accounting, asset management, budgeting, cash flow management, payroll, audit preparation, and inventory control. 

She has extensive hands-on experience with accounting software such as Tally ERP, Peachtree, Daceasy, and Delta Software, along with strong proficiency in Microsoft Office. Allison has held key roles as Senior Accountant at State Media W.L.L., where she contributed to setting up and maintaining financial systems, managing cash flow, preparing financial reports, and coordinating with auditors and management. Her previous roles include accounting and administrative responsibilities in trading and real estate companies, with a solid background in account reconciliation, payroll, and financial analysis.

She is fluent in English, Hindi, Arabic, and Malayalam, holds a transferable Qatar work visa, and possesses a valid Qatar driving license. Allison is a team player with strong coordination skills, honesty, and adaptability, seeking long-term, permanent, or contract opportunities in finance and accounting.",White,Female,Allison,Murray,Democratic,0,No
610,INFORMATION-TECHNOLOGY,"Kenya Jones is a dedicated professional with extensive experience in accounting, underwriting, claims, and administrative roles. She possesses strong organizational, technical, and customer service skills, with proficiency in Excel, Word, PowerPoint, Access, QuickBooks, and Outlook. Her background includes processing accounts receivable/payable, bank reconciliations, loan underwriting, insurance claims, and customer communications. Kenya has a proven track record of reliability, teamwork, and commitment to excellence, with a career spanning over two decades in finance, insurance, and administrative functions. She holds a Computer Applications Specialist Certificate and is seeking a position in a fast-paced business office environment where her skills can contribute to efficient operations and excellent customer service.",African_American,Female,Kenya,Jones,Republican,0,No
611,INFORMATION-TECHNOLOGY,"Hakim Jones is a bilingual (English/Spanish) accounting and finance professional with over 10 years of diverse experience in financial reporting, auditing, cost accounting, and operational analysis. He is a CPA candidate with strong skills in financial analysis, strategic planning, project management, and team leadership. 

Key Highlights:
- Extensive experience in all aspects of accounting, including general ledger management, financial statement preparation, tax compliance, payroll, and fixed assets.
- Proven ability to improve processes, enhance accuracy, and identify cost-saving opportunities.
- Managed financial operations for a $15 million construction company, providing analytical reports to maximize profitability.
- Skilled in GAAP, SOX compliance, and financial systems such as Hyperion, SAP, Oracle, QuickBooks, and Excel.
- Educational background includes an MBA in Accounting (Lewis University, Cum Laude) and a BA in Accounting (Robert Morris University, Magna Cum Laude).
- Active affiliation with the Association of Certified Forensic Examiners.

Overall, Hakim is a results-oriented professional with strong leadership, analytical, and problem-solving skills, ready to contribute to organizations seeking experienced accounting and finance expertise.",African_American,Male,Hakim,Jones,Democratic,0,No
612,INFORMATION-TECHNOLOGY,"Brad Ryan is an experienced accounting professional with a strong work ethic and results-driven approach. He has over 20 years of diverse financial and administrative experience, including accounts receivable, accounts payable, general ledger reconciliation, and financial reporting. Brad has managed large revenue streams, improved collection rates from 40% to 90%, and streamlined month-end closing processes. He is proficient in Microsoft Office, QuickBooks, Sage, Peachtree, and other accounting software, with additional skills in medical billing, coding, and bank reconciliation. Brad holds a Bachelor of Science in Accountancy from Brooklyn College and is bilingual in English and Russian. His expertise includes account management, payroll processing, staff training, and compliance with HIPAA regulations.",White,Male,Brad,Ryan,Democratic,0,No
613,INFORMATION-TECHNOLOGY,"Kristen McCarthy is an experienced accounting professional with 15 years of expertise in accounts receivable, accounts payable, and related financial functions. She possesses strong attention to detail, excellent communication skills, and a proven ability to work independently and in teams. Kristen has a solid background in managing cash receipts, bank reconciliations, journal entries, and vendor payments, ensuring accuracy and compliance. She has successfully led projects that improved financial processes and increased efficiency, including a 17% sales growth over two years. Her education includes an Associate Degree in Accounting from the National Education Center and a Bachelor of Science in Accounting from the University of Kerala, India. Kristen is proficient in accounting systems, financial documentation, and treasury operations, making her a reliable candidate for roles requiring meticulous financial management and process improvement.",White,Female,Kristen,McCarthy,Democratic,0,No
614,INFORMATION-TECHNOLOGY,"Laurie Murray is a dedicated Financial Accountant with expertise in financial planning, reporting, and analysis across private and public sectors. She has over three years of experience at Shantilal Gala & Company in Nairobi, where she managed accounts receivable, bank reconciliations, payroll, and collaborated with auditors. Laurie holds a Bachelor of Arts in Business Studies from the University of Greenwich, graduating with Second Upper Class Honors, and has completed advanced diplomas and certificates in Business Management and Accounting from Oshwal College and the Association of Business Executives. She possesses strong skills in financial reporting, general ledger accounting, invoice coding, problem-solving, and communication. Laurie is also a professional ramp model with experience showcasing international and local designer clothing. Her personal qualities include excellent organization, time management, adaptability, and effective communication.",White,Female,Laurie,Murray,Democratic,0,No
615,INFORMATION-TECHNOLOGY,"Geoffrey Ryan is an emerging accounting professional with a Bachelor of Science in Accounting and Finance from Oakland University and an Associate degree from Macomb Community College. He has hands-on experience in accounting, including preparing journal entries, financial statements, and governmental reports, with a focus on accuracy and compliance. His work history includes roles as an Accountant, Branch Service Specialist, and Cashier, demonstrating strong skills in financial processes, customer service, cash management, and operational support. Proficient in Microsoft Office, account reconciliation, general ledger, and data entry, Geoffrey also possesses excellent analytical, interpersonal, and critical thinking skills, along with proficiency in Polish. He is dedicated to maintaining precise records and improving financial management processes.",White,Male,Geoffrey,Ryan,Democratic,0,No
616,INFORMATION-TECHNOLOGY,"Brett Sullivan is an experienced accountant and church administrator with a strong background in financial management, reporting, and operational efficiency. He has over 17 years of accounting experience, including roles as an accountant, accounting clerk, and church administrator. Brett is proficient in budget forecasting, account reconciliation, general ledger management, and financial reporting. He has expertise in streamlining processes, automating procedures, and managing large budgets ($140,000 annually). His technical skills include advanced proficiency in Microsoft Office (Excel, Word, Access), accounting software, and financial systems. Brett holds a Master’s in Business Administration and a BBA in Accounting Management. He is a flexible team player with strong organizational and analytical reasoning skills, capable of handling banking operations, payroll, and inventory management.",White,Male,Brett,Sullivan,Republican,0,No
617,INFORMATION-TECHNOLOGY,"Meredith O’Brien is an experienced and detail-oriented Accountant with a strong background in managing multiple financial projects, reconciliations, budgeting, and reporting. She has over a decade of professional experience, including roles in accounting, administrative support, and management. Her skills encompass billing, collections, accounts payable/receivable, financial reporting, job costing, and proficiency with accounting software such as Sage and MS Office Suite. Meredith has a proven track record of training staff, managing grants and contracts, and improving accounting procedures. She holds an Associate of Applied Science in Accounting and is highly skilled in financial analysis, forecasting, and compliance. She is seeking a challenging accounting position to leverage her organizational and communication skills.",White,Female,Meredith,O’Brien,Republican,0,No
618,INFORMATION-TECHNOLOGY,"Greg Walsh is an experienced accountant with a B.S. in Business Administration (Accounting) from the University of Cincinnati. He has over 20 years of accounting experience, primarily working with CPA firms and medium-sized companies, handling all accounting functions, job cost reporting, and system installations. Notable achievements include implementing Peachtree Accounting, setting up LAN systems, and developing a company website. He possesses skills in accounting, CPA, LAN, Peachtree, reporting, and web development. Greg is actively involved in community organizations, serving as president and trailmaster for local clubs.",White,Male,Greg,Walsh,Republican,0,No
619,INFORMATION-TECHNOLOGY,"Rasheed Jones is a highly experienced accounting professional with over 14 years of expertise in entertainment companies. He specializes in accounts payable, receivable, payroll, and financial reporting, with a proven ability to train and lead accounting teams. Skilled in various accounting software including QuickBooks, Timberline, and FileMaker, Rasheed has a strong track record of maintaining accurate general ledger accounts, reconciling bank statements, and managing high-volume petty cash processes. He holds a Bachelor's degree in Business Administration and is currently pursuing further accounting education. Fluent in Spanish, Rasheed is a results-oriented professional capable of delivering precise financial analysis and effective team management.",African_American,Male,Rasheed,Jones,Democratic,0,No
620,INFORMATION-TECHNOLOGY,"Jermaine Williams is a results-driven accounting and auditing professional with over 10 years of experience. He has expertise in GAAP, GAAS, internal controls, financial analysis, budgeting, and compliance with federal and state regulations. Jermaine has held roles including Accountant, Administrative Specialist, and Auditor, demonstrating strong skills in process evaluation, data analysis, staff supervision, and fraud detection. Notable achievements include improving financial processes, reducing errors, supervising audits of city departments, and earning awards such as the NALGA Knighton Award and recognition from the ACFE. He holds a Bachelor's degree in Business Administration with a focus on Accounting from Temple University and is proficient in MS Office, QuickBooks, and audit/reporting procedures.",African_American,Male,Jermaine,Williams,Republican,0,No
621,INFORMATION-TECHNOLOGY,"Tremayne Robinson is a seasoned finance management professional with 20 years of experience in accounting, financial analysis, and controllership within high-profile corporations. He specializes in budget oversight, financial modeling, change management, and process optimization, achieving significant cost savings and operational efficiencies. Notable achievements include reducing staff by 60% through outsourcing, managing a $22M capital budget, and generating nearly $3M in savings in telecom and data expenses. Tremayne has expertise in SAP, Oracle Financials, PeopleSoft, and Cognos, and has led large-scale financial projects and system transitions. He also has a strong background in real estate, successfully closing over 80 deals and training agents to improve office performance. He holds an MBA from the University of Phoenix and a B.S. in Finance from Hampton University. Tremayne is recognized for strategic leadership, financial acumen, and driving organizational improvements.",African_American,Male,Tremayne,Robinson,Democratic,0,No
622,INFORMATION-TECHNOLOGY,"Hakim Washington is a highly qualified CPA with extensive experience in accounting and financial management. He has a strong background in managing multiple projects, preparing detailed financial reports, and ensuring compliance with GAAP and other regulations. His expertise includes account reconciliation, budgeting, financial analysis, and the use of advanced accounting software such as QuickBooks, Profit Pluss, and SAP. Hakim is bilingual in Spanish and English, with fluent reading and writing skills in Portuguese. He holds a BBA in Accounting from Andrés Bello Catholic University and has completed various seminars on payroll law, tax planning, and SAP. His technical skills encompass advanced proficiency in Microsoft Office, accounting software, and basic knowledge of database and image editing tools. Hakim’s professional history includes roles as an Accountant, Controller, Bookkeeper, and Controller Assistant, demonstrating his ability to oversee financial operations, conduct audits, and improve accounting processes. He is a dedicated, detail-oriented professional with a proven track record of delivering accurate financial solutions under tight deadlines.",African_American,Male,Hakim,Washington,Republican,0,No
623,INFORMATION-TECHNOLOGY,"Brad Murray is a versatile and experienced accountant and bookkeeper with a strong background in financial management, software implementation (notably SAP and QuickBooks), and cost accounting. He has over 20 years of experience across various roles, including accountant, owner, and manager, with expertise in account reconciliations, accounts payable/receivable, financial reporting, budgeting, and strategic planning. Brad has contributed to major software implementations, including SAP at Colgate and Hill’s Pet Nutrition, and has a proven track record of developing and managing small businesses, including founding and selling a bookkeeping firm. His skills include complex problem solving, team management, and effective communication. Brad holds a Bachelor of Science in Business Administration from the University of the Ozarks and is actively involved in community organizations.",White,Male,Brad,Murray,Republican,0,No
624,INFORMATION-TECHNOLOGY,"Aisha Washington is an experienced accountant with over 20 years of expertise in financial reporting, account reconciliation, and corporate accounting. She has a strong background in managing inter-company and reinsurance recoverable accounts, month-end closing procedures, and financial analysis. Proficient in SAP, Excel, Word, Access, and PowerPoint, she has also worked on budgeting, cash settlements, and account validation. Her career includes roles in accounting, lease administration, insurance claims review, and billing, demonstrating versatility across finance and insurance sectors. She holds a Master's degree in Accounting from Gujarat University and has training in COBOL programming. Aisha is seeking a challenging position to leverage her skills in a dynamic environment.",African_American,Female,Aisha,Washington,Republican,0,No
625,INFORMATION-TECHNOLOGY,"Keisha Williams is a skilled Financial Accountant with expertise in financial planning, reporting, and analysis across private and public sectors. She has extensive experience with account reconciliation, general ledger management, SAP (FI module), HFM reporting, accounts payable and receivable, and auditing, including governmental organizations (A-133). Keisha has a proven track record of cost reduction, process improvement, and accurate financial statement preparation. Her technical proficiency includes SAP, HFM, and various accounting software, complemented by an MBA in Finance and IT. She is a flexible team player with strong customer relations, capable of managing multiple projects, leading teams, and ensuring compliance. Her accomplishments include streamlining invoice processes, reducing open invoice cycle times, and maintaining precise accounts. Keisha’s background also includes experience in bank reconciliations, journal entries, month-end closing, and intercompany reconciliations.",African_American,Female,Keisha,Williams,Republican,0,No
626,INFORMATION-TECHNOLOGY,"Leroy Williams is a reliable and results-driven professional with extensive experience in customer service, sales, account management, and administrative roles. He has a strong track record of building rapport with clients, resolving conflicts, and generating additional revenue through effective sales techniques. Leroy has worked in retail, telecommunications, marketing, and finance, demonstrating versatility and adaptability. His key skills include organizational abilities, active listening, problem-solving, multi-tasking, and excellent interpersonal communication. He holds an Associate of Arts degree in International Business from Makerere University Business School. Leroy is a dedicated team player with a positive attitude, capable of managing multiple responsibilities efficiently.",African_American,Male,Leroy,Williams,Republican,0,No
627,INFORMATION-TECHNOLOGY,"Hakim Jackson is an experienced accountant with over 10 years of expertise in financial management, including accounts payable and receivable, payroll, bank reconciliation, costing, and financial reporting. He is proficient in various accounting software such as MYOB, Tally, QuickBooks, Xpert, Leap, and ERP systems, along with MS Office tools. Hakim has worked in diverse sectors including destination management, legal, and trading companies, handling high-volume transactions, month-end closing, audits, and secretarial support. He holds a Master of Commerce degree from the University of Kerala and a Bachelor of Commerce from Mahatma Gandhi University. Fluent in English, Hindi, and Malayalam, he is immediately available for employment and holds a UAE driving license.",African_American,Male,Hakim,Jackson,Republican,0,No
628,INFORMATION-TECHNOLOGY,"Emily McCarthy is a highly experienced HR and retail professional with a strong background in human resources management, customer service, and retail operations. She is currently pursuing a Master of International Business Administration (MIBA) through ESLSCA and holds certifications in Strategic HR Management and Microsoft Certified Professional.

Key Skills:
- HR functions including candidate screening, salary negotiations, onboarding, training, KPI setting, benefits management, and conflict resolution.
- Retail management, team training, sales motivation, performance evaluation, and store operations.
- Technical skills in Microsoft Office, Visual Basic .NET, web and desktop application development.
- Strong communication, presentation, and customer relationship management abilities.
- Fluent in English and Arabic, with knowledge of French.

Professional Experience:
- Retail Supervisor and Assistant Store Manager at Vodafone, responsible for sales targets, staff motivation, KPI tracking, and training.
- Back office trainer for retail staff, focusing on sales techniques, customer handling, and performance improvement.
- Accountant early in her career, with experience in marketing, customer relations, and budget management.

Education:
- Ongoing Master’s in International Business Administration (ESLSCA)
- Bachelor’s in Commerce from Alexandria University
- Certifications in HR Management and Microsoft technologies

Emily is goal-oriented, adaptable, and skilled in managing multiple tasks, making her a valuable candidate for roles in HR, retail management, or business development.",White,Female,Emily,McCarthy,Republican,0,No
629,INFORMATION-TECHNOLOGY,"Lakisha Washington is an experienced accounting professional with a strong background in financial management, asset tracking, and compliance. She holds a BBA in Accounting from Friends University with a 3.5 GPA and a degree in Business Administration from Baker University with a 3.63 GPA. Her skills include proficiency in SAP, AS400, JDE, CAMS, Microsoft Office Suite, and various accounting functions such as accounts payable, reconciliations, budgeting, inventory control, and government reporting.

Her work experience spans roles such as Accountant, Campus Accountant, Staff Accountant, and Senior Finance Associate, where she managed asset setup, budget monitoring, purchasing audits, student accounts, inventory, sales and use tax, fixed assets, invoice processing, and vendor relations. She has demonstrated expertise in financial reporting, tax compliance, and process improvements, with a history of training staff and collaborating with auditors.

Lakisha seeks a challenging accounting position to utilize her skills and continue professional growth.",African_American,Female,Lakisha,Washington,Democratic,0,No
630,INFORMATION-TECHNOLOGY,"Kristen O’Brien is an experienced accountant with a strong background in financial management, payroll, and employee administration. She has over 15 years of professional experience, including current roles managing receivables, financial statements, and procedures for a multi-location church with $45M annual revenue. Kristen is proficient in accounting software such as QuickBooks, Abila MIP, and payroll systems like ADP and Paychex. Her previous roles include independent consulting for diverse industries, managing accounting and HR functions, and streamlining processes. She holds a B.S. in Business Management from Arizona State University and is highly organized, detail-oriented, and a flexible team player.",White,Female,Kristen,O’Brien,Democratic,0,No
631,INFORMATION-TECHNOLOGY,"Sarah Murray is a business management graduate with extensive experience in disability services, human resources, finance, and administrative support. She has strong skills in customer service, confidentiality, data analysis, and Microsoft Office. Currently an accountant since 2010, she provides financial and administrative support, manages financial reports, budgets, and contracts, and has experience with various accounting and client tracking systems. Her internship involved assisting HR with confidential documents, organizing events, and translating materials into Spanish. She is bilingual (English/Spanish), a quick learner, and a team player, seeking a position in human resources to leverage her organizational and communication skills.",White,Female,Sarah,Murray,Republican,0,No
632,INFORMATION-TECHNOLOGY,"Kristen Walsh is an experienced accountant with over 8 years of expertise in financial reporting, general ledger management, reconciliations, budgeting, forecasting, and variance analysis. She has a strong background in GAAP and statutory accounting, month-end and year-end closing processes, and internal controls such as SOX. Kristen is proficient in Oracle Financial, PeopleSoft, Microsoft Dynamics Nav, and Microsoft Office Suite. Her roles have included senior and staff accountant positions, where she managed financial statements, vendor contracts, rebate processing, and system interface analysis. She has also supported external audits and cross-departmental reporting. Kristen holds a Master’s in Accounting and a Bachelor’s in Management Science, demonstrating a solid educational foundation. She is organized, efficient, and skilled in training and supervising staff, making her a valuable asset for accounting and financial management roles.",White,Female,Kristen,Walsh,Republican,0,No
633,INFORMATION-TECHNOLOGY,"Jay O’Brien is a highly experienced billing professional with over 11 years of expertise in customer service, billing, and administrative functions. He has a proven track record of resolving complex billing issues, training staff, and maintaining high accuracy in financial reporting. His skills include account management, data organization, problem resolution, and proficiency with Microsoft Office and billing systems. Jay has held roles such as Billing Accountant, Billing Representative, Billing Specialist, and Billing Administrator, consistently achieving high performance and recognition for exceeding targets. He holds a Bachelor's degree in Business Administration and has received awards for his achievements. His strengths lie in customer satisfaction, multitasking, and administrative support, making him a valuable candidate for roles requiring meticulous billing and client management.",White,Male,Jay,O’Brien,Republican,0,No
634,INFORMATION-TECHNOLOGY,"Todd O’Brien is a highly motivated and experienced accounting professional with a strong academic background, including an MBA and a BS in Business Management with summa cum laude honors. He has extensive hands-on experience in corporate accounting, financial statement preparation, general ledger management, regulatory reporting, tax compliance, and fund accounting. Todd is proficient in various accounting software such as SAP, Microsoft Great Plains, QuickBooks, and Microsoft Office Suite. His skills include account reconciliations, budgeting, forecasting, audit support, and compliance testing. He has held roles ranging from Accounts Payable Controller to Senior Accountant, demonstrating leadership, analytical reasoning, and problem-solving abilities. Todd is results-oriented, reliable, and capable of working under pressure both independently and in team settings.",White,Male,Todd,O’Brien,Democratic,0,No
635,INFORMATION-TECHNOLOGY,"Jill O’Brien is an experienced accounting professional with a strong background in financial reporting, budgeting, and compliance. She has expertise in various accounting systems including QuickBooks, Peachtree, MAS 90, Great Plains, and Hyperion, with advanced Excel skills. Her key strengths include financial analysis, internal controls, revenue recognition, and process improvements.

Currently a Lead Accountant since 2011, Jill manages complex revenue streams, oversees internal controls, supports audits, and leads billing automation initiatives. She has extensive experience in financial analysis, forecasting, variance analysis, and strategic planning, ensuring compliance with GAAP and regulatory standards.

Previously, she served as a Senior Accountant (2006-2011), handling financial statement preparation, internal controls, and audit coordination. Her early career includes a Staff Accountant role focused on month-end closing, reconciliations, and compliance.

Jill holds a BS in Accounting and Business Administration from the University of Maryland University College and is a CPA candidate. Her skills encompass financial systems, reporting, auditing, tax compliance, and business process improvements, making her a well-rounded candidate for senior financial roles.",White,Female,Jill,O’Brien,Republican,0,No
636,INFORMATION-TECHNOLOGY,"Keisha Jones is an experienced professional with a background in accounting and laboratory technology. She holds a Bachelor of Arts in Accounting from Ashford University, with advanced coursework in Business Administration, Financial Accounting, Tax Reporting, Industry GAAP, and International Finance. 

Her key skills include proficiency in Microsoft Office, advanced mathematical and analytical abilities, strong organizational and communication skills, and experience working in high-volume environments. She has practical experience assisting with payroll, reconciling bank statements, preparing financial reports, and supporting accounting operations. 

In addition to her accounting expertise, Keisha has extensive laboratory technician experience, operating and maintaining laboratory equipment, preparing samples, analyzing data, and supervising staff. She demonstrates a commitment to environmentally sustainable practices and precise data management.

Her combined skills make her a versatile candidate for roles in accounting, finance, or laboratory settings, with a proven ability to handle multiple tasks efficiently and accurately.",African_American,Female,Keisha,Jones,Republican,0,No
637,INFORMATION-TECHNOLOGY,"Latoya Washington is an experienced administrative professional with over 10 years of support roles, including bookkeeping, accounting, and clerical tasks. She has a strong background in vendor relations, invoice processing, and project coordination. Her key skills include organization, problem-solving, time management, and proficiency in Microsoft Office (Word and Excel). She has held roles such as Accountant and Secretary II within the West Virginia Department of Education, where she managed billing, data organization, event planning, and administrative support for multiple departments. Latoya is self-motivated, detail-oriented, and dedicated, with a proven ability to multitask and improve processes. She holds a Computer Science education background, Microsoft Office Specialist certifications, and a GED.",African_American,Female,Latoya,Washington,Democratic,0,No
638,INFORMATION-TECHNOLOGY,"Todd Murray is a highly experienced financial professional with a strong background in accounting, financial management, and reporting. He has over a decade of progressive experience in areas such as general ledger management, financial statement analysis, cash flow management, fixed asset accounting, and compliance with GAAP and SEC standards. Todd is proficient in various accounting software including Lawson, Mas 90, QuickBooks, PeopleSoft, and Bloomberg Terminal. His skills encompass account reconciliations, budgeting, internal controls, audit support, and financial analysis. He has worked in diverse roles from accountant to senior accountant, supporting operational functions, process improvements, and financial reporting. Todd holds an MBA from the University of Phoenix and a Bachelor's degree in Accounting, Finance, and Economics from CUNY. He is a member of professional organizations such as NYSSCPA and NABA, demonstrating ongoing commitment to his field. Known for excellent communication, problem-solving, and multitasking abilities, Todd is adaptable, detail-oriented, and capable of working independently or within teams to meet tight deadlines.",White,Male,Todd,Murray,Republican,0,No
639,INFORMATION-TECHNOLOGY,"Leroy Jones is an experienced Senior Accountant with a strong background in financial accounting, general ledger management, and ERP systems, including Microsoft Dynamics AX and QuickBooks. He has over 15 years of expertise in accounts payable/receivable, bank reconciliations, month-end closing, and financial reporting. Leroy has led software migrations, managed inter-company transactions, and collaborated with auditors to ensure compliance. His education includes a Bachelor of Arts in Business Administration with a focus on Business Information Systems. Leroy's skills encompass GAAP, budget analysis, account reconciliation, and automation processes, making him a highly capable professional in financial operations and accounting systems.",African_American,Male,Leroy,Jones,Republican,0,No
640,INFORMATION-TECHNOLOGY,"Anne Walsh is a highly experienced professional with over 8 years in sales, particularly in the solar industry, and 8+ years in regulatory reporting and accounting. She is a top-performing sales representative skilled in client solutions, lead generation, and relationship building. Her accounting expertise includes financial reporting, account reconciliation, budgeting, and regulatory filings, with proficiency in USGAAP, Oracle, Hyperion, and MS Office. She has held roles such as Financial Accountant, Business Analyst, Treasury Analyst, and Regulatory Reporting Supervisor, demonstrating strong analytical, operational, and team leadership skills. Anne’s background combines sales acumen with solid finance and accounting knowledge, making her a versatile candidate for roles requiring both client engagement and financial expertise. She holds a B.S. in Accounting from Rhode Island College.",White,Female,Anne,Walsh,Republican,0,No
641,INFORMATION-TECHNOLOGY,"Tamika Robinson is an experienced accountant with over 18 years of expertise in financial management, including general ledger maintenance, accounts receivable and payable, bank reconciliations, month-end closing, and financial reporting. She has a strong background in manufacturing industry accounting and is proficient with various accounting software such as DBA, Imaginary, Mainframe (AS400). Her key skills include budgeting, financial analysis, conflict resolution, and effective communication. Tamika has held roles as Staff Accountant, Senior Accountant, and Controller Assistant, demonstrating her ability to handle complex accounting tasks, process warranty and royalty claims, reconcile accounts, and prepare financial statements. She holds a Bachelor of Business Administration in Accounting from Western Michigan University. She is highly organized, self-motivated, and capable of multi-tasking in fast-paced environments.",African_American,Female,Tamika,Robinson,Democratic,0,No
642,INFORMATION-TECHNOLOGY,"Tamika Jones is a highly qualified professional accountant with over eight years of experience in both public and private sectors, including governmental auditing, accounting, and tax. She holds a BBA in Accounting, graduating Summa Cum Laude from Kent State University. Her expertise includes financial reporting, general ledger management, tax preparation, and compliance, with proficiency in various accounting software such as Microsoft Office, Microsoft Dynamics AX, CaseWare, and OneSource.

Key strengths include strong analytical, organizational, and communication skills, with a proven track record in managing accounts receivable, month-end closing, financial statement preparation, and audit support. She has experience working with governmental entities, conducting audits, and handling multi-state sales and use tax filings.

Tamika is an active member of professional organizations like Ohio Society of CPAs and Beta Alpha Psi, demonstrating her commitment to ongoing professional development. She is a dedicated team player with a solid work ethic and integrity, seeking to contribute her skills to a dynamic organization.",African_American,Female,Tamika,Jones,Republican,0,No
643,INFORMATION-TECHNOLOGY,"Anne Walsh is a highly experienced financial professional with over 26 years of government and military accounting expertise. She has held leadership roles, including supervising staff of over 30 personnel, and has extensive experience in federal and military financial management, budgeting, reconciliation, and reporting. Her military background as a USMC Chief Warrant Officer 3 and accounting officer for MARSOC highlights her discipline, leadership, and operational knowledge. She holds a Bachelor of Science in Management and is skilled in accounting systems, financial reporting, budget analysis, and policy compliance. Anne is motivated, detail-oriented, and committed to community engagement, seeking a position that involves assisting residents and positive interaction with people. She is authorized to work in the US and actively seeking employment opportunities.",White,Female,Anne,Walsh,Republican,0,No
644,INFORMATION-TECHNOLOGY,"Meredith O’Brien is a highly experienced finance and accounting professional with over 10 years of expertise in tax accounting, management, and financial operations. She holds a Diploma in Accounting and a Bachelor of Science in Computer Science. Her career includes roles such as Staff Accountant, Tax Accountant, Financial Aid Accounting Administrator, and Computer Programmer, demonstrating a strong background in tax processes, financial reporting, system development, and client support.

Key skills include proficiency in accounting software, Microsoft Office, Oracle, SQL, C programming, and system integration. Meredith is known for her attention to detail, problem-solving abilities, training expertise, and excellent communication skills. She is a member of the Institute for Professionals in Taxation and a NC Notary.

Her goal is to secure a Staff Accountant position where she can leverage her analytical, organizational, and technical skills to contribute to organizational success.",White,Female,Meredith,O’Brien,Democratic,0,No
645,INFORMATION-TECHNOLOGY,"Jill Baker is a highly motivated sales and customer service professional with over 10 years of experience in sales, call centers, and customer relations. She has a strong background in supervising teams, managing inventory, and generating sales through effective communication and relationship-building. Jill also has extensive experience in warehouse operations and machine operation, including quality inspection, safety compliance, and lean manufacturing practices. She has worked in fast-paced environments, consistently exceeding sales goals and maintaining high standards of customer service. Her skills include Excel, inventory management, team training, and operational troubleshooting. Jill holds a high school diploma and has demonstrated leadership, organizational, and technical abilities across sales, customer service, and warehouse roles.",White,Female,Jill,Baker,Democratic,0,No
646,INFORMATION-TECHNOLOGY,"Emily Murphy is a highly motivated accounting professional with over 13 years of experience in areas including grant management, accounts payable and receivable, account reconciliation, and general ledger operations. She has a strong background in managing grants, preparing financial reports, and ensuring compliance with procedures. Emily holds a BBA in Accounting from Prairie View A&M University, a BBA in Finance, and an MBA in Strategic Management from the University of North Texas. She has demonstrated leadership through training initiatives and has maintained a clean audit record. Her skills include financial reconciliation, budgeting, cash handling, and proficiency in Microsoft Office and accounting software. Emily is a results-oriented team player with excellent communication, organizational, and research abilities, making her a valuable candidate for accounting roles.",White,Female,Emily,Murphy,Democratic,0,No
647,INFORMATION-TECHNOLOGY,"Lakisha Washington is a highly experienced finance professional with over 23 years of expertise in financial reporting, analysis, project management, and operations. She has a strong track record of increasing cost-efficiency (up to 28%), developing financial metrics, and streamlining cash forecasting. Her leadership roles include VP of Finance/Operations, Controller, Assistant Controller, and various accounting and management positions across multiple industries, including biotech, real estate, manufacturing, and property management. She possesses advanced skills in financial modeling, variance analysis, budgeting, and team management. Lakisha has also managed IT infrastructure and office setup, demonstrating versatility in operational and financial functions. She holds a high school diploma with a focus on Business Management and Accounting.",African_American,Female,Lakisha,Washington,Republican,0,No
648,INFORMATION-TECHNOLOGY,"Darnell Washington is a highly experienced accountant with 10 years of practical expertise and prior management roles. He specializes in full lifecycle accounting, month-end closing, financial statement preparation, audit support, and financial analysis. Darnell has strong proficiency in MS Excel, JD Edwards, QuickBooks, AX, and RFMS. His management experience includes supervising teams, developing policies, and leading ERP implementations. He has worked in both corporate and public accounting environments, handling tasks such as accounts receivable, billing, job costing, and financial reporting. Darnell holds a B.S. in Accounting from the University of South Florida and possesses skills in financial audits, risk management, and business operations.",African_American,Male,Darnell,Washington,Democratic,0,No
649,INFORMATION-TECHNOLOGY,"Tanisha Robinson is an experienced Accounting Manager with a strong background in financial reporting, process improvement, and team leadership. She currently manages a team of four at a healthcare organization, overseeing month-end close activities, journal entries, reconciliations, and fixed asset management for a $75 million hospital operation. She has successfully streamlined accounting processes using Excel and Access, reducing processing times and enhancing reporting efficiency. Tanisha played a key role in implementing PeopleSoft Finance at St. Mary's Hospital and contributed to a $5 million EBITDA turnaround.

Previously, she served as a Staff Accountant/IT, developing financial models, automating reports, and leading IT infrastructure maintenance. Her early career includes accounts payable and inventory management roles, with experience in tax reporting, budget planning, and data mining.

Education includes a Bachelor's in Accounting from Western Illinois University and an Associate's Degree from Black Hawk College. She possesses skills in accounting, financial analysis, reporting, data mining, and systems like Microsoft Excel, Access, Monarch, and PeopleSoft.",African_American,Female,Tanisha,Robinson,Democratic,0,No
650,INFORMATION-TECHNOLOGY,"Sarah Kelly is an experienced finance professional with a strong background in financial reporting, project accounting, and compliance. She has over 15 years of experience working in various roles including Supervisor Accountant, Lead Accountant, Senior Accountant, and Financial Analyst across industries such as energy, government, infrastructure, and entertainment. Her expertise includes financial statement analysis, budgeting, forecasting, internal controls (SOX compliance), and project-specific accounting. She is proficient in a wide range of accounting software and tools, including Microsoft Office (advanced Excel, PowerPoint, Access), SAP, PeopleSoft, QuickBooks, and others. Sarah holds an MBA in Business Development Strategy and a B.S. in Finance and Spanish. Fluent in English and Spanish, she demonstrates strong analytical, communication, and leadership skills, with a proven ability to work efficiently in fast-paced, deadline-driven environments.",White,Female,Sarah,Kelly,Republican,0,No
651,INFORMATION-TECHNOLOGY,"Todd Kelly is a versatile accountant with extensive experience in accounting operations, reconciliation, billing, and regulatory compliance. He has a strong background in setting up new accounts, preparing invoices, resolving billing issues, and performing detailed account reconciliations. Todd has held roles ranging from Staff Accountant and General Accounting Supervisor to Accounts Payable Clerk and Tax Associate, demonstrating adaptability across various accounting functions. He is proficient in multiple accounting software including Sage MS 200 ERP, Peachtree, QuickBooks, and Profitool, and is bilingual in English and Spanish. Todd holds a Master of Professional Accounting and a Bachelor of Business Administration in Accounting from Texas A&M University. His key strengths include strong communication, analytical reasoning, attention to detail, and effective time management, making him a valuable candidate for accounting and finance roles.",White,Male,Todd,Kelly,Republican,0,No
652,INFORMATION-TECHNOLOGY,"Aisha Jackson is a seasoned accounting professional with over 15 years of experience in accounts payable, vendor management, expense auditing, and financial reporting. She has expertise in AIA billings, Nevada lien and contract law, union payroll, and internal controls to maximize profits and control costs. Her technical skills include proficiency in Timberline, Foundation, Spectrum, JD Edwards, Sage, and Microsoft Office. Aisha has held roles such as Project Accountant, Office Administrator, and Staff Accountant, demonstrating strong capabilities in ledger coding, invoice processing, reconciliations, and project financial management. She has a proven track record of reducing invoice overpayments by 30% and managing complex billing and documentation processes for large construction projects. She is also a Nevada Notary Public and possesses excellent communication, problem-solving, and time management skills.",African_American,Female,Aisha,Jackson,Republican,0,No
653,INFORMATION-TECHNOLOGY,"Meredith Sullivan is a seasoned Senior Accountant with extensive experience in full-cycle general ledger accounting, financial reporting, and international tax compliance. She is proficient in tools such as Aderant/CMS, Excel, QuickBooks, SQL, and Hyperion, and well-versed in US GAAP and IFRS standards. Her career includes over 17 years at her current firm, where she manages account reconciliations, supports audits, analyzes international payrolls and VAT, and prepares financial statements. She has a proven track record of identifying discrepancies, improving financial processes, and supporting international offices in Seoul, Shanghai, Tokyo, and Vienna. Meredith holds a CPA license from New York (issued 2015) and a BBA in Accounting from Temple University. She has leadership experience as Vice President of the Temple University Accounting Professional Society.",White,Female,Meredith,Sullivan,Republican,0,No
654,INFORMATION-TECHNOLOGY,"Latoya Williams is an experienced accounting professional with over 10 years of expertise in manufacturing accounting, financial analysis, and internal controls. She is a Cum Laude BBA graduate in Accounting and Finance from the University of North Alabama, currently preparing for the CMA exam and CPA eligible. 

Her key skills include advanced Excel, ERP systems (IFS, NetSuite, JD Edwards, Macola), financial reporting, month-end and year-end closing, cash management, internal controls, and process improvements. Notable achievements include reducing month-end close from 10 to 3 days, implementing paperless AP filing, and earning Robbins LLC's Presidential Award annually.

Her professional experience spans contract accounting, quality management, and senior staff roles, with responsibilities such as financial statement preparation, audit coordination, budgeting, inventory verification, and process optimization. She has a strong record of leadership, efficiency improvements, and cost savings.

Latoya is willing to relocate and possesses excellent communication, leadership, and analytical skills, making her a valuable candidate for finance and accounting roles in diverse industries.",African_American,Female,Latoya,Williams,Republican,0,No
655,INFORMATION-TECHNOLOGY,"Meredith Baker is an experienced payroll professional with a strong background in payroll processing, accounting, and human resources. She has over 20 years of expertise managing payroll for organizations of various sizes, including school districts, healthcare, and corporate sectors. Her skills include proficiency with multiple payroll and accounting systems such as Deltek, Costpoint, ADP, Kronos, SAP, Ceridian, and Nextgen, along with extensive knowledge of benefits, taxes, general ledger, and compliance.

Key accomplishments include successfully transitioning companies from manual to automated payroll systems, streamlining payroll processes to boost efficiency by 25%, and managing large payrolls exceeding $18 million annually. She has held roles from Payroll Specialist to Staff Accountant, demonstrating capabilities in payroll administration, account reconciliation, policy development, and audit preparation.

Her educational background includes an MBA from the University of Phoenix and a B.S. in Business Administration from Alabama A&M University. She is a member of the American Payroll Association and possesses strong skills in accounting software, benefits administration, and payroll policies.

Overall, Meredith is a dedicated payroll professional with a proven track record of improving payroll operations, ensuring compliance, and supporting organizational efficiency.",White,Female,Meredith,Baker,Republican,0,No
656,INFORMATION-TECHNOLOGY,"Emily Kelly is an experienced accountant with over 15 years of expertise in accounting, budgeting, financial reporting, fixed asset management, project management, payroll, and tax preparation. She has a strong background in implementing ERP systems such as ADP, SAGE FAS, and Syteline, and is proficient with various financial software including SAP, QuickBooks, and Vertex. Emily has led fixed asset software implementations, improved financial processes, and reduced closing times. Her roles have included Corporate Accountant, Senior Accountant, and Accountant, with responsibilities spanning financial analysis, internal controls, reconciliation, and compliance with GAAP and ISO9001 standards. She holds a Bachelor's in Accounting and a Graduate Diploma in Business Administration, and is bilingual in English and Spanish. Skilled in process improvement, project leadership, and financial analysis, Emily is a capable professional ready to contribute to a prestigious organization.",White,Female,Emily,Kelly,Democratic,0,No
657,INFORMATION-TECHNOLOGY,"Neil Murphy is a bilingual (English and Chinese) Financial Accountant with over 5 years of experience in financial reporting, management accounting, and royalty reporting for international clients such as Disney, Warner Brothers, and LEGO. He holds a Master’s Degree in Accounting from Monash University and a Bachelor’s in Commerce from Victoria University. Neil has a proven track record of managing complex licensing and royalty contracts, including developing tools to monitor contract usage and divisional financial comparisons. His expertise includes applying AUS-IFRS standards, preparing financial statements, and overseeing royalty and tax reporting. He has international experience working with multicultural teams and is proficient in ERP systems, Microsoft Office, and advanced Excel. Recognized for his accuracy, attention to detail, and strong communication skills, Neil has received awards from major clients and his company. His background also includes roles in cash flow management, accounts payable/receivable, payroll, and customer service.",White,Male,Neil,Murphy,Democratic,0,No
658,INFORMATION-TECHNOLOGY,"Hakim Jones is an experienced accountant with over 11 years of expertise in tax preparation, regulatory reporting, and financial management across diverse industries and multiple states. He holds a Bachelor's degree in Accounting and is studying for his CPA license. Hakim has managed tax filings for a wide range of clients, including sole proprietors, corporations, S-corps, partnerships, and non-profits, and has a strong background in audit, general ledger management, and financial statement analysis.

Key skills include payroll, multi-state sales tax filing, account reconciliation, and proficiency with various accounting software such as QuickBooks, Sage, PeachTree, and MS Office. Notable accomplishments include conducting detailed tax reviews for Fortune 500 companies, streamlining accounting processes, and saving over $20,000 through audit resolutions.

His professional experience encompasses senior roles in accounting, accounts payable/receivable, collections, and tax compliance, with a proven track record of improving efficiency, managing complex transactions, and resolving discrepancies. Hakim’s educational background includes a BS in Accounting and professional certificates in financial statement analysis and accounting fundamentals.",African_American,Male,Hakim,Jones,Democratic,0,No
659,INFORMATION-TECHNOLOGY,"Darnell Robinson is a highly detail-oriented accounting professional with extensive experience in financial reporting, compliance, auditing, and customer service. He holds a Bachelor of Science in Accounting and Business Administration Finance from the University of North Carolina (2010). His technical skills include proficiency with QuickBooks, MAS Sage, ADP, Condo Manager, Microsoft Office Suite, and Excel.

His work experience spans roles as a Staff Accountant and Financial Management Partner, where he managed month-end closing, bank reconciliations, financial statement preparation, accounts payable/receivable, lease negotiations, property management, and cash flow analysis. Darnell has also supported software implementation, training, and legal coordination related to financial operations.

He has demonstrated strong problem-solving, strategic planning, and vendor management skills, with a solid background in financial analysis, audit preparation, and regulatory compliance. His extracurricular activities include leadership roles in Alpha Sigma Phi and participation in the Livestrong Foundation Bike-a-thon.",African_American,Male,Darnell,Robinson,Democratic,0,No
660,INFORMATION-TECHNOLOGY,"Jay Ryan is a versatile and detail-oriented accountant with extensive experience in general ledger management, account reconciliations, financial reporting, and accounts payable for multi-company organizations. Skilled in various accounting software including ACCPAC, Sage, SAP, Great Plains, and QuickBooks, he excels in maintaining accurate financial records, resolving billing issues, and supporting audits. He has a strong background in training staff, managing payroll, and handling complex financial transactions. Jay holds a Bachelor’s in Accounting and an Associate’s in Business Management, with proficiency in Microsoft Office and other business systems. Known for his adaptability, problem-solving, and excellent communication skills, he is a results-driven professional capable of managing multiple responsibilities efficiently.",White,Male,Jay,Ryan,Republican,0,No
661,INFORMATION-TECHNOLOGY,"Tamika Washington is an experienced CPA and Certified Fraud Examiner with a strong background in accounting, financial reporting, and fraud investigation. She currently serves as a Senior Accountant, managing financial statements, reconciliations, and budgets for multi-family real estate projects totaling approximately $100 million. Previously, she was an Associate Fund Controller for Morgan Stanley Real Estate Funds, overseeing fund closings, cash flow analysis, and implementing reinvestment strategies for an $8 billion investment fund. Her early career includes forensic and audit work, where she contributed to high-profile fraud investigations and audits for major clients, including government agencies and large corporations.

Tamika holds a BBA in Accounting from Emory University’s Goizueta Business School with a GPA of 3.63/4.0, and she maintains an active Georgia CPA license. She is also a Certified Fraud Examiner. Her skills encompass financial statement preparation, budgeting, audit procedures, fraud detection, and proficiency in Microsoft Excel and IT systems related to finance.

In addition to her professional achievements, Tamika is actively involved in community service as Treasurer for the Fulton County CASA Board, overseeing fundraising and financial management for a nonprofit mentoring organization. She has received awards recognizing her academic excellence and leadership, including the John R. Jones Accounting Award and the Ben Pius Award.",African_American,Female,Tamika,Washington,Democratic,0,No
662,INFORMATION-TECHNOLOGY,"Matthew Walsh is an experienced finance and administrative professional with a strong background in project accounting, subcontract management, and office coordination, primarily supporting USAID and USACE-funded projects. He possesses expertise in financial transactions, bank reconciliations, invoice review, voucher preparation, and cash flow forecasting. Matthew is proficient in Microsoft Office Suite, WEBFCR, IMS, and GL accounting. His education includes a Master’s in Business Administration (International Business) from Virginia International University and a Bachelor’s in Business Administration Finance from Kardan University. He has extensive experience in administrative coordination, procurement, and record-keeping, with a history of supporting international projects and managing financial documentation.",White,Male,Matthew,Walsh,Democratic,0,No
663,INFORMATION-TECHNOLOGY,"Rasheed Washington is an experienced accounting professional with over 16 years of expertise in general ledger reconciliation, accounts receivable (11 years), and accounts payable (4 years). He has a strong background in payroll management, financial reporting, and transactional verification. Rasheed is proficient in various accounting software including FAS Asset Accounting, QuickBooks, KRONOS, Munis, MAS90, JD Edwards, and Excel. His skills encompass financial statement preparation, fixed assets, billing, collections, and contract auditing. He holds a Master’s degree in Accounting & Financial Management with a Certified Fraud Examiner emphasis and a Bachelor’s in Accounting. Rasheed has a solid track record of improving accuracy and efficiency in financial processes and supporting organizational policy compliance.",African_American,Male,Rasheed,Washington,Republican,0,No
664,INFORMATION-TECHNOLOGY,"Aisha Washington is a motivated nursing student with a strong background in healthcare and administrative support. She holds a Bachelor of Science in Nursing from California State University, Northridge, and an Associate of Science in Nursing from College of the Canyons, with ongoing registered nursing training. She has completed 320 hours of clinical experience, including patient assessments, post-operative care, medication administration, and patient education, with a focus on behavioral health and chronic conditions.

Her professional experience includes roles as a General Accountant, Medical Biller/Collector, and Lead of Clerical Services, demonstrating extensive administrative and financial skills, including bookkeeping, report generation, staff training, and compliance with HIPAA and JCAHO standards.

Aisha is BLS certified, proficient in medical and office software (MS Office, RIS, SAP, etc.), and skilled in patient advocacy, assessment, and post-operative care. She excels in team environments, possesses excellent interpersonal skills, and is detail-oriented with strong multitasking abilities. Her career focus is on providing top-quality patient care while continuing to expand her healthcare expertise.",African_American,Female,Aisha,Washington,Democratic,0,No
665,INFORMATION-TECHNOLOGY,"Greg Kelly is an experienced accountant with a strong background in financial reporting, general ledger management, and compliance. He has over 20 years of professional experience, including roles as Principal Accountant, Senior Accountant, Corporate Accounting Consultant, and Controller. His expertise includes financial statement analysis, SEC filings, SOX compliance, and process improvements. Greg is proficient in accounting software such as PeopleSoft, SAP, and SQL, and holds an MBA in Finance and a BBA in Accounting. He has managed teams, overseen audits, and contributed to large-scale financial restatements, demonstrating his ability to handle complex accounting and financial projects under pressure.",White,Male,Greg,Kelly,Republican,0,No
666,INFORMATION-TECHNOLOGY,"Laurie Sullivan is an experienced accountant with a strong background in managing complex financial functions, account reconciliation, and supervisory roles. She has extensive hands-on experience in preparing financial statements, reconciling accounts, processing payroll and invoices, and ensuring compliance across multiple medical groups and government agencies. Laurie is proficient in accounting software such as MAS 90, Sage, and Adobe, with excellent organizational and problem-solving skills. Her leadership experience includes supervising staff, managing budgets, and supporting audits. She holds a BBA in Business Administration/Accounting and two associate degrees. Laurie is a detail-oriented professional with proven ability to meet deadlines and work independently or as part of a team.",White,Female,Laurie,Sullivan,Republican,0,No
667,INFORMATION-TECHNOLOGY,"Ebony Jones is a highly experienced accountant with seven years of expertise in financial reporting, project accounting, and payroll management. Currently a Senior Accountant at Panda Power Funds, she has a strong background in preparing financial statements, journal entries, reconciliations, budgeting, and implementing accounting systems like EPICOR. She manages payroll for over 50 employees and has contributed to policy development and system upgrades. Her previous roles include project and staff accounting, supporting multiple industries with financial analysis, tax preparation, and client relations. Ebony holds a Master’s and Bachelor’s degree in Accounting and Information Management from the University of Texas at Dallas, graduating Magna Cum Laude. She is skilled in account reconciliations, financial reporting, forecasting, and accounting software, and is working towards becoming a CPA.",African_American,Female,Ebony,Jones,Democratic,0,No
668,INFORMATION-TECHNOLOGY,"Tremayne Robinson is a highly experienced Senior Accountant with over 17 years of expertise in accounting functions including accounts payable, receivable, fixed assets, payroll, month-end closing, reconciliation, budgeting, and contract management. He has a proven track record of leading projects such as automating expense and vendor modules, implementing Oracle Payroll, and streamlining month-end processes, resulting in increased efficiency. Tremayne has strong leadership skills, managing teams and overseeing high-volume transactions, contracts, and financial reporting. His technical proficiency includes Oracle, Microsoft Office, and financial reporting tools. He holds an MBA from Kennesaw State University and a BBA in Accounting from Tennessee State University. Notable accomplishments include automating key processes, reducing month-end closing time, and enhancing operational workflows.",African_American,Male,Tremayne,Robinson,Republican,0,No
669,INFORMATION-TECHNOLOGY,"Neil Baker is a senior accounting professional with extensive experience in finance, accounting, and process improvement. He has a proven track record of enhancing revenue, reducing accounts receivable, and streamlining billing and financial processes. Neil is certified in Lean Six Sigma, skilled in cost control, budgeting, forecasting, financial reporting, and internal/external audits. His experience includes managing large revenue contracts, leading financial analysis, and collaborating with executive teams to improve organizational performance. Notable achievements include reducing outstanding A/R by 70%, increasing revenue by 20%, and saving significant costs through vendor negotiations and process efficiencies. Neil has held senior roles such as Controller and Senior Accountant across healthcare and service organizations, demonstrating leadership in financial management, compliance, and team supervision. He holds a B.S. in Accounting from Mercy College and is proficient in Microsoft Office, Great Plains Dynamics, and BI360.",White,Male,Neil,Baker,Democratic,0,No
670,INFORMATION-TECHNOLOGY,"Meredith McCarthy is an accomplished investment professional with a strong background in financial analysis, accounting, and compliance. She holds an MBA in Finance and a BSc in Medical Technology from the University of Delaware. Her key skills include expertise in MS Office (Excel, Word, PowerPoint), data analysis tools (Pivot Tables, Macros, V-look up), and various business platforms (Business Objects, Lombardi, Eagle, Pega, Workbench, DRAS). 

Her professional experience includes roles as an Investment Accountant at BNY Mellon, where she managed mutual fund reconciliations, collaborated with custody and accounting teams, trained offshore staff, and received multiple performance awards. She also served as an AML Compliance Officer, conducting customer account audits and quality assurance reviews. Additionally, she participated in finance projects involving investment strategy simulations, portfolio analysis, and regression analysis.

Her background combines strong analytical, problem-solving, and leadership skills with multilingual abilities in English, Marathi, Hindi, and Gujarati. Meredith is a results-oriented professional with a proven track record of improving processes and delivering excellence in financial and investment operations.",White,Female,Meredith,McCarthy,Republican,0,No
671,INFORMATION-TECHNOLOGY,"Leroy Williams is a highly qualified accounting professional with over 3 years of experience in senior and corporate accounting roles. He is a Certified Management Accountant candidate (expected 2016) with strong expertise in financial statement analysis, cost accounting, ERP systems, and general ledger management. Leroy has a proven track record of cost reduction (10%), financial reporting, tax compliance, and process improvements. His responsibilities include overseeing daily accounting operations, preparing financial statements, managing budgets, and coordinating audits. He holds a Master’s in Accounting and a Bachelor’s in Business Administration from Ball State University, with a GPA of 3.5 and 3.2 respectively. Leroy is fluent in English, Mandarin, and Cantonese, and proficient in various accounting software including NetSuite, Epicor, Sage, QuickBooks, and Microsoft Office. He demonstrates strong analytical, organizational, and communication skills, making him a valuable candidate for senior accounting positions.",African_American,Male,Leroy,Williams,Democratic,0,No
672,INFORMATION-TECHNOLOGY,"Laurie Ryan is an experienced Senior Corporate Accountant with a strong background in GAAP, general ledger reconciliation, variance analysis, financial reporting, and process improvement. She has expertise in Microsoft Excel, Access, SharePoint, PeopleSoft, Oracle, and QuickBooks, along with a solid understanding of tax and public accounting. Her accomplishments include reducing variances and outstanding balances, streamlining processes, and supporting audit and compliance activities. Laurie holds an MBA in Business Administration with a focus on Accounting & Finance, and BBA degrees in Accounting (CPA qualified) and Finance (CFP qualified). Her previous roles include Senior Accountant, Corporate Tax Analyst, Staff Accountant, and Financial Advisor, demonstrating versatility across corporate finance, tax, and financial planning. She is highly analytical, detail-oriented, and a proactive team player with excellent organizational and research skills, seeking to leverage her expertise to contribute to organizational success.",White,Female,Laurie,Ryan,Republican,0,No
673,INFORMATION-TECHNOLOGY,"Ebony Jones is a highly experienced financial professional with over 15 years of expertise in accounting, audit, internal control, and risk management. She has a strong background in financial statement analysis, budgeting, forecasting, and regulatory reporting. Her skills include account reconciliation, general ledger management, and proficiency with various accounting software such as PeopleSoft, Great Plains, QuickBooks, and Sage. Ebony has demonstrated leadership in supervising accounting teams, streamlining processes, and ensuring compliance. She holds an MBA in Accounting and a Master’s in Science in Accounting & Financial Management. Her accomplishments include recognition for excellence in financial analysis and budgeting, with extensive experience in tax compliance, financial reporting, and system implementation. She is proficient in Microsoft Office, advanced Excel, and other financial tools, and holds a NYS ""E"" driver’s license.",African_American,Female,Ebony,Jones,Republican,0,No
674,INFORMATION-TECHNOLOGY,"Anne Walsh is a highly analytical and results-driven tax accounting specialist with extensive experience in accounting, bookkeeping, and financial analysis. She has a strong background in creating standard operating procedures, managing complex general ledger transactions, and preparing detailed financial reports used by executive leadership. Her skills include account reconciliation, budget analysis, and proficiency with various accounting software (e.g., QuickBooks, Sage, Peachtree) and MS Office Suite. 

Her work history includes roles as an Accountant, Human Resources and Compliance Assistant, and Accounting Assistant, where she handled tasks such as financial reporting, payroll processing, vendor management, compliance tracking, and internal controls. She has a Bachelor’s degree in Accounting Business Administration from the University of Maryland and an Associate’s in Business Management from Montgomery College. 

Anne is also experienced in HR functions, including employee onboarding, benefits administration, and anti-money laundering activities. She is a dedicated professional with strong communication skills, attention to detail, and a proven ability to work efficiently under tight deadlines.",White,Female,Anne,Walsh,Democratic,0,No
675,INFORMATION-TECHNOLOGY,"Darnell Washington is an experienced accounting professional with over 15 years of expertise in the energy industry, including power, gas, and fuel oil sectors. He specializes in accounting management, commodity settlements, financial analysis, internal controls, SOX compliance, and system implementation. Darnell has a strong background in managing month-end and year-end closings, financial reporting, budgeting, variance analysis, and audit coordination.

His career highlights include senior accounting roles at a major power and gas company, where he managed accounting functions for a fleet of power plants across the US and Canada, and previous positions supporting investment management firms and corporate mergers. He is proficient in various financial systems and tools such as Oracle, Hyperion, PeopleSoft, Bloomberg, and Seagate Crystal Reports.

Darnell holds a Bachelor’s degree in Accounting from the University of Houston, with honors, and has additional certifications including Notary Public and Real Estate License. He is fluent in Italian and conversational in Spanish, with strong interpersonal and communication skills. His personal values emphasize accountability, safety, passion, integrity, and respect.

Key Skills:
- Accounting & Financial Management
- Commodity & Power Plant Settlements
- Internal & External Audits
- SOX Compliance & System Implementation
- Financial Reporting & Analysis
- Budgeting & Variance Analysis
- System Proficiency: Oracle, Hyperion, PeopleSoft, Bloomberg, Seagate Crystal Reports

Professional Experience:
- Senior Accountant at a power and gas company (2006-2014): Managed accounting for power plants, commodity settlements, month-end closings, and audits.
- Accountant/Analyst roles supporting corporate mergers, investment portfolios, and bankruptcy claims.

Education:
- Bachelor of Science in Accounting, University of Houston (1999), Magna Cum Laude

Additional:
- Active volunteer in community events, bilingual in English and Italian, with ongoing professional development in accounting and system training.",African_American,Male,Darnell,Washington,Democratic,0,No
676,INFORMATION-TECHNOLOGY,"Aisha Jackson is a highly experienced CPA and accountant with 11 years of expertise in managing large-scale financial operations. She specializes in account reconciliation, financial reporting, budget analysis, and ERP systems including SAP, Oracle, PeopleSoft, and QuickBooks. Currently a Senior Accountant, she oversees high-value accounts such as endowments totaling over $85 million, manages general ledger activities, prepares financial statements, and supports audits for organizations like Broward County Library and NSU Museum of Arts. Her previous roles include Staff and Accounting Clerk positions, where she handled payroll, accounts payable/receivable, tax filings, and financial analysis. Aisha holds a Master’s in Accounting & Financial Management (GPA 3.91), an MBA (GPA 3.96), and a Bachelor’s in Technical Management Accounting (GPA 3.79), all from DeVry University. She possesses strong communication skills, advanced bookkeeping, and a self-motivated professional approach, making her well-equipped for senior financial roles.",African_American,Female,Aisha,Jackson,Republican,0,No
677,INFORMATION-TECHNOLOGY,"Kenya Williams is an experienced administrative and accounting professional with over 7 years of supporting senior management and departmental teams in fast-paced environments. She specializes in payroll management, accounting, accounts receivable, and administrative tasks, demonstrating strong organizational, analytical, and multitasking skills. Kenya is proficient in QuickBooks, Microsoft Office Suite, PeopleSoft, SAP, and other financial systems. Her key achievements include managing payroll for over 500 employees, reducing payroll errors, streamlining processes, and ensuring compliance with GAAP. She has a solid educational background with a B.S. in Accounting from William Paterson University. Kenya is dependable, detail-oriented, and capable of working independently or in team settings, making her a valuable candidate for roles in finance, payroll, or administrative support.",African_American,Female,Kenya,Williams,Democratic,0,No
678,INFORMATION-TECHNOLOGY,"Jill Baker is an experienced accounting and finance professional with over 15 years of expertise in financial analysis, audit, compliance, budgeting, and financial reporting, primarily within the healthcare and small business sectors. She holds a BBA in Accounting from Valdosta State University with a 3.7 GPA. Jill is proficient in GAAP, FASB, SOX, and ASC 606 standards, and is highly skilled in various accounting software including QuickBooks, Hyperion, NetSuite, Sage Intacct, Great Plains, and Epicor.

Her recent roles include Senior Accountant and Financial Analyst, where she managed full-cycle accounting, prepared financial statements, conducted reconciliations, and supported revenue cycle management for healthcare and finance companies. She has extensive experience in payroll processing, tax filings, financial planning, and client relationship management. Jill has a proven track record of improving financial processes, capturing new revenue streams, and supporting organizational growth.

Key skills include financial statement preparation, audit, compliance, revenue recognition, database management, and team leadership. She is results-oriented, quick to learn, and adept at managing multiple organizational responsibilities.",White,Female,Jill,Baker,Republican,0,No
679,INFORMATION-TECHNOLOGY,"Greg Sullivan is a detail-oriented accountant with over 5 years of experience managing accurate financial records for large organizations, including credit unions. He holds a Bachelor of Science in Finance from the University of Maryland and has earned various certifications, including a Military Training Certificate and NMLS licensing. His key skills include advanced bookkeeping, QuickBooks expertise, cash flow analysis, and financial reporting.

Work experience highlights:
- Current Accountant (since 2017), responsible for transaction posting, system reconciliation, fixed assets management, budget analysis, accounts payable, wire transfers, and financial statement preparation.
- Previous roles include supervising accounts payable staff, reconciling accounts, and supporting financial operations at credit unions.
- Early experience as a Financial Service Representative, providing customer service, processing transactions, and supporting branch operations.

Greg has demonstrated strong communication skills, leadership in supervising staff, and proficiency with various accounting systems and financial processes. His accomplishments include Employee of the Month and Quarter awards, as well as retail banking achievement recognitions.",White,Male,Greg,Sullivan,Republican,0,No
680,INFORMATION-TECHNOLOGY,"Rasheed Jackson is an experienced accounting and financial analyst with over 15 years of expertise in budgeting, financial reporting, program evaluation, and process improvement. He has a strong background in managing complex financial systems, reconciling accounts, and advising senior management on financial issues. Rasheed is skilled in financial analysis, internal controls, audit processes, and resource optimization, with proficiency in Lawson, QuickBooks, Meditech, and MS Office tools. His notable accomplishments include implementing a computerized capital budget review system, identifying cost-saving opportunities in copier and construction projects, and streamlining financial processes at a major healthcare organization. He holds an MBA in Accounting from Strayer University and a B.S. from Southern University. Rasheed is recognized for his analytical skills, attention to detail, effective communication, and leadership abilities, making him a valuable candidate for senior financial and operational roles.",African_American,Male,Rasheed,Jackson,Democratic,0,No
681,INFORMATION-TECHNOLOGY,"Allison Murray is a seasoned professional accountant and bookkeeper with over 12 years of experience in accounts receivable and payable, and more than 3 years applying financial and managerial accounting practices. She possesses strong expertise in SAP, Great Plains Dynamics, Sage50, QuickBooks Pro, and Microsoft Office Suite, including Excel (Pivot tables and VLook Up).

Her key experience includes:
- Supporting regional finance teams with month-end/year-end close, financial statement prep, and budget analysis.
- Managing accounts payable and receivable processes, improving cash flow and aging schedules.
- Reconciling multiple bank and balance sheet accounts, resolving discrepancies, and ensuring SOX compliance.
- Handling fixed assets, depreciation schedules, and internal audits.
- Developing and implementing accounting policies in accordance with US GAAP.
- Overseeing financial transactions, budget development, and reporting to organizational leadership and boards.

Educational background includes a Master’s in Accounting from Nova Southeastern University and a Bachelor’s in Business Administration (Accounting) from Florida Atlantic University. She is skilled in GAAP, internal controls, audit coordination, and financial analysis, making her a strong candidate for accounting and finance roles.",White,Female,Allison,Murray,Democratic,0,No
682,INFORMATION-TECHNOLOGY,"Jill Sullivan is a seasoned professional accountant with over 10 years of comprehensive experience in general accounting, financial reporting, and regulatory compliance. She possesses strong expertise in month-end close activities, reconciliations, accounts payable and receivable, fixed assets, and financial statement preparation. Jill has worked extensively with grant accounting, statutory filings, and complex account reconciliations across various industries including hospitality, golf courses, healthcare, and government sectors.

Her key skills include data analysis, process improvements, regulatory compliance, and proficiency in accounting software such as Microsoft Office, Hyperion, JD Edwards, and PeopleSoft. She is a CPA licensed in the Philippines with a Master’s in Business Management and a Bachelor’s in Business Administration with a focus on accounting.

Jill has held roles from Assistant Loan Underwriting Manager to Senior Accountant, demonstrating leadership in managing large account portfolios, coordinating audits, and supporting financial operations. She is recognized for her ethical approach, problem-solving abilities, and effective communication skills. Currently, she manages revenue and grant accounts, performs detailed account analysis, and ensures accurate financial reporting.

She is also actively involved in community service as an Assistant Treasurer for the Taclobanon Association of Southern California.",White,Female,Jill,Sullivan,Democratic,0,No
683,INFORMATION-TECHNOLOGY,"Lakisha Jones is an experienced accounting and administrative professional with over a decade of expertise in financial management, payroll, and office operations. She has a strong background in preparing financial statements, budget analysis, and tax reporting, utilizing software such as QuickBooks, Excel, and Microsoft Office. Her roles have included Staff Accountant, Administrative Assistant, and Benefits Administrator, where she managed payroll for large organizations, supervised staff, and handled complex financial and compliance reporting, including GASB 45 and ACA requirements. She holds a Business Accounting certificate and has extensive skills in bookkeeping, budget development, and event planning. Lakisha is proficient in financial reconciliation, tax filings, and team supervision, making her a versatile candidate for finance and administrative roles.",African_American,Female,Lakisha,Jones,Republican,0,No
684,INFORMATION-TECHNOLOGY,"Allison O’Brien is a highly experienced Accountant and Business Consultant with over 10 years of financial management expertise. She is an ACCA Finalist and holds a Diploma in Accountancy. Her professional background includes extensive experience in government financial operations, including preparing financial statements, budgeting, auditing, cash management, payroll processing, and compliance with statutory regulations such as PAYE, VAT, and NAPSA. Allison has demonstrated strong skills in financial reporting, internal controls, and team supervision. She has a proven track record of accuracy, integrity, and customer service excellence. Her previous roles include Assistant Accountant for the Government of Zambia, Bank Clerk, and Cashier, showcasing her versatility in financial roles. Allison is proficient in accounting systems like Sage Pastel Evolution and possesses excellent organizational, communication, and decision-making skills. She seeks a long-term opportunity to leverage her expertise for organizational growth.",White,Female,Allison,O’Brien,Democratic,0,No
685,INFORMATION-TECHNOLOGY,"Keisha Washington is an experienced accountant and controller with 8 years of expertise in financial reporting, operational management, forecasting, and process improvement. She has a strong background in preparing complex financial statements, variance analysis, and P&L management. Notable accomplishments include developing new financial reporting methods, implementing SAP B1, and enhancing fee calculation processes for various companies, including UBS Switzerland AG, Barclays Suisse SA, and UL AG. Keisha has extensive experience in banking and financial services, with proficiency in IFRS and US GAAP reporting, system integration, and process optimization. She is bilingual in English and Spanish, with conversational German skills, and is skilled in ERP systems such as SAP, Hyperion, and Avaloq. Her education includes a Bachelor's in Accounting and Controlling and a certification in Business Accounting.",African_American,Female,Keisha,Washington,Democratic,0,No
686,INFORMATION-TECHNOLOGY,"Darnell Jackson is a team-oriented accountant with experience in managing accounting operations, cash flow, and financial reporting. Skilled in QuickBooks, Intacct, Excel, and Word, he has a strong background in accounts payable/receivable, payroll, and financial analysis. His previous roles include General Accountant and Treasury Manager at Comply365, where he handled month-end close, cash forecasting, and financial statement preparation. Darnell has a Bachelor’s degree in Accounting from Upper Iowa University and a Bachelor’s in Business Administration from the University of Illinois. He also served as Director of Finance for the Hononegah Youth Soccer Association. His key strengths include project management, managerial techniques, organizational skills, and process improvements to increase efficiency.",African_American,Male,Darnell,Jackson,Republican,0,No
687,INFORMATION-TECHNOLOGY,"Greg Walsh is an experienced accountant and banking professional with approximately 6 years of expertise working with Egyptian and foreign companies. His skills include preparing financial statements, final accounts, balance sheets, and managing accounting cycles using QuickBooks and Excel. He has a strong background in customer service, account opening procedures, and general ledger operations. Greg is proficient in Microsoft Office, with excellent communication skills, integrity, and goal-oriented work ethic. His work history includes roles in customer account management, banking operations, and accounting, with a solid educational background in accounting and relevant training. He is fluent in Arabic and has good command of English.",White,Male,Greg,Walsh,Democratic,0,No
688,INFORMATION-TECHNOLOGY,"Keisha Jones is an experienced Accounting and Finance professional with over 4 years of expertise in financial reporting, month-end closures, GL review, balance sheet management, revenue and expense analysis, and grant accounting. She is currently pursuing a Master of Science in Finance Management and is a CPA candidate, expected to graduate in winter 2017. Her core skills include financial modeling, budgeting, working capital management, and proficiency in tools such as Microsoft Dynamics, FundEz, QuickBooks, Excel, and Outlook.

Her professional background includes roles as a Staff Accountant, Finance Consultant, Senior Accountant, and Financial Coordinator, where she managed financial statements, reconciliations, grant compliance, audit coordination, and internal controls. She has a proven track record of streamlining processes, ensuring compliance with GAAP and OMB regulations, and supporting audit and financial reporting activities.

Keisha holds a B.S. in Accounting from the University of Maryland with a GPA of 3.33. She is skilled in account reconciliation, financial analysis, grant management, and financial modeling, with notable accomplishments in improving internal controls and ensuring regulatory compliance.",African_American,Female,Keisha,Jones,Republican,0,No
689,INFORMATION-TECHNOLOGY,"Matthew Baker is a highly experienced accounting and finance professional with over 16 years of expertise. He specializes in accounting, budgeting, fund planning, auditing, taxation, and financial reporting. Skilled in bank reconciliations, month-end closing, accounts payable/receivable, general ledger management, fixed assets, stock valuation, and financial analysis, he is proficient in SAP, QuickBooks, Oracle, and ERP systems. His accomplishments include successfully securing significant VAT refunds and maintaining zero statutory defaults throughout his career. Matthew has held roles such as General Accountant and Accountant, managing payroll, financial statements, inter-company reconciliations, and liaising with auditors and government agencies. He holds a Bachelor's degree in Accounting from M S University and possesses strong skills in financial management, compliance, and software tools. He is seeking an Accountant or Assistant Controller position to leverage his extensive experience and contribute to organizational financial efficiency.",White,Male,Matthew,Baker,Democratic,0,No
690,INFORMATION-TECHNOLOGY,"Jill O’Brien is a dedicated construction and project management professional with extensive experience in project coordination, accounting, and administrative support. Currently serving as a Project Accountant for a high-profile school renovation, she is proficient in multiple accounting systems (AS400, SAP, JD Edwards), construction software (Bluebeam, Construction Imaging), and Microsoft Office. Her responsibilities include managing subcontractor documentation, preparing pay applications, and overseeing all construction management accounting activities.

Her prior roles include assistant to a Vice President, owner-operator of a construction business, property manager, and interior build-out manager, demonstrating a strong background in construction administration, contract management, and property leasing. Jill has developed procedures, coordinated large-scale projects, and maintained detailed tracking systems for contracts and change orders totaling over $700 million.

She holds experience in managing permits, licenses, and insurance for construction operations, and has a background in graphic design, real estate, and architectural drafting. Jill’s skills encompass project coordination, business writing, negotiations, budgeting, and property management, making her a results-oriented professional seeking increased responsibility in construction or project management roles.",White,Female,Jill,O’Brien,Democratic,0,No
691,INFORMATION-TECHNOLOGY,"Matthew McCarthy is a highly experienced and reliable Senior Accountant with a strong background in financial reporting, cash management, general ledger oversight, and compliance. He has extensive expertise in preparing financial statements, managing budgets, conducting audits, and handling government reporting requirements such as Form 990 and Form 5500. Proficient in MS Excel, Word, Outlook, and various accounting systems, he is skilled in process improvements, payroll management, and insurance renewals. With a Bachelor’s degree in Economics from City College of New York and fluency in Spanish, Matthew is a motivated team player capable of managing multiple projects under tight deadlines. His career includes over a decade of supporting organizational finance functions, ensuring accuracy, confidentiality, and compliance.",White,Male,Matthew,McCarthy,Democratic,0,No
692,INFORMATION-TECHNOLOGY,"Leroy Robinson is a dedicated professional with extensive experience in high-value residential insurance appraisal and construction, currently pursuing a BFA in Product Design at the University of Oregon. His core skills include proficiency in Adobe Photoshop, Illustrator, AutoCAD, Revit, and Microsoft Office Suite. Leroy has hands-on experience supporting interior design projects, researching materials, and organizing resource libraries. His background also includes administrative roles involving data entry, payroll, and organizational tasks. He is seeking an internship to gain practical experience in product design, leveraging his strong technical skills and design education.",African_American,Male,Leroy,Robinson,Democratic,0,No
693,INFORMATION-TECHNOLOGY,"Aisha Jones is an experienced technician and warehouse professional with skills in wiring, electrical assembly, customer service, security, and safety certifications. She has hands-on experience with wiring soft starters, assembling electronic components, operating forklifts, and maintaining a clean, safe work environment. Her background includes roles in construction, electronics assembly, security, and direct TV installation, demonstrating strong technical, communication, and leadership abilities. She is proficient in Microsoft Office, CCTV, and security systems, with additional certifications in forklift operation, security levels, and emergency response. Aisha is a team-oriented individual eager to expand her skills and contribute positively to organizational success.",African_American,Female,Aisha,Jones,Republican,0,No
694,INFORMATION-TECHNOLOGY,"Brett Sullivan is an experienced maintenance and repair professional with over 15 years of expertise in HVAC, plumbing, carpentry, and general property maintenance. He has extensive hands-on experience repairing and replacing water heaters, appliances, windows, locks, and sheetrock, as well as performing roof repairs and painting. Brett has managed inventory, coordinated with vendors, and trained staff to ensure efficient operations. His background includes residential and property complex maintenance, construction, and painting. He holds a GED and EPA Universal Certification, with skills in plumbing, roofing, painting, and general repairs.",White,Male,Brett,Sullivan,Democratic,0,No
695,INFORMATION-TECHNOLOGY,"Tanisha Washington is an experienced retail management professional with a strong background in team leadership, sales growth, inventory control, and customer service. She has demonstrated success in managing store operations, driving profitability, and developing staff through training and motivation. Her key skills include inventory management, merchandising, safety procedures, and effective communication. Tanisha has held roles such as Store Supervisor, Floor Manager, and Warehouse Worker, with notable accomplishments including completing a rigorous employee development program, maintaining perfect attendance for 10 months, and earning a promotion to supervisor within her first year. She is physically fit, detail-oriented, and proficient in using inventory and warehouse systems. Tanisha holds a High School Diploma and has completed coursework in Graphic Design. She is seeking a position with a dynamic retailer that values internal growth and employee achievement.",African_American,Female,Tanisha,Washington,Republican,0,No
696,INFORMATION-TECHNOLOGY,"Tanisha Williams is a versatile professional with extensive experience in construction, project management, and website design. She possesses strong analytical, problem-solving, and collaborative skills, with proven leadership in training subcontractors and managing complex projects. Her work history includes hands-on construction, business ownership, and client engagement, demonstrating her ability to adapt and excel in diverse environments. She is skilled in blueprint reading, scheduling, client negotiations, and website development using WordPress. Tanisha has a background in general studies from Highline Community College and is proficient with various tools and technologies, including Microsoft Office, Mac systems, networking, and design software. Her strengths lie in team collaboration, process improvement, and building professional relationships, making her a well-rounded candidate for roles requiring technical expertise, project coordination, and client interaction.",African_American,Female,Tanisha,Williams,Democratic,0,No
697,INFORMATION-TECHNOLOGY,"Tanisha Jackson is a dedicated and dependable professional with a Bachelor of Science in International Business from Stetson University. She has hands-on experience in construction demolition, assembly line painting, and bus washing, demonstrating versatility and a strong work ethic. Her key skills include assembly and paint shop work. She is highly motivated, honest, and committed to her responsibilities, making her a reliable candidate for various roles.",African_American,Female,Tanisha,Jackson,Republican,0,No
698,INFORMATION-TECHNOLOGY,"Geoffrey Ryan is a recent IT graduate with a focus on web multimedia and animation, complemented by 15 years of construction industry experience. He is highly motivated to transition into web development, bringing strong problem-solving skills, proficiency in HTML, CSS, JavaScript, PHP, and other programming languages, as well as experience developing websites and business applications. His technical coursework includes programming in Visual Basic, C#, Java, and PHP, along with web development, graphics, and systems analysis. Although new to professional web development roles, Geoffrey has demonstrated project work such as creating e-commerce sites, interactive web features, and a Flash-based game. His construction background highlights skills in planning, problem-solving, and attention to detail. He seeks an entry-level position to apply and further develop his web development skills within a reputable company.",White,Male,Geoffrey,Ryan,Democratic,0,Yes
699,INFORMATION-TECHNOLOGY,"Jay McCarthy is a dependable and detail-oriented construction professional with extensive experience in project management, home remodeling, and equipment installation. He has over 10 years of hands-on construction trade experience, including layout, steel installation, and use of power tools, as well as proficiency in interpreting blueprints and measurements. 

His background also includes leadership roles such as Chief Engineer and Account Manager, where he managed teams, oversaw inventory and procurement, handled vendor negotiations, and coordinated office and project operations. Jay is skilled in safety standards, heavy equipment operation, and construction site management. 

Additionally, he possesses strong administrative skills, including budget management, contract negotiations, and office operations, supported by proficiency in various software tools such as AutoCAD, Microsoft Office Suite, and Adobe programs. He is CPR certified and experienced in project planning, resource allocation, and team collaboration.

**Key Highlights:**
- Over 10 years of construction and project management experience
- Skilled in blueprint reading, steel installation, and heavy equipment operation
- Leadership in managing teams and coordinating large-scale projects
- Strong administrative and vendor management skills
- Proficient in AutoCAD, Microsoft Office, and safety standards
- CPR certified and physically fit for demanding construction tasks",White,Male,Jay,McCarthy,Democratic,0,No
700,INFORMATION-TECHNOLOGY,"Brett Kelly is a dependable construction professional with over 5 years of experience in masonry, heavy equipment operation, and residential and commercial construction. He has strong leadership skills, having led a crew of three workers, and is skilled in plumbing, carpentry, tiling, and structural concrete. Brett is experienced in equipment maintenance, safety procedures, and project coordination. He is bilingual in English and Spanish, proficient in Microsoft Office, and capable of reading blueprints. His background includes roles as Construction Manager, Project Manager, and Warehouse Manager, demonstrating versatility and a solid work ethic in fast-paced environments.",White,Male,Brett,Kelly,Republican,0,No
701,INFORMATION-TECHNOLOGY,"Lakisha Williams is a seasoned construction and technical support professional with extensive experience managing high-end residential and commercial projects. She excels in project management, budgeting, scheduling, safety compliance, and team leadership. Currently managing custom home construction projects valued between $600,000 and $1.6 million, she has a proven track record overseeing multi-million dollar developments, including townhomes and retail spaces. Lakisha is also a licensed general contractor, skilled in remodeling, new construction, and retail build-outs across multiple states. She possesses strong negotiation, communication, and manpower development skills, with certifications in OSHA, ICC Residential Code, Lead Abatement, and advanced drafting and networking. Her technical background includes proficiency in scheduling software (Microsoft Project, Builder Trend), programming languages, and network technologies. Currently pursuing real estate licensing, she combines construction expertise with a solid foundation in project estimation, resource management, and client relations.",African_American,Female,Lakisha,Williams,Democratic,0,No
702,INFORMATION-TECHNOLOGY,"Kareem Washington is a highly experienced Telecommunications Engineering and Construction Specialist with 20 years of expertise in Outside Plant, Wireless Backhaul, Low Latency Optimization, and related fields. He has a strong background in project management, design, engineering, estimation, budgeting, and construction methodologies for aerial and underground systems. Kareem is proficient in CAD programs (AutoCAD, Microstation, Visio), industry standards (NEC, OSHA), and project tracking tools. His roles have included Construction Coordinator, Engineer, Consultant, and Owner, overseeing fiber optic and cable plant deployments, network optimization, and emergency repairs. He has managed large-scale projects, coordinated with contractors and regulatory agencies, and ensured quality control and compliance. Kareem holds a high school diploma and has pursued electrical engineering studies at Pennsylvania State University. His key skills include construction management, network design, permitting, troubleshooting, and team supervision.",African_American,Male,Kareem,Washington,Democratic,0,Yes
703,INFORMATION-TECHNOLOGY,"Meredith O’Brien is a reliable construction professional with over 7 years of experience in diverse labor roles, including commercial construction and solar panel installation. She is skilled in site preparation, safety compliance, equipment operation (including forklifts and power tools), blueprint reading, and debris removal. Meredith has a strong work ethic, demonstrated ability to work in challenging conditions, and experience coordinating with project teams and inspectors. She holds a high school diploma and is pursuing an Associate of Science in Construction Management. Certifications include First Aid/CPR. Her work history includes roles as a Construction Laborer and Solar Panel Installer, where she performed site setup, structural assembly, electrical system troubleshooting, and high-quality solar system installations.",White,Female,Meredith,O’Brien,Republican,0,No
704,INFORMATION-TECHNOLOGY,"Kareem Jackson is an experienced Construction Manager with over 15 years of leadership in pipeline, tank, and facility construction within the oil, gas, and mining industries. He has managed projects ranging from $20 million to $120 million, supervising teams of up to 265 workers, and ensuring projects are completed on time, within budget, and safely. Kareem holds MSHA, OSHA, and TWIC certifications and is knowledgeable in industry standards such as API, ASTM, and AWS codes. His expertise includes project budgeting, scheduling, safety management, and strong stakeholder relationships. Notable accomplishments include managing large-scale tank farms, pipeline projects, and mining shutdowns. He has extensive field experience and a proven track record of safe, efficient project delivery. Kareem is skilled in leadership, communication, cost control, procurement, and technical aspects of civil, mechanical, and instrumentation work.",African_American,Male,Kareem,Jackson,Democratic,0,No
705,INFORMATION-TECHNOLOGY,"Jill Sullivan is a dependable and motivated construction professional with extensive experience in road construction, demolition, and general labor. She has a strong work ethic, excellent communication skills, and a proven ability to lead a team, having managed a crew of six workers for a year. Her skills include demolition, asphalt work, traffic control, and painting, with certifications such as OSH and union membership (Local 265). Jill has worked in various roles from planting and park maintenance to remodeling and cleaning, demonstrating versatility and reliability. She holds a high school diploma and has completed training at Drexel J. Thrash Training Center. She is experienced in fast-paced environments, committed to completing projects efficiently and exceeding expectations.",White,Female,Jill,Sullivan,Republican,0,No
706,INFORMATION-TECHNOLOGY,"Matthew Sullivan is an experienced construction professional with over 26 years of expertise in supervision, project management, estimating, budgeting, and land development. He has a strong background in commercial and residential construction, including full-site management from mobilization to completion. His skills include subcontractor supervision, blueprint interpretation, construction scheduling, and team leadership. He holds a General Contractor license and various certifications, with extensive experience managing large-scale projects up to $50 million. Matthew has worked in roles such as Construction Superintendent, Project Manager, and Owner-Operator, demonstrating proficiency in coordinating with architects, engineers, city officials, and contractors. He is proficient with construction software like Prolog and SureTrack, and is skilled in scheduling, safety standards, and client communication. His education includes a Journeyman certification and a high school diploma.",White,Male,Matthew,Sullivan,Democratic,0,No
707,INFORMATION-TECHNOLOGY,"Latoya Williams is a results-driven Certified Construction Manager in Training with over 2 years of progressive experience in the construction industry. She has a strong background in project management, site inspection, quality assurance, and safety compliance. Her expertise includes using Primavera P6, Microsoft Project, AutoCAD, Revit (BIM), and MicroStation for planning and documentation. She holds a Master’s degree in Construction Engineering and Management from the University of Texas and a Bachelor’s in Civil Engineering from Jawaharlal Nehru Technological University. Certified as a Construction Manager In Training (CMIT) and OSHA 10/30-Hour certified, Latoya has experience in project scheduling, cost control, contract administration, and field engineering. Her professional history includes roles as Construction Inspector, Project Engineer, and Traffic Engineer, demonstrating strong leadership, problem-solving, and communication skills.",African_American,Female,Latoya,Williams,Democratic,0,No
708,INFORMATION-TECHNOLOGY,"Kenya Washington is a highly experienced Construction and Engineering Manager with over 33 years of expertise in fiber and copper telecommunications projects. She has a proven track record of managing large teams of union technicians and contractors to complete complex cell tower and fiber deployment projects on time and within budget. Notably, she successfully constructed and commissioned 200 cell fiber towers for CenterPoint Energy’s Automated Metering System within three years.

Her core skills include project management, team leadership, fiber/copper splicing, cable installation (aerial, underground, buried), safety compliance, quality assurance, and customer service. She has extensive experience overseeing fiber plant construction, testing, and maintenance, as well as coordinating permits, easements, and regulatory compliance.

Kenya has held senior roles such as Construction Manager, Supervisor, and Senior Technical Analyst, demonstrating her ability to lead large-scale projects from planning through execution. She is skilled in budget forecasting, inventory control, union relations, and technical documentation. Her education includes telecommunications training from Bell Labs and a high school diploma.

She is affiliated with industry organizations like Communications Workers of America and IBEW, and possesses certifications in First Aid and CPR. Kenya’s strategic planning, problem-solving, and leadership skills make her a valuable candidate for senior roles in construction, engineering, and telecommunications project management.",African_American,Female,Kenya,Washington,Democratic,0,No
709,INFORMATION-TECHNOLOGY,"Hakim Williams is a highly motivated Construction Manager with extensive experience overseeing large-scale construction projects, including state facilities, infrastructure, and custom home building. He possesses strong knowledge of building and civil engineering principles, safety protocols, and construction best practices. Hakim is OSHA certified, a State Certified Erosion and Sedimentation Control Inspector, and holds multiple certifications in concrete, soils, asphalt, and field testing.

His expertise includes project scheduling, subcontractor management, construction inspection, quality audits, and coordination with utility providers and regulatory agencies. He has a proven track record managing budgets exceeding $14 million, ensuring timely project completion, and maintaining high safety and quality standards. Hakim has led teams through all project phases, from pre-construction planning to closeout, and has received recognition for his leadership and technical skills.

Educationally, he completed coursework in Transportation Construction Management at Virginia Tech and holds a Certificate of Completion from the Transportation Construction Management Institute. Notable accomplishments include managing complex infrastructure projects, such as septic systems, and earning praise from transportation authorities.

Key skills include construction management, safety compliance, subcontractor coordination, project planning, and technical expertise across all construction trades.",African_American,Male,Hakim,Williams,Republican,0,No
710,INFORMATION-TECHNOLOGY,"Tremayne Washington is an experienced construction professional with over 26 years of expertise, including 8+ years as a Construction Foreman overseeing multi-million dollar projects. He specializes in project scheduling, crew management, budgeting, regulatory compliance, and contract negotiation. Tremayne has a strong track record of safely operating construction equipment and managing teams of up to 10 workers, ensuring quality and efficiency. His background includes hands-on construction work, site management, and electrical engineering, with international experience in Libya, UAE, and India. He is proficient in multiple languages (English, Arabic, Hindi, Tamil, Urdu, Malayalam) and skilled in blueprint reading, problem-solving, and leadership. Tremayne holds a high school diploma and additional technical training in electrical engineering. He is seeking a challenging role in a dynamic organization to leverage his extensive construction and project management skills.",African_American,Male,Tremayne,Washington,Republican,0,No
711,INFORMATION-TECHNOLOGY,"Matthew Walsh is a dedicated logistics professional with extensive experience in shipping, receiving, and warehouse operations. He has a strong background in construction, retail, and quality assurance roles, demonstrating reliability, attention to detail, and problem-solving skills. Fluent in Spanish, he is a team player with a flexible, adaptive work ethic, capable of multitasking and handling physically demanding tasks. His key strengths include logistics management, inventory control, customer service, and safety in material handling.",White,Male,Matthew,Walsh,Democratic,0,No
712,INFORMATION-TECHNOLOGY,"Latoya Robinson is an experienced Civil Engineer with over 10 years of expertise in construction, quality control, project management, and process improvements. She holds a Master of Science in Civil Engineering from Florida International University and has strong skills in inspection, compliance, and technical analysis. Her professional background includes supervising construction projects, ensuring adherence to safety and legal standards, and coordinating with architects and contractors. Latoya is multilingual (English, French, Spanish), proficient in various engineering and design software, and actively involved in professional organizations such as ASCE and IEEE. She has received awards for customer satisfaction and employee recognition. Her interests include sports, travel, cultural experiences, and family activities.",African_American,Female,Latoya,Robinson,Democratic,0,No
713,INFORMATION-TECHNOLOGY,"Summary of Geoffrey Sullivan's Resume:

Geoffrey Sullivan is a dependable and experienced construction professional with over three years of expertise in carpentry and general construction. He has led crews, managed residential projects, and operated various tools and materials efficiently. His background includes installing roofing, cabinets, and custom woodwork, as well as supervising construction teams and running a small contracting business. 

He holds a Bachelor's degree in Religions from Azhar University and has completed multiple English and academic courses in the US and UK, demonstrating strong communication skills and cultural adaptability. Fluent in English with basic Spanish, Geoffrey is also actively involved in community and academic activities, including presenting at conferences and leading religious and educational classes.

Key Skills:
- Construction & Carpentry
- Team Leadership & Project Management
- Problem Solving & Detail Orientation
- Communication & Presentation
- Multilingual (English, basic Spanish, Arabic)

Notable Achievements:
- Led an 8-person construction crew
- Managed a two-house general contracting project
- Presented at academic conferences on cultural topics
- Active in community service, religious leadership, and educational outreach

This summary highlights Geoffrey's construction expertise, leadership abilities, and strong communication skills, making him a valuable candidate for roles requiring reliability, technical knowledge, and teamwork.",White,Male,Geoffrey,Sullivan,Democratic,0,No
714,INFORMATION-TECHNOLOGY,"Latoya Jones is a versatile professional with a background spanning healthcare, construction, and supply chain management. She holds a High School Diploma and certifications including CNA, Home Health Aide, Heavy Equipment Operator, OSHA 10, NCCER, and Construction Safety. Her work experience includes roles as a Patient Care Coordinator, Patient Care Assistant, Construction Laborer, and Supply Chain Specialist. She demonstrates strong skills in healthcare operations, compliance, team leadership, problem-solving, and process improvements. Latoya is dedicated, resourceful, and effective in managing multiple responsibilities, with a proven ability to improve efficiency and customer satisfaction. She is committed to patient advocacy, regulatory adherence, and collaborative teamwork, making her a well-rounded candidate for roles in healthcare management, patient care, or operational support.",African_American,Female,Latoya,Jones,Republican,0,No
715,INFORMATION-TECHNOLOGY,"Latoya Williams is an experienced accounting professional with 13 years of expertise in bookkeeping, general ledger accounting, payroll, and financial reporting. She is a QuickBooks Pro Advisor with strong skills in accounts receivable/payable, budgeting, and office management. Her accomplishments include improving efficiency through new systems, reducing costs, and training staff on QuickBooks. She has held roles such as Construction Bookkeeper, Full Charge Bookkeeper, Office Manager, and Bank Branch Manager, demonstrating leadership, operational management, and financial expertise. Latoya holds a high school diploma, is PA Notary Public, and possesses certifications in QuickBooks. She is proficient in MS Office, web tools, and office equipment, with excellent communication and problem-solving skills.",African_American,Female,Latoya,Williams,Democratic,0,No
716,INFORMATION-TECHNOLOGY,"Todd Ryan is a dependable and versatile worker with extensive experience in construction, maintenance, and retail stocking. He has a strong background in operating hand and power tools, safety procedures, inventory management, and customer service. Currently working as a construction worker since January 2020, Todd has demonstrated skills in building, repairs, site organization, and team coordination. He also has retail experience as a stocker, where he managed inventory, replenished stock, and assisted customers. Todd is physically capable of heavy lifting, skilled in warehouse operations, and committed to safety and efficiency. He holds a high school diploma and is interested in activities like skateboarding, gaming, and exercising.",White,Male,Todd,Ryan,Republican,0,No
717,INFORMATION-TECHNOLOGY,"Latoya Jones is a versatile professional with extensive experience in construction inspection, law enforcement, logistics, and security. She has a background in inspecting construction projects, ensuring safety compliance, and interpreting technical specifications. Her prior roles include police officer, courier, communications operator, warehouse manager, and security officer, demonstrating strong skills in safety, security, record keeping, customer service, and operational management. She holds a Basic Course for Police Officers from Burlington County Police Academy and has received multiple military awards, including the Good Conduct Medal and Navy Expeditionary Medals. Latoya is proficient in inspection, safety protocols, record keeping, communication systems, and supply management, making her a well-rounded candidate for roles requiring attention to detail, safety oversight, and operational coordination.",African_American,Female,Latoya,Jones,Republican,0,No
718,INFORMATION-TECHNOLOGY,"Tremayne Jackson is an experienced Construction Manager and Estimator with over 6 years of progressive responsibility in commercial, industrial, and municipal construction projects. He specializes in project planning, budgeting, permitting, and code compliance, with a strong track record in managing teams, coordinating bids, and ensuring quality standards. Tremayne is proficient in estimating software, AutoCAD, and MS Office, and has hands-on experience in construction site inspections, change order management, and client relations. His background also includes roles in real estate, pre-production management, and administrative support, demonstrating versatility and strong communication skills. He holds a Bachelor of Arts in Business Management from Gettysburg College.",African_American,Male,Tremayne,Jackson,Democratic,0,No
719,INFORMATION-TECHNOLOGY,"Tremayne Robinson is a versatile professional with experience in heavy construction equipment operation, leadership, and customer service. He has worked as a Horizontal Construction Engineer, where he managed work modifications, maintained equipment, and handled administrative tasks. His retail experience includes roles as a Sales Associate and Cashier, demonstrating skills in customer service, POS operations, inventory management, and team coaching. Tremayne possesses strong research, problem-solving, and time management skills, with additional competencies in administrative tasks, equipment operation, and fast-paced environment adaptability.",African_American,Male,Tremayne,Robinson,Republican,0,No
720,INFORMATION-TECHNOLOGY,"Lakisha Jones is an experienced Project Manager specializing in luxury residential construction and auto AD technologies. She has a strong track record of turning around projects, maintaining high-quality standards, and building client relationships. Her expertise includes managing all phases of construction, coordinating with contractors, and ensuring timely, on-budget project completion. She has also managed international retail store openings and community projects, demonstrating leadership and problem-solving skills. Lakisha holds a B.A. in Interior Design, has military leadership training, and extensive skills in construction management, blueprint reading, and software tools. Her background combines technical knowledge, team leadership, and client-focused solutions, making her a valuable candidate for construction and project management roles.",African_American,Female,Lakisha,Jones,Democratic,0,No
721,INFORMATION-TECHNOLOGY,"Greg Baker is a highly motivated professional with extensive experience in construction project management, financial analysis, purchasing, and project controlling. He holds a B.S. in Finance from Oakland University. 

Key strengths include proficiency in software such as SAP, Hyperion, Sage Timberline, QuickBooks, AutoCAD, and Microsoft Office Suite, along with graphic design tools like Photoshop and Illustrator. 

His career highlights include managing multiple construction projects with a focus on budgets, schedules, and scope, maintaining a gross margin over 30%, and overseeing onsite operations. He has also interned as a Project Controller and Purchasing Analyst, where he developed budgets, analyzed costs, and implemented cost-saving strategies, including saving $6 million annually through process improvements.

Greg’s skills encompass financial reporting, cost estimation, procurement, inventory management, and project coordination. He is well-versed in estimating, purchasing, financial reconciliation, and project documentation, making him a versatile candidate for roles in construction, finance, or project management.",White,Male,Greg,Baker,Republican,0,No
722,INFORMATION-TECHNOLOGY,"Allison Kelly is a dedicated Construction Management student with strong technical, analytical, and communication skills. She has hands-on experience in general construction, including site preparation, demolition, framing, and use of power tools, gained through internships and project work. Allison has also worked in customer service as a bartender/server and managed business documentation and safety compliance as a voluntary Business Manager. She is bilingual in Spanish and proficient in AutoCAD, Microsoft Office, and safety protocols. Currently seeking opportunities to apply her construction knowledge and develop new skills in a professional setting.",White,Female,Allison,Kelly,Republican,0,No
723,INFORMATION-TECHNOLOGY,"Leroy Williams is an experienced Construction and Project Manager with over 18 years in the industry, including 10+ years in project management. He specializes in residential and multi-family construction, land development, and luxury apartment communities. Leroy has a proven track record of turning around troubled projects, delivering cost savings, and ensuring on-time, under-budget completions. His expertise includes scheduling, budgeting, safety, quality control, vendor sourcing, and contract management. He has managed large-scale subdivisions, luxury apartment complexes, and custom home projects, often overseeing teams of superintendents and coordinating with stakeholders. Leroy holds a Business Administration degree, various safety and construction certifications, and has received awards for customer service and project excellence. He is proficient in construction management software, AutoCAD, Microsoft Office, and project planning tools. Leroy is results-oriented, highly organized, and driven by new challenges, making him a valuable candidate for senior construction and project management roles.",African_American,Male,Leroy,Williams,Democratic,0,No
724,INFORMATION-TECHNOLOGY,"Rasheed Jackson is a highly experienced Construction Materials Inspection and Testing professional with over 12 years of expertise. He specializes in field investigations, laboratory and field testing of construction materials, and inspection of structural and fireproofing systems. Rasheed has a strong background in geotechnical evaluations, asphalt paving, soil analysis, and compliance with regulatory standards. He holds a Bachelor of Science in Construction Management and has certifications from Florida and Texas Departments of Transportation. Known for his leadership, communication, and problem-solving skills, Rasheed is adept at managing projects, coordinating testing scopes, and ensuring quality and safety standards. His extensive experience includes working with prominent clients such as the University of Texas System, Austin-Bergstrom Airport, and local government agencies. Rasheed is a detail-oriented, goal-driven professional committed to delivering value and maintaining high standards in construction inspection and testing.",African_American,Male,Rasheed,Jackson,Democratic,0,No
725,INFORMATION-TECHNOLOGY,"Tamika Jackson is a highly experienced professional with a strong background in construction management, safety coordination, and operations. She possesses excellent skills in contract negotiation, review, and management, as well as safety program development and compliance with OSHA regulations. Her career spans roles such as Construction Support Coordinator, Safety Coordinator/Specialist, Construction & Safety Coordinator, and Construction Management Administrator, demonstrating expertise in project oversight, safety protocols, equipment operation, and administrative functions. She is results-oriented, detail-focused, and a quick learner, proficient in Microsoft Office and various safety and construction procedures. Tamika holds a Bachelor's Degree from the University of Nebraska-Lincoln and is CPR/First Aid certified. Her skills include contract management, safety training, project coordination, and team supervision, making her well-equipped for roles in construction, safety, and operations management.",African_American,Female,Tamika,Jackson,Republican,0,No
726,INFORMATION-TECHNOLOGY,"Jill Murray is a seasoned Operations Executive with extensive experience in manufacturing, shipbuilding, and industrial operations. She specializes in leading large-scale projects, implementing Lean methodologies, and driving operational improvements across multiple facilities. Her expertise includes project management, budgeting, team building, and strategic planning, with a proven track record of cost savings, schedule acceleration, and safety enhancements.

Key accomplishments include negotiating multi-million dollar labor agreements, transforming manufacturing processes to double productivity and save millions per ship, and successfully launching and managing complex shipbuilding programs with high safety and quality standards. She has led facility construction, process improvements, and organizational transformations, consistently achieving on-time delivery and cost reductions.

Her leadership roles span from Director of Ship Construction and Outfitting at shipyards to senior management positions in manufacturing and aftermarket divisions. She has a strong background in Lean implementation, team development, and stakeholder engagement, with a history of fostering high-performance teams and building strategic alliances.

Educationally, Jill holds a B.S. in Business Management from Troy State University and an A.S. in Drafting and Design Technology from John Patterson State Technical College. She possesses excellent relationship-building, problem-solving, and organizational skills, and is proficient in Microsoft Office.

Overall, Jill is a visionary leader with a comprehensive background in operations, manufacturing, and project management, capable of leading organizations through complex transformations and operational excellence.",White,Female,Jill,Murray,Republican,0,No
727,INFORMATION-TECHNOLOGY,"Todd Baker is an experienced energy solutions professional with over 9 years of expertise in energy consulting, performance contracting, HVAC estimating, and building/industrial system design. He has a proven track record in project development, managing large-scale projects exceeding $30 million annually, and supporting energy conservation and renewable energy initiatives across residential, commercial, healthcare, data centers, and industrial facilities.

Key accomplishments include awards for innovation and social contributions, certifications in energy management, and leadership in developing processes for new business units. Todd has extensive experience in estimating, designing, and implementing HVAC and energy systems, with strong skills in project planning, system testing, and client relationship management.

His technical skills encompass automation systems (PLC, DCS, SCADA), energy management, and building management systems, complemented by certifications and active involvement in professional organizations. Todd seeks a challenging role to leverage his expertise in energy engineering, project management, and sustainable building solutions.",White,Male,Todd,Baker,Republican,0,No
728,INFORMATION-TECHNOLOGY,"Jill Ryan is an experienced Construction Safety Manager with 17 years of expertise in safety procedures, team training, and regulatory compliance across major construction projects, including the Linac Coherent Light Source. She has a strong background in fall protection, excavation safety, LOTO, and environmental safety, with certifications in OSHA 500/510, Hazardous Waste, and Environmental Response. Jill has managed safety operations on large-scale projects, conducted safety inspections, root cause analyses, and training, ensuring adherence to federal, state, and local regulations. She is bilingual in English and Spanish, with skills in electrical safety, crane inspection, and quality management. Her education includes an Associate of Science in Construction Management and multiple OSHA safety courses. Recognized as Employee of the Year in 2005, Jill is committed to effective safety implementation and team leadership in construction environments.",White,Female,Jill,Ryan,Republican,0,No
729,INFORMATION-TECHNOLOGY,"Emily Murphy is an experienced construction and project management professional with over 10 years of expertise in real estate, civil, commercial, and residential construction. She has a strong background in project coordination, procurement, business development, and contract management, with a proven track record of leading multi-million dollar projects and organizations through start-up and growth phases. Emily is skilled in budget management, team leadership, site supervision, and client relations, with certifications in Construction Management, LEED, and Real Estate. Her work history includes roles as Construction Management Assistant, Project Coordinator, and Business Developer, where she successfully managed large-scale projects, reduced costs, and increased sales. She is proficient in industry software such as AutoCAD, Bluebeam, QuickBooks, and Microsoft Office. Emily seeks to leverage her leadership and management skills to advance as a top-level construction manager.",White,Female,Emily,Murphy,Democratic,0,No
730,INFORMATION-TECHNOLOGY,"Latonya Jones is a highly experienced Property and Facilities Specialist with over 10 years of managing a diverse portfolio of commercial and residential properties, totaling over 1 million square feet and 1,000 units. She excels in property management, budgeting, leasing, marketing, and project oversight, with a strong background in construction, renovation, and cost control. Her career includes roles as a Construction Services Project Manager, President and Manager of residential developments, and Facilities Manager, demonstrating leadership in large-scale property operations, construction, and tenant relations. She holds a Bachelor of Science degree, a Pennsylvania Real Estate License, and has completed numerous seminars on asset management, financing, and environmental issues. Skilled in asset management, financial analysis, staff supervision, and cost reduction, Latonya is seeking a permanent position as a Facilities Specialist or Property Manager.",African_American,Female,Latonya,Jones,Republican,0,No
731,INFORMATION-TECHNOLOGY,"Ebony Robinson is a dedicated and resourceful professional with extensive experience in construction, quality inspection, and customer service. She has a strong background in handling materials, operating heavy machinery (forklifts, cranes, excavators), and maintaining safety standards. Her skills include tool operation, equipment maintenance, quality control, and team collaboration. She has worked on large-scale housing projects, performed quality inspections on steel products, and provided excellent customer service in retail settings. Ebony holds certifications in forklift operation, crane operation, OSHA safety, and heavy equipment repair. She is punctual, detail-oriented, and capable of working under deadlines, making her a well-rounded candidate for roles in construction, manufacturing, or safety compliance.",African_American,Female,Ebony,Robinson,Republican,0,No
732,INFORMATION-TECHNOLOGY,"Darnell Jones is an experienced construction professional with a background in project management, site supervision, and construction operations. He has over a decade of experience overseeing construction projects, coordinating teams, ensuring safety and quality standards, and managing client relationships. His skills include communication, problem-solving, contract negotiation, and regulatory compliance. Darnell holds associate degrees in Criminal Justice and Graphic Design, with additional military training in visual communications and safety. His work history includes roles as Construction Site Manager, Superintendent, and Foreman, demonstrating leadership in residential, commercial, and industrial projects. He is adept at blueprint reading, safety audits, cost estimation, and documentation, with a strong focus on safety, quality, and client satisfaction.",African_American,Male,Darnell,Jones,Republican,0,No
733,INFORMATION-TECHNOLOGY,"Aisha Jones is a highly experienced safety professional with over five years of hands-on expertise in occupational safety, emergency management, and risk analysis. She has a strong background in safety coordination within construction and industrial environments, including site inspections, safety reporting, employee training, and policy development. Aisha is proficient in OSHA compliance, hazard identification, and implementing safety programs that reduce accidents. She holds an associate degree in Risk Management and Construction Administration, along with certifications in construction safety, fire fighting, CPR, forklift operation, and HAZMAT. Her career includes roles as Construction Safety Officer and Safety Coordinator, where she successfully led safety audits, incident investigations, and safety training initiatives. A resourceful and extroverted professional committed to promoting workplace safety and regulatory compliance.",African_American,Female,Aisha,Jones,Republican,0,No
734,INFORMATION-TECHNOLOGY,"Carrie O’Brien is a dedicated civil engineer and seasoned construction project manager with over 5 years of experience in managing large-scale projects, including housing developments and infrastructure. She holds a Master’s degree in Civil Engineering from Auburn University, where she also participated in construction law, project management, and cost estimation coursework. Carrie has demonstrated strong leadership skills, supervising teams of up to 25 employees, maintaining safety standards, and ensuring project compliance and efficiency. Her technical proficiency includes AutoCAD, MS Project, and other industry tools. She has managed budgets exceeding $2 million, coordinated with clients and regulatory agencies, and contributed to various infrastructure and urban planning projects. Additionally, Carrie is a former national-level tennis champion and registered tennis coach, reflecting her leadership, discipline, and commitment. She is authorized to work in the U.S. and aspires to establish her own construction management firm in the future.",White,Female,Carrie,O’Brien,Democratic,0,No
735,INFORMATION-TECHNOLOGY,"Neil O’Brien is a highly experienced construction and project management professional with over 25 years of expertise in commercial and residential construction, including land development, vertical construction, renovation, and ancillary facilities. Currently serving as Vice President of Construction at DadeStar Group, he provides leadership across all construction operations, ensuring projects are completed on time and within budget. Neil has a strong background in budget management, contract administration, safety compliance, and team mentorship, having managed large-scale projects up to $25 million and supervised teams of over 160 workers.

His previous roles include Regional Project Manager, Operation Manager, and Quality Assurance Manager, with notable projects such as FEMA roofing after Hurricane Katrina, military facility renovations, and cemetery restorations. Neil is proficient in project budgeting, cost containment, regulatory compliance, and quality control, with extensive experience in subcontractor bidding, site safety, and client relations.

Educationally, he holds an Associate of Arts in Mechanical Engineering and has completed advanced coursework in Industrial Engineering and Environmental Law. His skill set encompasses construction management, business development, contract negotiations, safety, quality assurance, and process improvement. Neil is a results-oriented leader with a proven track record of delivering high-quality projects and mentoring construction teams.",White,Male,Neil,O’Brien,Democratic,0,No
736,INFORMATION-TECHNOLOGY,"Meredith Kelly is an experienced Construction Manager with a strong background in residential, commercial, and specialized infrastructure projects, including aerospace and government facilities. She specializes in cost-effective solutions, project budgeting, scheduling, site safety, and regulatory compliance. Her leadership includes managing multi-million dollar projects, supervising diverse teams, and coordinating complex scopes of work with multiple subcontractors. She has extensive experience working with federal agencies such as NASA, USAF, and USACE, overseeing design reviews, construction oversight, and infrastructure modifications. Meredith holds a Bachelor of Architecture from Montana State University and certifications in Microsoft Office, Microsoft Project, and OSHA safety programs. Her skills encompass construction management, cost control, permits, building codes, and technical support, making her a highly organized and detail-oriented professional suited for large-scale construction projects.",White,Female,Meredith,Kelly,Democratic,0,No
737,INFORMATION-TECHNOLOGY,"Jermaine Washington is a motivated Construction Manager with extensive experience in large-scale corporate and residential projects, including tower communications, electrical systems, and energy conservation. He is CPR and first aid certified, with specialized training in storm water compliance and exothermic welding. His technical skills include knowledge of transformers, high voltage switchgear, and power systems, along with proficiency in MS Excel and Word.

Key strengths include project management, subcontractor coordination, safety oversight, and client relations. He has managed budgets exceeding $10M across over 100 sites, overseeing construction, installation, and maintenance of communication towers and electrical infrastructure. Jermaine excels in process improvement, scheduling, and ensuring quality standards.

His professional background includes roles as Construction Manager and Superintendent, with responsibilities ranging from site supervision, blueprint reading, and permit coordination to tower installation and electrical work. He holds a high school diploma and demonstrates strong interpersonal, conflict resolution, and customer service skills.",African_American,Male,Jermaine,Washington,Democratic,0,No
738,INFORMATION-TECHNOLOGY,"Lakisha Jackson is a highly motivated construction professional with extensive experience in managing large-scale commercial and military construction projects. She has a proven track record of overseeing projects up to $35 million, including military headquarters and data centers, ensuring compliance with regulations, and coordinating with various stakeholders such as architects, engineers, contractors, and government officials. Her expertise includes project planning, estimation, procurement, safety systems, and facilities management across multiple locations. She holds a Bachelor’s degree in Construction Management from the University of Nebraska and has strong skills in project management, budgeting, CAD, and safety protocols. Lakisha is recognized for her leadership, attention to detail, and ability to handle emergency situations effectively.",African_American,Female,Lakisha,Jackson,Republican,0,No
739,INFORMATION-TECHNOLOGY,"Carrie McCarthy is a dedicated maintenance and construction professional with over 5 years of experience. Her expertise includes equipment repair, carpentry, roofing, HVAC maintenance, and general construction. She is skilled in troubleshooting electrical and mechanical systems, operating heavy machinery, and performing detailed carpentry and flooring work. Carrie has a strong safety record, knowledge of compliance standards, and the ability to work independently or as part of a team. Her background includes residential and commercial projects, equipment maintenance, and RV repairs. She holds a high school diploma and is known for her resourcefulness, organizational skills, and positive attitude.",White,Female,Carrie,McCarthy,Democratic,0,No
740,INFORMATION-TECHNOLOGY,"Latoya Williams is an experienced accounting professional with over 15 years of expertise in corporate and construction accounting. She possesses strong leadership, analytical, and communication skills, with a proven track record in team management, staff development, and process improvement. Her core competencies include account reconciliations, financial statement analysis, general ledger management, internal controls, and audit coordination. 

Her work history highlights roles such as Construction Accountant, Accounting Supervisor, Senior Accountant, and Junior/Staff Accountant, where she managed complex accounts, prepared financial reports, led system automation projects, and ensured compliance with GAAP, SEC regulations, and Sarbanes-Oxley. She has a Master’s in Business Administration with a focus on Finance and a Bachelor’s in Accounting. 

Latoya is a dependable leader and problem solver, skilled in streamlining processes, implementing internal controls, and supporting audit activities. She is proficient in SAP, SQL, and various accounting procedures, making her a valuable candidate for senior accounting or financial management roles.",African_American,Female,Latoya,Williams,Republican,0,No
741,INFORMATION-TECHNOLOGY,"Carrie McCarthy is a highly experienced professional with over 15 years of work in planning, development, construction, and project management, complemented by a strong technical background in AutoCAD and GIS systems. She holds a Master's in Business Management and a Bachelor's in Geography Business Information Systems, along with multiple certifications including OSHA, CPR, and project management.

Her career highlights include consulting on government housing projects in South Africa, managing operations and business expansion, coordinating community development projects with Tribal Councils, and leading technical mapping and resource planning for uranium exploration. She has extensive experience in community planning, natural resource management, and construction oversight.

Carrie possesses strong leadership, communication, and technical skills, with expertise in project development, business networking, community planning, and government relations. She is well-equipped for roles requiring strategic planning, technical proficiency, and cross-cultural collaboration.",White,Female,Carrie,McCarthy,Republican,0,No
742,INFORMATION-TECHNOLOGY,"Hakim Jones is an experienced construction and project management professional with a strong background in wireless infrastructure, site coordination, and team leadership. He possesses excellent supervisory, organizational, and customer service skills, with certifications in forklift and HAZMAT safety. Hakim has successfully managed large crews, oversaw multiple wireless construction projects (including T-Mobile, AT&T, and Sprint), and trained over 23 workers and apprentices. His technical expertise includes blueprint reading, quality control, site safety, and equipment operation. Additionally, he has firefighting and EMT experience, along with property preservation and telecommunications installation skills. Hakim holds extensive field experience, including managing multi-site projects across various states, and has a solid educational background with coursework toward a bachelor's degree.",African_American,Male,Hakim,Jones,Democratic,0,No
743,INFORMATION-TECHNOLOGY,"Tremayne Jones is a versatile professional with extensive experience in project coordination, office administration, and management. He possesses strong skills in business analysis, operations, risk management, and conflict resolution, with proficiency in Microsoft Office, Google Applications, QuickBooks, and business analysis tools. His background includes construction project coordination, where he managed project schedules, liaised with clients, and ensured contract compliance, as well as administrative roles focused on client relations, data management, and financial record-keeping. Tremayne has also worked in marketing support and early management roles, demonstrating leadership and team-building abilities. He holds certifications in OSHA safety and property & casualty insurance, complemented by advanced coursework in business administration and IT. He is a proactive self-starter with a positive attitude, seeking challenging opportunities to leverage his skills in a dynamic environment.",African_American,Male,Tremayne,Jones,Republican,0,No
744,INFORMATION-TECHNOLOGY,"Geoffrey Kelly is a highly experienced Senior Construction Project Manager with over 20 years of expertise in EPC safety, land development, infrastructure, utilities, and public works across commercial, industrial, and residential sectors. He specializes in project estimation, planning, scheduling, safety compliance, and regulatory adherence, including Caltrans and PG&E standards. His notable projects include electrical substations, water treatment facilities, wind turbines, and large-scale land development, often managing teams of 200+ employees and extensive heavy equipment.

Key skills include proficiency in Microsoft Project, SAP, SCADA, GIS, and safety protocols such as SWPPP and Hazwoper. He holds a B.S. in Petro/Civil Engineering from USC, a Class A license, and is fluent in Spanish. His career highlights encompass managing complex projects from conception to completion within budget and schedule, ensuring safety, environmental compliance, and successful permit and inspection processes.",White,Male,Geoffrey,Kelly,Democratic,0,No
745,INFORMATION-TECHNOLOGY,"Neil Kelly is a highly motivated Construction Manager with extensive experience in civil engineering, project administration, and site supervision. He specializes in water, wastewater, transportation, and civil projects, with a strong focus on safety, quality, and efficient project delivery. Neil is OSHA certified, knowledgeable in construction safety practices, and skilled in subcontractor management, project scheduling, and design. His work history includes roles in construction administration, observation, and field engineering, overseeing large-scale infrastructure projects, utility installations, and land improvements. He has a proven track record of coordinating multiple contractors, managing permits, conducting quality audits, and ensuring timely project completion. Neil holds a high school diploma, an associate degree in engineering from CNM, and certifications in accounting and GB 98 licensing in New Mexico. His technical skills include AutoCAD, ArcGIS, cost analysis, and project documentation.",White,Male,Neil,Kelly,Democratic,0,No
746,INFORMATION-TECHNOLOGY,"Carrie McCarthy is an experienced Construction Manager with over 20 years of expertise in large-scale residential, commercial, and oil & gas infrastructure projects. She has a strong background in civil engineering principles, project planning, safety management, and subcontractor coordination. Carrie has led teams on major projects across the UAE, India, and Qatar, including offshore and onshore oil & gas facilities, pipelines, storage tanks, and structural steel works. She is fluent in Arabic and English, with proven skills in client relations, quality assurance, risk assessment, and process improvement. Her education includes a Bachelor's in Petroleum Engineering and certifications in project management. Carrie has worked with prominent companies such as NPCC, CCIC, and major oil & gas clients like Saudi Aramco, Shell, and ONGC. She is a dedicated professional committed to safety, efficiency, and project excellence.",White,Female,Carrie,McCarthy,Democratic,0,No
747,INFORMATION-TECHNOLOGY,"Jay Murphy is a detail-oriented professional with extensive experience in management, customer service, and cleaning. He possesses strong technical skills, including inventory control, safety procedures, production scheduling, and equipment operation. Fluent in Spanish, he demonstrates excellent communication, active listening, and team leadership abilities. His work history includes roles as a Store Manager at CVS and other retail management positions, with a background in construction and residential cleaning, as well as shipping and quality control. Jay is dependable, self-directed, and committed to providing excellent customer service, with a professional appearance and a strong work ethic. He holds a GED and is skilled in multitasking, planning, and maintaining a safe, organized work environment.",White,Male,Jay,Murphy,Republican,0,No
748,INFORMATION-TECHNOLOGY,"Kareem Washington is a seasoned Senior Construction Manager with over 19 years of experience in residential and commercial construction. He specializes in project scheduling, budgeting, contract negotiation, and overseeing construction activities to ensure compliance with safety and environmental standards. Kareem has managed large-scale projects up to $32 million, supervising teams of over 50 workers, and has a proven track record of high project success rates (96.5%). His expertise includes LEED certification, environmental sustainability, site safety, and building codes. He is OSHA, forklift, and HAZMAT certified, with strong skills in project management, cost control, blueprint reading, and team training. Kareem holds a Bachelor’s degree in Construction Management Technology from Ohio State University and has extensive experience coordinating with contractors, clients, and regulatory agencies. Known for organization, safety leadership, and thorough project oversight, he is well-equipped to lead complex construction projects efficiently.",African_American,Male,Kareem,Washington,Republican,0,No
749,INFORMATION-TECHNOLOGY,"Leroy Jackson is an experienced Project Coordinator with a strong background in Site Acquisition and Construction. He has managed over 600 projects, ensuring timely purchase orders, site compliance, and maintaining a 99% client satisfaction score. Leroy is proficient in budget management, report compilation, and daily site acquisition tasks using MS Office, NORAD, Oracle, Nsite, and other tools. His prior roles include Construction Coordinator, handling document accuracy and vendor coordination for over 1,000 sites, and Administrative Assistant/Office Manager, providing high-level administrative support, managing finances, and organizing operations for multiple companies. He holds a BA from the University of the Incarnate Word and a Paralegal Certificate from the University of Texas. Skills include project management, budget reconciliation, data entry, client communication, and administrative support.",African_American,Male,Leroy,Jackson,Democratic,0,No
750,INFORMATION-TECHNOLOGY,"Kristen Baker is a highly experienced Mechanical Engineer and construction professional with over 15 years of expertise in facilities design, construction, and maintenance across residential, commercial, and public sectors. She holds an MBA from the University of Florida, a Mechanical Engineering degree from Cal Poly, and a General Contractor's license with additional certifications. 

Her key accomplishments include managing a $10M condominium project, building the West Melbourne City Hall, developing a 10-year facility plan for Walt Disney World, and leading iconic attraction conversions. Kristen has held leadership roles such as Director of Facilities and Construction, Project Manager, and General Manager, overseeing large-scale projects like public buildings, entertainment venues, and infrastructure systems.

Her skills encompass project management, cost estimation, energy efficiency, sustainability initiatives, and client communication. She has a proven track record of delivering projects from $30,000 to $30 million, with a focus on innovative design, effective team leadership, and client satisfaction. Kristen is passionate about building legacies through honest, creative collaboration with business owners, government officials, and stakeholders.",White,Female,Kristen,Baker,Democratic,0,No
751,INFORMATION-TECHNOLOGY,"Latonya Jones is a resourceful Office Manager with over 10 years of experience in business management, legal administration, and construction project coordination. She excels in office operations, personnel organization, and legal support across various practice areas including corporate, intellectual property, bankruptcy, family law, and more. Her technical skills include proficiency in Microsoft Office, legal software, data entry, and office systems. She has a proven track record of improving office efficiency, managing large projects such as office relocations, and developing company policies. Latonya has experience in property management, emergency dispatch, and construction project coordination. She holds associate degrees in Business Administration and Paralegal Studies. She is known for her strong interpersonal skills, ability to handle pressure, and effective leadership.",African_American,Female,Latonya,Jones,Republican,0,No
752,INFORMATION-TECHNOLOGY,"Neil McCarthy is an experienced Design and Construction Project Manager with over 13 years of managing multimillion-dollar projects in the US and abroad, including in New York City and London. He specializes in overseeing all phases of design and construction, from conceptualization to completion, ensuring projects are completed on time and within budget. Neil has strong skills in contract negotiations, budget management, procurement, and coordinating with architects, engineers, subcontractors, and vendors. He is fluent in English and Italian, with working knowledge of Spanish and French. His background includes managing restaurant and residential projects, sourcing materials internationally, and ensuring compliance with building codes and safety standards. Neil holds a BA in Museum Studies, Art History, and Italian from The City College of New York and The University of Vermont. He is certified in project management, budget development, and construction-related areas. He is seeking a challenging project management role in Connecticut to leverage his extensive experience and skills.",White,Male,Neil,McCarthy,Republican,0,No
753,INFORMATION-TECHNOLOGY,"Brad Murphy is an experienced Construction Equipment Operator, Carpenter, and Military Construction Foreman with a strong background in heavy equipment operation, construction management, and military engineering. He has over 20 years of experience, including serving as a Training Specialist for U.S. Army construction equipment, overseeing training development, and managing budgets. His military career as a Combat Engineer and Platoon Sergeant involved leading large teams, managing construction projects in Iraq, and mentoring personnel in various construction and technical skills. Brad holds a Bachelor’s degree in Construction Management and an Associate’s in Architectural/Construction Technology. He possesses active Secret clearance, multiple certifications (including CDL Class A, AutoCAD, Hazmat, and Safety), and extensive technical skills with heavy machinery. Notable accomplishments include supervising numerous construction projects, training hundreds of military personnel, and developing specialized safety courses. He is dependable, safety-conscious, and highly motivated to produce quality work under tight deadlines.",White,Male,Brad,Murphy,Republican,0,No
754,INFORMATION-TECHNOLOGY,"Jay O’Brien is a seasoned Mechanical Engineer with over 7 years of experience specializing in construction and piping for EPC Oil & Gas projects, both onshore and offshore. His expertise includes structural work, process piping, underground piping, flow lines, pipelines, pressure vessels, storage tanks, and static/rotating equipment. He has extensive hands-on experience with offshore platform construction, marine pipe-laying, platform modifications, and commissioning.

Key qualifications include proficiency in AutoCAD, SolidWorks, Visio, Microsoft Office Suite, ASME standards, and technical writing. He has managed complex piping installation, fabrication, and commissioning activities, ensuring adherence to safety and quality standards.

Professional experience highlights:
- Leading offshore platform construction, including pipe-laying, deck extensions, wellhead hook-ups, and platform modifications using marine barges and rigs.
- Onshore piping projects such as pipeline construction, tank fabrication, and plant modifications.
- Supervising piping installation, risk assessments, material management, and quality control.
- Coordinating with contractors and vendors for testing, commissioning, and project completion.

Educational background:
- Bachelor of Mechanical Engineering (2009).

Skills include project management, technical review, site supervision, safety compliance, and quality assurance in oil and gas construction environments.",White,Male,Jay,O’Brien,Democratic,0,No
755,INFORMATION-TECHNOLOGY,"Jermaine Jackson is an experienced purchasing and materials management professional with over 15 years of expertise in procurement, logistics, inventory control, and operations. He holds a B.S. in Business Administration with a minor in Industrial Engineering, an A.A.S. in Engineering Technology, and certifications including OSHA-30 and Certified Purchasing Manager (C.P.M.). His career includes roles such as Safety Professional, Construction Supervisor, Buyer, General Manager of Inventory Control, and Senior Purchasing Agent, with extensive experience in negotiating vendor contracts, developing procurement strategies, implementing inventory systems like JIT and MRPII, and leading cross-functional teams. Jermaine has a strong track record of cost savings, process improvements, and compliance with ISO standards. Skilled in procurement software, logistics, safety protocols, and financial analysis, he is seeking a Purchasing Manager position in Western New York to leverage his leadership and strategic sourcing skills for organizational growth.",African_American,Male,Jermaine,Jackson,Democratic,0,No
756,INFORMATION-TECHNOLOGY,"Emily Murphy is an experienced Project Manager and Construction Professional with a strong background in managing large-scale construction and telecommunications projects. She has over a decade of leadership in construction management, including LTE site builds and residential projects, demonstrating expertise in project scheduling, budgeting, quality assurance, and safety compliance. Emily is proficient in MS Office, project management tools, and construction blueprint reading. Her previous roles include Lead Construction Manager for AT&T LTE projects, owner and general contractor overseeing 300+ projects, and managerial positions in retail and IT support. She is pursuing PMP and Cisco certifications and holds various technical and safety certifications. Emily's skills encompass project coordination, team leadership, process improvement, and client relations, making her a highly capable candidate for roles requiring construction, project management, or operations expertise.",White,Female,Emily,Murphy,Republican,0,No
757,INFORMATION-TECHNOLOGY,"Keisha Washington is a highly experienced, tech-savvy Project Manager with a strong background in project management, IT support, and construction. She has founded and managed TSI LLC, providing affordable computer support and network security services. Her extensive experience includes managing large-scale commercial construction projects, overseeing residential luxury home builds, and leading technical teams in broadband and network services. Keisha holds a B.S. in Technical Management and an A.S.. in Computer Network Information Systems, along with a Check Point Security Certification. She excels in process improvement, team leadership, client relations, and ensuring compliance with industry standards such as HIPAA and OSHA. Her skills encompass project coordination, network design, security, client management, and technical training, making her a versatile candidate for roles requiring technical expertise and project leadership.",African_American,Female,Keisha,Washington,Democratic,0,Yes
758,INFORMATION-TECHNOLOGY,"Brad O’Brien is a highly experienced construction and safety management professional with 23 years in the industry, including 18 years of supervisory and managerial roles. He has a proven track record of leading large-scale projects at the Benicia Refinery, maintaining exceptional safety statistics (<0.5 TRIR), and managing both union and non-union crews. His expertise spans safety programs, project planning, resource allocation, budget control, and environmental compliance. Brad has successfully managed multi-year tank plans, developed strategic safety and operational plans, and overseen complex construction projects, including VIP and battery limit upgrades. He is a strong leader with excellent communication, team-building, and emergency response skills, holding various safety certifications and active community involvement. Brad’s background includes operational supervision, construction coordination, and safety leadership, making him well-equipped to lead safety and construction teams effectively.",White,Male,Brad,O’Brien,Republican,0,No
759,INFORMATION-TECHNOLOGY,"Ebony Jackson is an experienced Construction and Facilities Project Manager specializing in healthcare construction. She has successfully managed large-scale projects over $20 million, including hospital and medical office developments, with a strong track record of delivering projects on time and within budget. Her expertise includes all project phases from initiation to closeout, with skills in planning, budgeting, scheduling, negotiation, and regulatory compliance. Notable projects include a 45,420 sq. ft. Radiation Therapy center and an $11.8M MSK facility. Ebony holds a PMP certification, an MBA from the University of Phoenix, and a Bachelor’s in Design Science from Arizona State University. She is proficient in managing multidisciplinary teams and ensuring project quality and regulatory adherence, making her a valuable asset for healthcare construction projects.",African_American,Female,Ebony,Jackson,Democratic,0,No
760,INFORMATION-TECHNOLOGY,"Latoya Jones is a versatile professional with experience in construction, education, arts, customer service, and community outreach. She has worked as a general laborer, assisting in construction projects with skills in plumbing, carpentry, painting, and safety procedures. She also has teaching experience, developing curriculum and engaging students, along with a long-standing background as a musician, artist, poet, and mentor, demonstrating creativity and communication skills. Additionally, she has held roles involving customer service, inventory management, and project coordination, showcasing reliability, safety awareness, and team leadership. Her education includes coursework in business, nutrition, sanitation, and communication, with a high school diploma and ongoing studies. She is a dedicated, adaptable, and energetic team player committed to continuous improvement and success.",African_American,Female,Latoya,Jones,Democratic,0,No
761,INFORMATION-TECHNOLOGY,"Brendan Murray is a highly motivated U.S. Army veteran with extensive experience in property accountability, logistics, equipment maintenance, and team leadership. He has over 13 years of military service, including roles as a Construction Equipment Repairer, Shop Foreman, and Squad Leader, overseeing large inventories and supervising up to 40 personnel across multiple countries. Brendan holds numerous military awards, including the Army Achievement Medal and Meritorious Service Medal, and has managed assets valued at over $65 million with zero losses.

His skills encompass mechanical and electrical troubleshooting, hydraulic and pneumatic systems, HAZMAT handling, emergency response, and small arms expertise. He is proficient in computer applications such as Microsoft Office, Windows, and Mac, with strong communication, customer service, and public relations abilities. Brendan is also experienced in budget planning, resource management, and strategic planning.

Educationally, he holds a high school diploma from Miami Northwestern Senior High. His accomplishments include advanced military training, certifications in hazardous waste management, and multiple medals recognizing his service and leadership.

Brendan is a dependable leader with a proven track record in logistics, equipment maintenance, and team supervision, making him well-suited for roles requiring operational management, technical expertise, and strategic planning.",White,Male,Brendan,Murray,Republican,0,No
762,INFORMATION-TECHNOLOGY,"Keisha Jones is a highly experienced construction management professional with over 30 years of expertise in project oversight, safety, budgeting, and client relations. She holds a Bachelor's in Marketing and an MBA in Finance from Southeastern University. Currently, she serves as a Senior Construction & Safety Project Manager, managing complex construction projects, ensuring safety compliance, controlling costs, and coordinating with stakeholders to meet project deadlines and budgets. Her previous roles include senior project management and operations management, with a strong background in federal contracts, financial analysis, and team leadership. She is skilled in various software tools (Microsoft Office, Timberline, Peoplesoft, Deltek Costpoint) and holds certifications in OSHA and blueprint reading. Keisha is a results-oriented professional recognized for thoroughness, safety leadership, and effective communication, seeking roles in project management, sales/marketing, or construction management to contribute to organizational success.",African_American,Female,Keisha,Jones,Democratic,0,No
763,INFORMATION-TECHNOLOGY,"Latoya Jackson is an experienced construction and project management professional with a background in architecture and historic preservation. She has over 10 years of experience managing construction projects, including supervising large-scale restorations and coordinating multiple projects simultaneously. Her skills include project scheduling, contract compliance, contractor oversight, and technical guidance. She holds a Master’s in Historic Preservation from Pratt Institute and a B.S. in Architecture from City College of New York. Latoya is bilingual in English and Spanish, with certifications in asbestos and lead inspection, as well as design rendering. Her work history demonstrates strong leadership in construction management, project coordination, and client service, making her a valuable candidate for roles in construction and project management.",African_American,Female,Latoya,Jackson,Republican,0,No
764,INFORMATION-TECHNOLOGY,"Jill Walsh is a highly experienced Facilities and Construction Management professional with 30 years of leadership in managing large-scale properties, including 22 years in Higher Education. She has expertise overseeing extensive assets—600 acres, 150 buildings, and a diverse staff of union and non-union personnel—focusing on operations, maintenance, capital projects, safety, and compliance. Jill holds certifications such as FMP, Certified Project Manager, and Licensed Master Electrician, with technical strengths in electrical systems, fire and security, HVAC, energy management, and code compliance.

Her recent role as Senior Facilities and Construction Project Manager involves managing multi-disciplinary construction and maintenance projects in a complex residential community in Manhattan. Previously, she served as Director of Buildings, overseeing a 2+ million sq. ft. campus with a $10 million annual budget, leading strategic planning, vendor negotiations, and emergency management. Jill’s background includes project estimation, electrical systems, infrastructure management, and union negotiations.

Educational credentials include a degree in Electrical Engineering Technology and certifications in Facilities Management and Technology Management. She is skilled in budgeting, project design, safety, team building, and regulatory compliance, making her a strong candidate for senior facilities leadership roles.",White,Female,Jill,Walsh,Democratic,0,No
765,INFORMATION-TECHNOLOGY,"Greg O’Brien is a dedicated and motivated Administrative Assistant with extensive experience supporting academic departments, managing office operations, and providing exceptional customer service. He possesses strong organizational, communication, and decision-making skills, with proficiency in Microsoft Office, spreadsheet development, and office etiquette. Greg has a proven track record of supervising staff, coordinating events, managing calendars, handling correspondence, and supporting faculty and students. His work history includes roles in construction management support, office management, client services, shipping coordination, and website/social media management. He is results-oriented, resourceful, and detail-focused, with a solid background in legal administrative support, meeting planning, and data management. Greg holds a GED and an Adult High School Diploma, and his skills include executive support, multi-task management, and time management.",White,Male,Greg,O’Brien,Republican,0,No
766,INFORMATION-TECHNOLOGY,"Kristen O’Brien is a highly experienced Civil Engineer with 16 years of expertise in large-scale construction and project management, primarily with Kiewit, a top North American contractor. She specializes in project planning, execution, and controls, with a strong focus on safety, quality, schedule, and cost management. Kristen has managed complex projects including design-build highway and civil infrastructure, fiber optic networks, and transit station renovations, often overseeing budgets up to $550 million. She has extensive experience in contract negotiation, change order management, schedule development, and claims analysis. Her technical skills include project controls, CPM scheduling, cost estimating, and document control. Kristen holds a B.S. in Civil Engineering from the University of Kentucky and has demonstrated success in delivering projects on time and within budget despite delays. She is a skilled communicator and team leader with a proven track record of managing multidisciplinary teams and coordinating large-scale construction activities.",White,Female,Kristen,O’Brien,Republican,0,No
767,INFORMATION-TECHNOLOGY,"Keisha Robinson is an experienced healthcare executive specializing in facility planning, design, and construction within large academic medical centers. She has led major projects including the development of hospitals and outpatient centers, managing over $1 billion in construction. Her expertise encompasses strategic planning, operational improvement, team leadership, contract negotiation, and capital budget management. Keisha has a strong background in integrating multidisciplinary teams, overseeing large-scale capital projects, and coordinating real estate and community relations. She holds a Master’s in Business Administration from the University of Wisconsin-Milwaukee and a Bachelor’s in Biology/Psychology from Niwot College. Additionally, she is actively involved in international and community service organizations, with leadership roles in nonprofit boards and professional societies.",African_American,Female,Keisha,Robinson,Democratic,0,No
768,INFORMATION-TECHNOLOGY,"Anne O’Brien is a versatile management professional with 8 years of U.S. Air Force experience, specializing in pavement and construction equipment, airfield operations, and electrical power production. She has demonstrated leadership in project management, airfield repair, snow removal, force protection, and safety programs. Her technical expertise includes generator operation, concrete and asphalt pavement repair, and snow removal operations. Anne holds an Associate of Applied Science in Construction Technology and Electrical and Mechanical Technology, with additional specialized training in airfield damage repair, contingency power generation, and leadership. She has received multiple awards, including the Joint Service Commendation Medal, Air Force Achievement Medal, and various unit and service medals. Known for strong communication, leadership, and technical skills, she is well-equipped for roles requiring project management, technical troubleshooting, and operational leadership.",White,Female,Anne,O’Brien,Republican,0,No
769,INFORMATION-TECHNOLOGY,"Todd Kelly is an experienced banking and real estate professional with over 22 years of customer service and 13 years specializing in commercial real estate lending, including distressed/workout loans and SBA loans. He has a strong background in loan processing, documentation, asset management, and foreclosure activities. Todd is highly organized, with excellent communication, leadership, and multitasking skills, and proficient in various software tools such as Microsoft Office, loan file databases, and asset management systems. His career includes roles as Loan Assistant, Senior Lending Assistant, and AVP, working closely with clients, attorneys, and internal teams to manage loan portfolios, coordinate closings, and handle distressed assets. Todd holds certifications in nursing assistance and fashion display, with additional coursework in financial analysis and tax preparation. He seeks a position in banking or lending where he can leverage his extensive experience and customer service expertise to add value.",White,Male,Todd,Kelly,Democratic,0,No
770,INFORMATION-TECHNOLOGY,"Carrie Ryan is a highly experienced Registered Professional Engineer specializing in global project and construction management within the civil, environmental, and structural engineering sectors. She has a proven track record of leading large-scale offshore, refinery, water, and wastewater pipeline projects, with expertise in bid and specification preparation, contract negotiations, budget and cost control, safety leadership, and team mentoring.

Key accomplishments include significant cost savings (over $3.25M), early project completions, and managing multi-billion-dollar projects such as offshore platform modifications, FPSO modules, and pipeline installations. She has led international teams, negotiated major contracts, and contributed to high-profile projects like the $8B Rosebank FPSO and $2B Mafumeira Sul modules.

Carrie holds a Master’s and Bachelor’s degree in Civil Engineering, multiple professional engineering licenses across several states, and certifications in project management and operational excellence. Her skills encompass project management, construction oversight, safety, contract negotiation, and stakeholder communication, making her a strong candidate for senior engineering and project management roles in complex, high-stakes environments.",White,Female,Carrie,Ryan,Republican,0,No
771,INFORMATION-TECHNOLOGY,"Rasheed Jones is an experienced civil construction materials testing and inspection professional with over 14 years of progressive expertise. He specializes in reinforced concrete, rebar, soil, asphalt, and epoxy anchor bolt inspections, with extensive field testing and lab management experience. Rasheed has held roles such as Special Inspector, Materials Technician, Lab Manager, and Quality Control Inspector, demonstrating leadership, technical proficiency, and adherence to industry standards including ASTM, NQA-1, and state specifications. He possesses strong communication skills, proficiency in Microsoft Office, and a growing knowledge of GAAP. His educational background includes a Bachelor of Science in Accounting with a minor in Cyber Security, along with various certifications such as AI Field Testing Technician Level 1 and Nuclear Densometer Safety Handler. Rasheed is seeking a position to leverage his technical skills, leadership, and work ethic to contribute effectively to a dynamic organization.",African_American,Male,Rasheed,Jones,Republican,0,No
772,INFORMATION-TECHNOLOGY,"Kareem Robinson is an experienced administrative professional with a strong background in office management, executive support, research, and project coordination. He has held roles supporting government officials, corporate executives, and educational settings, demonstrating expertise in calendar management, travel planning, document preparation, and event coordination. Kareem is fluent in Russian and has advanced skills in Spanish, with proficiency in MS Office, database management, and presentation development. His accomplishments include managing large teams, supporting high-level government and corporate projects, and producing media content on economic development. He holds a Master’s in Economics & Community Development and a Bachelor’s in International Relations and Spanish. Kareem seeks a development or executive assistant position to leverage his organizational, research, and communication skills in a dynamic environment, particularly in real estate or related fields.",African_American,Male,Kareem,Robinson,Republican,0,No
773,INFORMATION-TECHNOLOGY,"Tremayne Williams is a highly experienced Construction Project Manager with over 21 years of expertise in managing large-scale construction projects across diverse sectors including education, healthcare, government, power, and industrial facilities. He has a proven track record of delivering projects on time and within budget, overseeing multi-trade teams, and optimizing operations for profitability.

Key Skills:
- Construction management, estimating, and planning
- Procore, Primavera P2, Microsoft Office Suite
- Field operations, inspections, safety compliance
- Team leadership, negotiation, and stakeholder relations
- Civil engineering and project development

Notable Achievements:
- Led the $65M Rutgers University Honors Living Learning Community, a 153,670 SF urban infill building with student housing, retail, and parking facilities.
- Managed multiple high-profile projects including a $12M cinema complex, a $3M learning center, and a $5M fitness center.
- Directed complex infrastructure projects such as power plant site work, underground utilities, and structural steel installations.
- Successfully expedited projects through innovative planning, resource allocation, and problem-solving, including overcoming logistical challenges and design conflicts.
- Managed large teams and coordinated with government agencies, architects, engineers, and subcontractors to ensure project success.

Education:
- A.S. in Civil Engineering Technology
- B.S. in Structural Engineering and Civil Engineering (continued education in civil and structural engineering)

Certifications:
- OSH-62 Hour Site Safety Supervisor
- OSHA and NYC DOB safety courses
- Working towards NYCDOB superintendent license

Tremayne seeks further employment as a Construction Manager, bringing extensive leadership, technical expertise, and a strong record of project delivery to future roles.",African_American,Male,Tremayne,Williams,Democratic,0,No
774,INFORMATION-TECHNOLOGY,"Latonya Robinson is an experienced wireless construction and project management professional with over 10 years of expertise in site development, upgrades, and working with multiple carriers. She has a strong background in all aspects of wireless construction, including site acquisition, redlining, BOM, vendor management, and quality inspection, with technical knowledge of GSM, UMTS, LTE, and related technologies.

Key Highlights:
- Over a decade of leadership in wireless project management, overseeing multiple site builds and modifications.
- Skilled in project planning, budgeting, stakeholder communication, safety compliance, and regulatory adherence.
- Extensive experience managing teams, coordinating with contractors, utility providers, and tenants.
- Proven ability to handle complex projects from inception to completion, ensuring quality, safety, and cost control.

Professional Experience:
- Owner/Project Manager (2013-2015): Managed project planning, reporting, stakeholder engagement, and safety inspections.
- Construction Manager (2012-2013, 2009-2010, 2006-2009): Led site construction, vendor coordination, schedule management, and quality assurance across multiple markets, including San Francisco.
- Early career roles involved site acquisition, team management, and operational oversight.

Education & Certifications:
- Associate Degree in Electrical Engineering (Palomar College)
- Bachelor of Electronic Engineering Technology (DeVry Institute)
- Certifications in fall protection, rescue, RF safety, first aid, OSHA, and technical training in connectors, RF testing, and site quality.

Skills:
- Project management, MS Word & Excel, safety compliance, vendor and stakeholder coordination, technical site inspections, and quality control.

Latonya offers a comprehensive background in wireless infrastructure construction, project leadership, and technical expertise, making her a strong candidate for roles in wireless network deployment and project management.",African_American,Female,Latonya,Robinson,Republican,0,No
775,INFORMATION-TECHNOLOGY,"Kristen Walsh is an experienced civil engineering professional with nearly 20 years of expertise in heavy civil construction and project scheduling. She specializes in Primavera P6 (up to version 8.2), Tilos Linear Schedule, MS Project, and related project management tools. Kristen has a strong track record managing schedules for large-scale projects ranging from under $5 million to over $1.3 billion, including railroads, light rail systems, highways, and marine bridges.

Key accomplishments include developing critical schedules for MnDOT design-build projects, supporting a $1.3 billion light rail funding proposal, and managing schedules for major transit projects like the Houston Metro Light Rail. She has experience in proposal preparation, baseline scheduling, resource loading, cost loading, and schedule updates, often collaborating with project teams and stakeholders.

Her education includes a B.S.E. in Civil Engineering from Colorado School of Mines. Kristen holds certifications in Primavera and is a Certified Professional Engineer. Her technical skills encompass Primavera (P6, Contract Manager, Expedition), Tilos, Sure Track, MS Office Suite, HCSS estimating software, AutoCAD, and enterprise software like JD Edwards.

Her extensive background includes roles such as Regional Schedule Manager, Schedule Manager, Assistant Project Engineer, and Field Engineer, with notable projects across Texas, Minnesota, and Colorado. Kristen’s expertise in project controls, scheduling, estimating, and construction management makes her a valuable candidate for civil construction and project management roles.",White,Female,Kristen,Walsh,Republican,0,No
776,INFORMATION-TECHNOLOGY,"Meredith Sullivan is an experienced Carpenter and Foreman with a strong background in construction, safety, and team supervision. She has over 8 years of hands-on experience in carpentry, including forming, concrete finishing, and equipment operation. Certified as a rigger and signal person, she is proficient in welding, cutting, and operating various machinery such as skid steers, forklifts, cranes, and aerial lifts. Meredith has demonstrated leadership in supervising crews, coordinating materials and subcontractors, and ensuring safety compliance on job sites. She is skilled in reading blueprints, plans, and specifications, with a solid understanding of safety practices and occupational hazards. She holds a high school diploma and an associate degree, with additional expertise in project coordination and safety policies.",White,Female,Meredith,Sullivan,Republican,0,No
777,INFORMATION-TECHNOLOGY,"Aisha Jackson is an experienced Construction Manager with a strong background in commercial interior renovation and residential projects. She holds a Bachelor's degree in Construction Management from ITT Tech and an Associate's in Drafting and Design. Aisha has managed projects exceeding $3 million, supervising subcontractors, coordinating plans, and ensuring timely completion. Her expertise includes permit processing, site safety, blueprint reading, and proficiency in MS Office, AutoCAD, and Revit. She has led notable projects such as Dermcare, Skyzone, and Family Medical Center, overseeing all phases from scheduling and coordination to closeout documentation. Aisha is organized, detail-oriented, and skilled in managing safety, quality, and project timelines, making her a valuable candidate for construction management roles.",African_American,Female,Aisha,Jackson,Democratic,0,No
778,INFORMATION-TECHNOLOGY,"Latonya Robinson is a strategic and innovative real estate and development leader with extensive experience in managing large-scale real estate operations across the U.S. and Canada. Currently serving as Regional Development Manager, she oversees project management, transactions, procurement, and facility management for 25 million square feet of real estate with a budget of over $450 million annually. Her previous roles include SVP and Head of Retail Real Estate, VP of Development Services, Director of Construction, and Construction Manager, where she led teams, managed multi-million dollar budgets, and drove real estate strategies, new construction, renovations, and asset disposition.

She holds a Master’s in Environmental Technology and a B.C.E. in Civil Engineering, with certifications in LEED Green Associate, and is pursuing additional credentials in Lean Six Sigma and CoreNET MCR. Her skills encompass real estate law, finance, construction management, market planning, data analytics, program and change management, procurement, vendor management, and risk compliance.

Known for integrity, transparency, leadership, and a passion for excellence, Latonya has a proven track record of developing high-performing teams, reducing costs, and delivering top-quality real estate solutions.",African_American,Female,Latonya,Robinson,Republican,0,No
779,INFORMATION-TECHNOLOGY,"Latonya Jackson is a dedicated construction professional with over 4 years of experience in residential and commercial remodeling projects. She has a strong background as a carpenter apprentice and general construction worker, demonstrating skills in cabinetry, drywalling, framing, and safety compliance. Latonya has worked on diverse projects including decks, roofing, bathroom and kitchen remodels, and interior finishes. She is committed to high-quality workmanship, safety, and customer satisfaction. She holds a High School Diploma and a Certified Safety & Health Official (CSHO) certification. Known for her reliable work ethic, excellent communication, and ability to lead projects from start to finish, she is motivated to grow her skills and develop leadership capabilities in the construction field.",African_American,Female,Latonya,Jackson,Democratic,0,No
780,INFORMATION-TECHNOLOGY,"Kareem Williams is a dedicated professional with 4 years of experience in customer service, physical labor, and management roles. He has strong skills in time management, interpersonal communication, and customer relations. His work history includes managing delivery routes, loading/unloading trucks, and maintaining detailed records for logistics and client satisfaction. Kareem also has experience in administrative tasks such as billing, data management, and front desk operations from his role as a personal accountant. 

He has a background in construction and renovation projects, working alongside licensed contractors on various residential and commercial sites. Kareem holds a high school diploma with a GPA of 3.3 and an AA in General Studies from Shoreline Community College, with coursework in Psychology and Kinesiology. 

Active in sports and student organizations, he has leadership experience as captain of basketball teams and organizer of student activities through the Black Student Union. Kareem values respect, courtesy, and communication, and possesses strong skills in Microsoft Office, customer service, data management, and safety procedures. He is motivated to grow professionally and contribute positively to any organization.",African_American,Male,Kareem,Williams,Democratic,0,No
781,INFORMATION-TECHNOLOGY,"Emily Baker is a versatile professional with experience in sales, construction, and operations management. She holds a BBA in Operations and Supply Chain Management from the University of Central, with coursework in quality management and active membership in Apics. Her key skills include administration, customer service, decision-making, negotiation, sales, marketing, and project management. 

Her professional background includes:
- Car Salesperson (2015-2016): Managed sales processes, customer engagement, inventory, and procurement.
- Construction Worker (2011-present): Oversaw construction activities, read plans, handled materials, and assisted craft workers.

Emily's combined experience demonstrates strong organizational, operational, and interpersonal skills suitable for roles in management, sales, or construction-related fields.",White,Female,Emily,Baker,Democratic,0,No
782,INFORMATION-TECHNOLOGY,"Emily Kelly is a highly experienced real estate, development, and construction executive with 38 years of expertise. She specializes in managing large-scale commercial and residential projects, including high-end health clubs, retail stores, and subdivisions, with a strong focus on project management, site selection, permitting, and contract negotiation. Emily has a proven track record in overseeing multi-million dollar budgets, leading cross-functional teams, and ensuring timely project completion. Her skills include budgeting, cost control, value engineering, team building, and strategic planning. She has held leadership roles such as Director of Development and Construction Manager, managing multiple projects across Georgia, Florida, and nationwide. Emily’s background combines technical construction knowledge with organizational and leadership abilities, making her a valuable asset for complex development and construction projects. She holds a BS in Building Construction Design and Technology from Eastern Kentucky University.",White,Female,Emily,Kelly,Republican,0,No
783,INFORMATION-TECHNOLOGY,"Jill McCarthy is a highly experienced Construction Superintendent and Project Manager with over 20 years of expertise in commercial, residential, multi-family, utilities, and heavy civil construction. She specializes in project management, construction supervision, inspection, drafting, surveying, and permit processing. Jill has a proven track record in managing large-scale projects, including infrastructure, airport, and university renovations, with strong skills in scheduling, budgeting, and regulatory compliance. Her technical proficiency includes blueprint reading, survey layout, AutoCAD, MicroStation, and project management software. She holds a current enrollment in a Construction Management degree and a surveying certificate, complemented by an associate degree in Construction Technology. Jill is a team-oriented problem solver with excellent communication skills, making her a valuable asset for construction operations and project delivery.",White,Female,Jill,McCarthy,Democratic,0,No
784,INFORMATION-TECHNOLOGY,"Matthew McCarthy is a dependable Senior Transportation Construction Inspector with over 20 years of experience in transportation and building construction. He specializes in project management, erosion and sedimentation control, bridge and roadway inspection, and construction materials testing. Matthew has managed large-scale projects ranging from $38 million to nearly $1 billion, demonstrating strong leadership, problem-solving, and communication skills. His technical expertise includes blueprint reading, concrete estimation, structural and architectural concrete, and adherence to building codes and regulations. He is proficient in MS Office, E-Builder Software, and holds certifications in construction materials, project management, and erosion control. Matthew has worked on notable projects such as the Charlotte Light Rail System, I-77, and the Mount Airy Airport road relocation. He is a member of professional organizations including the American Concrete Institute and OSHA, and holds a Building Construction Trades Certificate.",White,Male,Matthew,McCarthy,Democratic,0,No
785,INFORMATION-TECHNOLOGY,"Jermaine Jones is a highly experienced construction professional with over 30 years of expertise in residential and commercial projects, including high-rise developments in Las Vegas and Chicago. He has a proven track record of managing multi-million dollar projects, coordinating trades, developing partnerships, and maintaining client and stakeholder relationships. His skills encompass project planning, budgeting, contract negotiation, quality control, safety compliance, and site management. Jermaine is proficient in construction software, estimating, and cost control, with hands-on experience working with various tools, heavy equipment, and building materials. He has held roles from Carpenter Foreman to Licensed Contractor, leading teams of up to 35 employees, overseeing all phases of construction from site layout to project closeout. His educational background includes engineering studies at Chicago State University and a high school diploma. Certified in OSHA, Jermaine is a dedicated team player with strong leadership, organizational, and problem-solving abilities, committed to delivering quality projects on time and within budget.",African_American,Male,Jermaine,Jones,Republican,0,No
786,INFORMATION-TECHNOLOGY,"Sarah Murray is a confident Assistant Project Manager with extensive experience in commercial and residential construction management. She has a strong background in project planning, budgeting, scheduling, stakeholder communication, and team oversight. Her skills include project estimation, bidding, blueprint reading, cost control, and proficiency with industry tools such as CMiC, ProCore, Bluebeam, P6, Revit, AutoCAD, and Navisworks. 

Her work history includes roles as an Assistant Project Manager since 2017, where she mentored associates, managed multiple trades, and supported project budgets and schedules. Prior roles include Senior Project Engineer and Project Engineer, where she handled proposal review, construction oversight, cost analysis, and project closeout. She holds an Associate of Science in Construction Management from Cal Poly San Luis Obispo and certifications in OSHA 30, First Aid, and NAHB Green Building. 

Sarah is a dedicated team player with excellent multitasking and communication skills, seeking to contribute to a driven and established company in a similar project management capacity.",White,Female,Sarah,Murray,Democratic,0,No
787,INFORMATION-TECHNOLOGY,"Darnell Washington is a dedicated Customer Service Representative with a strong work ethic, bilingual in Spanish, and proven sales and customer service skills. He has received awards for excellence, including Best Cashier in District and multiple Homer awards. His experience includes roles as a Garden Associate, Construction Worker, and Cashier, demonstrating versatility, reliability, and excellent communication. He is skilled in maintaining customer satisfaction, visual merchandising, and handling transactions. Darnell holds a GED and is proficient in various computer applications. He is committed to contributing to team success and maintaining high standards of service.",African_American,Male,Darnell,Washington,Republican,0,No
788,INFORMATION-TECHNOLOGY,"Summary of Geoffrey McCarthy's Resume:

Geoffrey McCarthy is a motivated and customer-focused electronic engineer with extensive hands-on experience in electronics troubleshooting, system design, and telecommunications. He has a strong background in test equipment maintenance, circuit board repair, fiber optic splicing, and project coordination. His professional experience includes roles as an Electronic Technician, Construction Coordinator, and Local Manager at Verizon Communications, where he managed fiber splicing teams and oversaw construction projects. He holds a Bachelor’s degree in Information Systems Security and an Associate’s in Computer and Electronic Engineering. Additionally, Geoffrey has military experience as a security and aircraft handling specialist aboard the USS George Washington, demonstrating leadership, operational coordination, and stress management skills. His technical skills encompass fiber splicing, circuit repair, telecommunications equipment, and systems security.",White,Male,Geoffrey,McCarthy,Republican,0,No
789,INFORMATION-TECHNOLOGY,"Jamal Jones is a highly experienced Construction Executive with over 30 years in commercial construction. He specializes in project management, strategic planning, contract review, and team leadership. Currently, as Senior Project Manager at McCauley Constructors, he oversees multiple projects valued between $5-10 million and has been instrumental in establishing Denver operations. Previously, he served as President of construction firms, managing bids, procurement, and business development. Jamal holds a Master’s in Real Estate & Construction Management from the University of Denver and a BBA in Business Management from East Tennessee State University. His key skills include safety oversight, negotiations, budgeting, and quality control. Certifications include LEED AP, ICC Class A License, and ASHE membership.",African_American,Male,Jamal,Jones,Republican,0,No
790,INFORMATION-TECHNOLOGY,"Latonya Williams is an experienced professional with a background in customer service, construction materials testing, quality assurance, and geologic analysis. She holds a Bachelor's degree in Political Science from Morehead State University and has completed various certifications including OSHA, ATTI Field Asphalt, Soil/Agg., and ACI Concrete Field Testing Grade 1. Her skills encompass inspection, materials testing, QA, supervision, and client counseling. She has worked as a Customer Service Representative, Construction Materials Technician, Quality Assurance Inspector, and Geologist/Assistant Lab Manager, demonstrating strong communication, coordination, and compliance with standards and specifications.",African_American,Female,Latonya,Williams,Democratic,0,No
791,INFORMATION-TECHNOLOGY,"Hakim Jackson is an experienced professional with nearly 8 years of expertise in the oil and gas industry, specializing in construction, welding, equipment operation, and project management. He has held roles from laborer to construction superintendent, overseeing large teams and equipment in pipeline, facility, and spill remediation projects. Skilled in welding (including master welding), fabrication, heavy equipment operation, safety compliance, and project coordination. He has a strong background in leading crews, training personnel, and ensuring safety and efficiency on-site. Education includes coursework in welding from Tulsa Welding School, and he holds a high school diploma. Hakim is a dedicated team leader with a proven track record of managing complex projects safely and cost-effectively.",African_American,Male,Hakim,Jackson,Republican,0,No
792,INFORMATION-TECHNOLOGY,"Tanisha Robinson is a highly experienced Construction Project Manager and Civil Engineer with over 20 years of expertise in commercial, multi-residential, and complex infrastructure projects. She has a strong background in managing all project phases—from planning and design to construction and quality control—particularly in affordable housing, green building, and large-scale developments. Tanisha is skilled in supervising multidisciplinary teams, budgeting, cost management, and ensuring project delivery on time and within scope. She has extensive experience with public and private sector projects, including LEED-certified green buildings and government contracts.

Her technical skills include AutoCAD, Primavera P3/P6, MS Office, MS Project, QuickBooks, and Contract Management tools. She holds certifications in OSHA, CPR, First Aid, and various software and contract management courses. Fluent in English and Turkish, with limited proficiency in Italian, Spanish, and Kurdish, she is a US citizen willing to relocate or travel. Tanisha’s leadership, communication, and technical expertise make her a strong candidate for senior project management roles in construction and engineering.",African_American,Female,Tanisha,Robinson,Democratic,0,No
793,INFORMATION-TECHNOLOGY,"Leroy Jones is an experienced oil and gas industry professional with 21 years of expertise in repair, maintenance, and new construction of above-ground storage tanks. He holds multiple certifications including AWS CWI, API TES, API 653, and ASNT Level III. Leroy has extensive managerial experience, having served as a Construction Manager and Supervisor, overseeing multiple projects and crews, ensuring quality control, safety, and technical compliance. His technical skills include welding procedures, NDE, AutoCAD, and project planning. Leroy is proficient in managing personnel, materials, and schedules, with a strong background in welding (SMAW, FCAW, GMAW, SAW) and construction operations. He is well-equipped to lead complex tank construction and repair projects, providing technical support and ensuring adherence to industry standards.",African_American,Male,Leroy,Jones,Democratic,0,No
794,INFORMATION-TECHNOLOGY,"Darnell Robinson is an experienced professional in multi-family housing management with over two years of direct experience in leasing, sales, resident relations, and administrative tasks. Currently serving as an Assistant Manager and Leasing/Sales Specialist in Charlotte, he handles apartment leasing, resident support, marketing, and property management duties, consistently achieving high lease and renewal rates. He has a background in construction and customer service, with prior roles in demolition, framing, and hospitality. Darnell holds a B.S. in Appropriate Technology from Appalachian State University and is pursuing a second B.S.B.E. in Information Technology from East Carolina University. Skilled in property management software, Microsoft Office, and drafting tools, he is recognized for exceeding performance expectations and has volunteered in ESL education and sustainability projects.",African_American,Male,Darnell,Robinson,Republican,0,No
795,INFORMATION-TECHNOLOGY,"Laurie Walsh is an experienced executive operations professional with a strong background in project management, operations, and business development within the energy and infrastructure sectors. She has a proven track record of leading large-scale projects, including the successful on-time and on-budget construction of multiple compressor stations and pipeline expansion projects, significantly increasing system capacity. Laurie excels in process reorganization, safety, compliance, and staff development, having implemented new operational protocols and mentoring programs that boosted productivity and efficiency. Her expertise includes pipeline operations, engineering, regulatory compliance, budgeting, and strategic planning. She holds a Master of Education in Management and Negotiation and has extensive leadership experience in managing cross-functional teams, negotiating contracts, and fostering stakeholder relationships. Laurie is skilled in operational restructuring, quality management, and public relations, making her a valuable candidate for senior leadership roles in operations and project management.",White,Female,Laurie,Walsh,Democratic,0,No
796,INFORMATION-TECHNOLOGY,"Brendan McCarthy is an experienced Project and Operations Manager with a strong background in overseeing multi-million-dollar construction and infrastructure projects for government and private clients. He specializes in utility infrastructure, system upgrades, safety compliance, and project risk management, consistently delivering projects on time and under budget. Brendan has extensive leadership experience managing large teams, improving operational efficiencies, and maintaining OSHA safety standards. His skills include budgeting, bidding, estimating, subcontractor supervision, and process improvement. He currently manages a $90 million contract across four locations and has a proven track record of transforming underperforming teams into profitable units. Brendan holds a B.S. in Information Technology and an A.S. in Telecommunications, along with certifications in OSHA safety and CPR. His technical aptitude, strong communication skills, and problem-solving ability make him a valuable candidate for senior project and operations roles.",White,Male,Brendan,McCarthy,Republican,0,No
797,INFORMATION-TECHNOLOGY,"Laurie Ryan is a Safety Manager with 16 years of construction management experience, specializing in safety compliance across diverse projects including power substations, transmission lines, and environmental remediation. She holds certifications such as CHST, OSHA 30/40 HAZWOPER, and NCCER, and is a First Aid/CPR/AED trainer. Laurie has a proven track record of over 400,000 safe man-hours, with awards including a Safety Recognition from USACE Jacksonville, a Navy Achievement Medal, and Army Commendation Medal for her military service. Her background includes roles as Safety Manager, Construction Manager, and Environmental Compliance Manager, with extensive experience overseeing safety, environmental impact, and construction operations. She has a BS in Occupational Safety and Health from Columbia Southern University. Laurie’s leadership skills are complemented by her experience in community relations, environmental management, and construction supervision.",White,Female,Laurie,Ryan,Republican,0,No
798,INFORMATION-TECHNOLOGY,"Jamal Robinson is a highly motivated professional with extensive experience in project management, construction, and military leadership. He seeks a management-level position to leverage his skills in problem-solving, team leadership, and organization. 

Key Highlights:
- Over 8 years of construction and labor experience, including concrete work, framing, cabinetry, and site management.
- Military service as an Army Engineer (2007-2015), managing teams of soldiers, overseeing multi-million-dollar projects, and ensuring safety and timely completion of construction tasks.
- Proven leadership skills, with experience managing personnel, projects, and equipment valued at over $1 million.
- Recognized with multiple awards, including four Army Commendation Medals and the Afghanistan Campaign Medal.
- Strong skills in blueprint reading, safety compliance, multi-tasking, and adapting to stressful environments.
- Education includes an A.A.S. in Building Construction and specialized military training in engineering and combat.

This candidate combines construction expertise, military discipline, and project management skills, making him well-suited for leadership roles in construction, facilities management, or project coordination.",African_American,Male,Jamal,Robinson,Republican,0,No
799,INFORMATION-TECHNOLOGY,"Keisha Jackson is an experienced professional with a background in healthcare and customer service. She has been a Physical Therapist Technician since 2010, assisting with patient treatments, equipment setup, and wound care. Her previous roles include construction work involving heavy machinery and customer service as a cashier and floor worker. She possesses strong organizational, problem-solving, and multi-tasking skills, along with proficiency in software such as Word, Outlook, and AS400. Keisha is dedicated, enthusiastic, and eager to contribute her skills to a new opportunity.",African_American,Female,Keisha,Jackson,Republican,0,No
800,INFORMATION-TECHNOLOGY,"Hakim Jones is a highly motivated professional with extensive experience in office administration, construction, customer service, and business management. He possesses strong organizational, technical, and interpersonal skills, including proficiency in MS Office, data management, project coordination, and construction tasks. His work history includes roles as an Administrative Assistant, cashier, construction laborer, and business owner, demonstrating versatility and leadership. Hakim has experience managing databases, coordinating conferences, handling invoices, supporting construction projects, and running a cleaning business. He is punctual, detail-oriented, and capable of managing multiple projects independently or within a team. His educational background includes nearly one year of college coursework with a high GPA and a high school diploma.",African_American,Male,Hakim,Jones,Democratic,0,No
801,INFORMATION-TECHNOLOGY,"Jill Kelly is a reliable and versatile construction professional with extensive experience as a concrete laborer and finisher, demonstrating strong skills in concrete mixing, pouring, finishing, rebar installation, equipment operation (including forklifts, cranes, and jackhammers), and site safety. She has a solid work ethic, attention to detail, and the ability to work efficiently in physically demanding environments. Jill also has experience in demolition, repair, and project coordination, with a background in commercial construction. Her earlier work as a lead dishwasher showcases her teamwork, reliability, and ability to maintain high standards of cleanliness and safety. She holds a high school diploma and possesses skills in forklift operation, power tools, heavy lifting, and preventive maintenance. Jill Kelly is committed to safety, efficiency, and contributing effectively to team success.",White,Female,Jill,Kelly,Democratic,0,No
802,INFORMATION-TECHNOLOGY,"Tremayne Jackson is a dedicated professional with extensive experience in hydroblasting, construction, and building maintenance. He possesses strong skills in carpentry, safety compliance, environmental coordination, and customer service. Currently working as a Hydroblasting Technician since 2014, he specializes in operating equipment, ensuring safety protocols, and assisting in refinery tank cleaning. His prior roles include construction assistance, involving interior/exterior painting, framing, and concrete work, as well as general building maintenance, including plumbing, electrical repairs, and landscaping. Tremayne holds a high school diploma and relevant safety and technical certifications (Basic Plus Safety, TWIC, NCCER). He is a team-oriented, proactive individual seeking to contribute to a company's growth through increased productivity and safety adherence.",African_American,Male,Tremayne,Jackson,Democratic,0,No
803,INFORMATION-TECHNOLOGY,"Emily Baker is a detail-oriented and motivated Chemical Engineer with a B.E. from City College of New York. She has over three years of professional experience in utility engineering, transportation construction inspection, and research in nanomaterials and solar cell technology. Her expertise includes process simulation (ASPEN-Plus), design software (Matlab), imaging techniques (SEM), and project management. Emily has strong research skills, having supported experiments on dye-sensitized solar cells and ammonia production processes, along with economic and hazard analyses. She is fluent in English, Hindi, and Urdu, and possesses excellent interpersonal, leadership, and communication skills. She is a member of AIChE and Omega Chi Epsilon, with leadership roles in university clubs. Emily is seeking a position in the chemical industry where she can leverage her technical skills, research background, and team-oriented approach.",White,Female,Emily,Baker,Democratic,0,No
804,INFORMATION-TECHNOLOGY,"Carrie Sullivan is an innovative Electrical Engineer with over four years of experience in designing, developing, and testing electronic products, and more than two years in refining workflow processes to enhance organizational efficiency. She has strong skills in project management, CAD drafting (including CATIA), process piping, semiconductor machine design, and electrical drafting. Her accomplishments include developing cost-saving equipment, managing R&D departments that generated over $2M in revenue, and creating automation systems that significantly improved product sorting speed.

Currently an Aviation Engineer, Carrie has extensive experience in aircraft engine overhaul, tooling design, troubleshooting, and technical support, with proficiency in CATIA V5 and data acquisition systems. She has also contributed to aerospace research, including turbine blade cooling system development, resulting in a patented design and published research.

Carrie holds a B.S. in Aerospace Engineering and an Applied Mathematics degree from Embry-Riddle Aeronautical University. Fluent in English and Spanish, with beginner French, she is interested in history, sports, travel, and politics. Her technical skills include CAD, MATLAB, Nastran, data acquisition, and engineering analysis, making her a versatile candidate for roles in aerospace, electrical engineering, and operations management.",White,Female,Carrie,Sullivan,Democratic,0,No
805,INFORMATION-TECHNOLOGY,"Aisha Jones is a highly experienced and reliable aviation professional with over five years of expertise in aircraft maintenance, troubleshooting, and quality assurance. She is a licensed aircraft mechanic specializing in airframe and powerplant systems, with certifications including Lean Six Sigma Yellow Belt. Aisha has extensive hands-on experience performing scheduled and unscheduled maintenance, major repairs, and inspections on aircraft systems such as electrical, hydraulic, drivetrain, and fuel systems. She has managed large maintenance crews, maintained detailed records, and collaborated on complex technical tasks. Her background includes military leadership, supply chain management, and proficiency with mechanical and pneumatic tools. She holds a high school diploma, specialized training in powertrain systems, and advanced technical education from Bakers School of Aeronautics, where she graduated top of her class.",African_American,Female,Aisha,Jones,Republican,0,No
806,INFORMATION-TECHNOLOGY,"Ebony Robinson is a versatile professional with over 6 years of experience in fast food cooking and assistant management, complemented by 2 years in customer service and 1+ year in security. She has strong leadership, team management, and customer relations skills, with a focus on creating positive work environments and improving service standards. Her technical skills include proficiency in MS Office, QuickBooks, Photoshop, and forklift operation. Ebony has held roles such as Store Manager, Shift Manager, Security Guard, Customer Service Representative, and Aviation Maintainer, demonstrating adaptability and a broad skill set. She holds a high school diploma and a Class C driver’s license. Ebony is seeking a management position where her dedication, results-oriented approach, and leadership abilities can contribute to organizational success.",African_American,Female,Ebony,Robinson,Democratic,0,No
807,INFORMATION-TECHNOLOGY,"Todd Murphy is a highly experienced aviation maintenance professional with over 20 years of military and civilian expertise. He specializes in managing maintenance programs, supervising large teams of technicians, and ensuring aircraft operational readiness across various models, including fixed-wing and rotor-wing aircraft. Todd holds a current SECRET security clearance and has demonstrated strong leadership, technical troubleshooting, and process improvement skills. His accomplishments include completing over 2,200 maintenance actions, developing logistics plans, manufacturing parts in-house, and maintaining high standards of quality and safety. He holds a Bachelor’s degree in Technical Management and Occupational Safety and Health from Embry-Riddle Aeronautical University, as well as an Associate’s degree in Aviation Technology. Todd’s technical proficiencies include aircraft systems, calibration, documentation, quality assurance, and logistics, complemented by certifications such as OSHA 30-Hour. He is adept at coordinating complex maintenance operations, mentoring staff, and implementing process improvements to enhance aircraft performance and operational efficiency.",White,Male,Todd,Murphy,Republican,0,No
808,INFORMATION-TECHNOLOGY,"Sarah Sullivan is an ambitious Computer Science student with extensive experience in supply chain, logistics, food service, and delivery roles. She has demonstrated strong skills in inventory management, recordkeeping, forklift operation, and customer service. Her work history includes roles as an Aviation Supply Specialist, Cook, and Delivery Driver, showcasing her reliability, teamwork, and adaptability. She is pursuing a B.S. in Aviation Management and Operations, with additional training in hotel and resort management. Recognized for high customer satisfaction and awarded military honors, Sarah is a dependable candidate with a strong work ethic and technical proficiency, ready to contribute in delivery or supervisory positions.",White,Female,Sarah,Sullivan,Democratic,0,No
809,INFORMATION-TECHNOLOGY,"Jill O’Brien is a highly skilled professional with extensive experience in aviation electronics, instructional design, and online course development. She holds a Bachelor’s degree in Aeronautical Science with Applied Meteorology from Embry-Riddle Aeronautical University and an Associate’s in Electronic Engineering Technology from Tidewater Community College, graduating Summa Cum Laude. Jill is bilingual in English and Spanish and possesses active DOD secret clearance.

Her technical expertise includes troubleshooting and maintaining radar, communication, navigation, and electronic warfare systems, as well as proficiency with test equipment such as oscilloscopes, spectrum analyzers, and signal generators. She has a strong background in avionics repair, quality assurance, and inventory management, supporting military aircraft and systems.

In addition, Jill has experience in instructional design, developing and transferring online courses using Blackboard and Canvas LMS, utilizing tools like Articulate, Camtasia, HTML, and Respondus to create engaging educational content. She is proficient with Microsoft Office Suite, Adobe, AutoCAD, MATLAB, LabVIEW, and various other software.

Seeking a challenging role, Jill aims to leverage her technical skills, aviation background, and instructional experience to contribute effectively to an organization while expanding her technical abilities.",White,Female,Jill,O’Brien,Democratic,0,No
810,INFORMATION-TECHNOLOGY,"Hakim Jones is an experienced administrative and human resources professional with a strong background in office management, correspondence, scheduling, travel coordination, and personnel support. He has worked in federal government settings, handling complex administrative tasks, onboarding processes, and record management. Hakim possesses certifications in timekeeping, purchase card management, records management, and budgeting, with extensive training in federal HR procedures, office software (MS Office, SharePoint, WebEx), and safety protocols. His education includes coursework in nursing, organizational leadership, and related fields. He is proficient in English and Spanish, with notable achievements including performance awards and recognition for cost-saving initiatives. Hakim is skilled in data entry, reporting, policy analysis, and providing high-level support to executives and program managers.",African_American,Male,Hakim,Jones,Republican,0,No
811,INFORMATION-TECHNOLOGY,"Todd Baker is a highly skilled professional with extensive experience in military and civilian leadership, specializing in business management, human resources, and financial oversight. He holds an MBA in Business Administration and a BA in Accounting. Todd has demonstrated expertise in staff training, HR audits, process improvement, and project management, with a proven track record of managing complex operations and large teams. His accomplishments include saving over $500K through system upgrades, maintaining accountability for equipment worth over $50 million, and leading mobilization and logistics efforts in military settings. Todd is an effective communicator, strategic thinker, and organizational leader with a security clearance, recognized for his professionalism, leadership, and dedication to operational excellence. He is seeking a challenging role in business management to leverage his diverse skill set and drive organizational growth.",White,Male,Todd,Baker,Republican,0,No
812,INFORMATION-TECHNOLOGY,"Brendan Sullivan is a highly skilled aviation and automotive technician with extensive experience in aircraft maintenance, troubleshooting, and repair, including work on helicopters, commuter aircraft, and automotive systems. He holds an Airframe and Powerplant license, an Associate of Science in Aviation Technology with high honors (GPA 3.89), and multiple specialized certifications from top training centers, including Turbomeca, Bell Helicopter, and Rolls-Royce. Brendan has worked with various aircraft models such as BK117-C2, Bell 206/407/430, Pilatus PC-12, Embraer Brasilia, and Bombardier CRJ series, often serving as a lead or sole mechanic. He is recognized for his dedication, problem-solving skills, thorough troubleshooting, and ability to work well both independently and in team settings. His awards include multiple Presidents List honors and a second-place finish in SkillsUSA aviation competition. Brendan’s technical expertise encompasses aircraft systems troubleshooting, electrical systems, and automotive diagnosis, making him a versatile and valuable maintenance professional.",White,Male,Brendan,Sullivan,Democratic,0,No
813,INFORMATION-TECHNOLOGY,"Darnell Williams is a highly experienced military leader with a strong background in operations, team leadership, and project management. He has over a decade of service in the U.S. Army, including roles as Second-in-Command, Aviation Platoon Leader, and Maintenance Platoon Leader, overseeing large teams and managing multimillion-dollar budgets and equipment. He has extensive experience in logistics, medical evacuation, aircraft maintenance, and operational readiness, with notable achievements in training, process improvement, and community engagement. Darnell holds an MBA in Management and has completed military leadership courses. His skills include strategic planning, negotiations, relationship building, process improvement, and compliance. He has a proven track record of reducing employee turnover, enhancing operational efficiency, and fostering team development. Darnell is committed to professional excellence and ethical leadership, with a focus on strategic, tactical, and operational success.",African_American,Male,Darnell,Williams,Democratic,0,No
814,INFORMATION-TECHNOLOGY,"Summary:
Geoffrey Walsh is an organized and dependable professional with over 8 years of experience in inventory management, stockroom procedures, and supply chain operations within retail and aviation environments. Skilled in inventory control, quality assurance, vendor relations, and process improvement, he has demonstrated strong work ethic, team collaboration, and customer service excellence. His background includes roles as Aviation Supply Specialist and Clerk, with additional experience in supervisory and caregiving positions. He holds an Associate of Arts in Mathematics and has completed coursework in Social Work. Geoffrey is committed to safety, efficiency, and delivering high-quality results, seeking new opportunities to contribute his organizational and operational skills.",White,Male,Geoffrey,Walsh,Democratic,0,No
815,INFORMATION-TECHNOLOGY,"Jamal Washington is a highly experienced professional with a strong background in military aviation supply management and hazardous materials handling. He served over 20 years in the U.S. Army and Marine Corps, specializing in aviation supply, ammunition control, and hazardous materials compliance, maintaining high accountability and safety standards. Jamal possesses expertise in inventory management, procurement, regulatory compliance, and warehouse operations, with a proven track record of managing multi-million dollar assets and ensuring operational efficiency. He holds a high school diploma, has completed 81 college semester hours, and has a secret security clearance. Skilled in leadership, team building, and various software tools, Jamal is seeking a challenging role where his logistics, supply chain, and safety expertise can contribute to organizational success.",African_American,Male,Jamal,Washington,Republican,0,No
816,INFORMATION-TECHNOLOGY,"Brendan O’Brien is a highly educated aviation professional with a Bachelor's degree in Professional Aeronautics Management and Aviation Safety from Embry Riddle Aeronautical University, maintaining a GPA of 3.8. He holds a Private Pilot's License with 95 flight hours and has experience interacting with ATC and airspace operations. Brendan participated in the Air Force ROTC program, developing leadership skills and engaging in community volunteer work.

His work experience includes roles in aviation parts sales, customer service, and logistics, demonstrating strong skills in inventory management, sales, quality control, and safety procedures. Notably, he has hands-on experience with aircraft parts, shipping, and hazardous materials handling. Brendan also has technical experience as a Lead Autonomous Ground Vehicle Installer, working on military vehicle modifications, interpreting OEM instructions, and supervising teams.

Key skills include customer service, inventory management, safety protocols, driving, and teamwork. Brendan’s background combines aviation knowledge, technical skills, and leadership, making him a versatile candidate for roles in aviation, logistics, or technical operations.",White,Male,Brendan,O’Brien,Democratic,0,No
817,INFORMATION-TECHNOLOGY,"Latoya Washington is a seasoned military professional with 11 years of experience in team management, logistics, and supply chain operations, including overseeing over $300 million in equipment. She has a strong background in aviation supply, inventory management, HAZMAT handling, and emergency response, with a proven track record of maintaining 100% accountability and zero discrepancies during overseas deployments. Latoya holds a secret security clearance, CPR certification, and a valid California driver’s license. Her awards include the Global War on Terrorism Service Medal, Afghanistan Campaign Medal, and the Presidential Unit Citation. She has extensive training in leadership, military studies, and survival skills. Her key skills include team leadership, supply and logistics planning, data management, organization, and communication. She is highly organized, detail-oriented, and proficient in computer operations, with a background in federal procurement procedures.",African_American,Female,Latoya,Washington,Republican,0,No
818,INFORMATION-TECHNOLOGY,"Jay Kelly is a highly experienced Aviation Maintenance Technician with over a decade of hands-on expertise in troubleshooting, repairing, and maintaining aircraft systems, including engines, electrical components, fuselages, and flight control surfaces. He has completed comprehensive aviation maintenance training and holds a Bachelor of Science in Mechanical Engineering, with additional coursework in UAV technology and aeronautical engineering. 

His professional background includes military service as a Coast Guard Honor Guard and Aviation Support, where he supported over 2,500 flights, logged extensive flight hours, and participated in critical missions such as search and rescue and surveillance. Jay has also held leadership roles in quality control and ceremonial teams, demonstrating strong organizational and team management skills.

Key skills include aircraft parts quality assurance, determining airworthiness, and troubleshooting complex mechanical and electrical systems. His diverse experience is complemented by a solid educational foundation in engineering and aviation-related fields.",White,Male,Jay,Kelly,Republican,0,No
819,INFORMATION-TECHNOLOGY,"Tanisha Robinson is a highly organized and detail-oriented professional with experience in aviation operations, travel management, and administrative support. She holds a Secret Security Clearance and is bilingual in Spanish and English. Her key skills include customer service, data management, team training, and security protocols. 

Her notable achievements include military awards such as the Good Conduct Medal and Army Achievement Medals. She has managed sensitive flight data for over 60 aviators, coordinated travel arrangements for over 300 employees, and supervised federal funds with a focus on accuracy and security. 

Tanisha is pursuing a Bachelor of Arts in Organizational Leadership, with prior coursework in Business Administration and Accounting. She excels in communication, team leadership, and working under pressure, making her a strong candidate for Client Support Specialist roles.",African_American,Female,Tanisha,Robinson,Democratic,0,No
820,INFORMATION-TECHNOLOGY,"Hakim Jackson is a highly motivated Aerospace Engineering student with hands-on experience in UAV simulation, aerodynamic modeling, and aircraft design. He has contributed to UAV flight simulations using AVL, participated in SAE Aero Design competitions, and led wind tunnel testing for the F-22 Raptor project. Hakim has practical skills in MATLAB, AVL, C programming, and Microsoft Office. His academic background includes coursework in aerodynamics, flight dynamics, structural analysis, and control systems. He has active memberships in AIAA, SWE, and SAE International, demonstrating strong engagement in the aerospace community. Additionally, he has experience working with children in aviation camps and providing guest services at a museum. Hakim seeks an internship as an Aerospace Engineer to apply his technical skills and collaborative experience in a competitive environment.",African_American,Male,Hakim,Jackson,Democratic,0,No
821,INFORMATION-TECHNOLOGY,"Brett Kelly is a versatile management professional with 9 years of U.S. Marine Corps experience, specializing in logistics, transportation, and unmanned aviation systems. He holds certification as an Unmanned Aviation Systems Maintenance Controller and has extensive skills in technical project management, logistics coordination, and team supervision. Brett has experience supervising military personnel, managing cargo and flight operations, and maintaining electronic and electrical systems. He is proficient in Microsoft Office, Six Sigma (Yellow Belt), and has intermediate Spanish language skills. His background includes training, equipment maintenance, and supporting military missions with a focus on safety, efficiency, and customer needs.",White,Male,Brett,Kelly,Democratic,0,No
822,INFORMATION-TECHNOLOGY,"Anne Kelly is a highly organized and detail-oriented analyst with 15 years of experience in customer support, technical support, data analysis, and aviation maintenance. She has extensive computer skills, including proficiency in SQL, Oracle, Linux/Unix, Microsoft Office, and SaaS applications. Her background includes supporting military and civilian clients, managing aviation maintenance data, and providing system support and training. She holds an Associate of Science in Computer Science and has completed coursework in programming, databases, networking, and project management. Anne is certified as an IT Customer Support Specialist and has a strong track record of problem-solving, system analysis, and process improvement. She is seeking opportunities in computer science and information technology.",White,Female,Anne,Kelly,Republican,0,Yes
823,INFORMATION-TECHNOLOGY,"Jamal Jackson is an experienced Supply Chain and Operations Manager with over 11 years of expertise in logistics, procurement, contracting, and process improvement. He has a proven track record of enhancing efficiency, reducing costs (notably lowering freight rates by 20%), and increasing on-time delivery performance (up by 30%). Jamal excels in strategic planning, global sourcing, negotiations, contract management, and team leadership across multi-site operations. He holds an MBA in Management and a BBA in Integrated Supply Chain and Operations Management. His key accomplishments include developing KPIs for delivery and safety, negotiating cost savings, and receiving the Distinguished Service Award from the New Orleans Federal Executive Board. Jamal is proficient in Microsoft Office, analytical tools, and policy compliance, making him a strong candidate for senior supply chain or operations roles seeking strategic leadership and continuous improvement.",African_American,Male,Jamal,Jackson,Republican,0,No
824,INFORMATION-TECHNOLOGY,"Neil Walsh is a highly experienced administrative professional with 17 years of customer service and office management, primarily with the Federal Aviation Administration. He has received multiple awards for excellence, including Administrative Employee of the Year (2001, 2003, 2006, 2007, 2013, 2014) and recognition for commitment to quality and service. Neil has strong skills in administrative tasks, calendar management, travel arrangements, report drafting, and confidential file maintenance. He is proficient in SharePoint database creation, management, and training, significantly reducing workload through process improvements.

He has a background in computer skills, including Microsoft Office, webpage design, basic accounting, networking, and database management, with formal education from the Computer Learning Center Business School. Neil is reliable, punctual, and professional, with excellent customer service, multi-tasking, and team collaboration abilities. He has also demonstrated leadership as a coordinator for charity events and committees, organizing weekly charity lunches for over 14 years.

Neil is eager to leverage his administrative expertise, customer service skills, and dedication to contribute effectively in a new role, with a strong work ethic and a history of exceeding expectations.",White,Male,Neil,Walsh,Democratic,0,No
825,INFORMATION-TECHNOLOGY,"Matthew McCarthy is a highly motivated and results-oriented professional with extensive experience in logistics, inventory management, supply chain operations, and team leadership, primarily within military environments. He has demonstrated strong management skills, strategic planning, and the ability to work independently or as part of a team. His military background includes notable achievements such as receiving multiple Navy and Marine Corps Achievement Medals, a Certificate of Commendation, and a Letter of Appreciation for leadership, coordination, and support roles.

Key qualifications include inventory control, budget management, shipment planning, warehouse operations, and logistics network analysis. He has experience supervising personnel, managing large asset inventories valued over $170 million, and coordinating complex supply and maintenance operations. Matthew holds specialized military training in aviation supply, leadership courses, and Lean Six Sigma certifications. He possesses a active DOD Secret Security Clearance and is willing to travel or relocate.

Contact: matthew.mccarthy@yahoo.com",White,Male,Matthew,McCarthy,Republican,0,No
826,INFORMATION-TECHNOLOGY,"Todd Walsh is an experienced aviation professional with over 30 years of military and civilian leadership in aviation management, safety, and operations. Currently serving as the Director of Aviation and Safety for the Montana Army National Guard, he oversees budget development, training, safety programs, accident investigations, and logistical management for military aviation activities. He has extensive experience supervising aircraft maintenance, flight training, and emergency response coordination, with a focus on safety compliance and disaster response collaboration.

His military career includes roles such as US Army Aviation Officer, Battalion Commander, and Flight Instructor, with deployments including Honduras and Iraq. He holds master's degrees in Strategic Studies from the US Army War College and Aeronautical Sciences from Embry-Riddle, along with a bachelor's in Business Administration. Certified as a CRC and active in professional associations like the Army Aviation Association of America, he possesses strong skills in project management, leadership, safety management, aircraft operations, and personnel development.

Key qualifications:
- Leadership in aviation safety, logistics, and training
- Budget and resource management
- Accident investigation and hazard mitigation
- Extensive military aviation experience
- Strong educational background in strategic and aeronautical sciences

Todd Walsh is well-equipped for senior roles in aviation management, safety oversight, and operational leadership in both military and civilian sectors.",White,Male,Todd,Walsh,Republican,0,No
827,INFORMATION-TECHNOLOGY,"Allison Walsh is a highly skilled Process Technology and Engineering professional with extensive experience in manufacturing, quality control, and process development. She has a proven track record of improving quality and productivity through process troubleshooting, equipment maintenance, and implementation of lean six-sigma methodologies. Her background includes fuel quality inspection, chemical formulation, software testing, inventory management, and research and development in semiconductor and chemical industries. Allison holds a Bachelor of Science in Chemical Engineering from NJIT and a Process Technology certification from Lee College. She is proficient in Microsoft Office, data analysis, ISO9000 compliance, and safety protocols. Known for her resourcefulness, attention to detail, and team-oriented approach, she is capable of operating complex systems and driving continuous improvement in fast-paced environments.",White,Female,Allison,Walsh,Republican,0,No
828,INFORMATION-TECHNOLOGY,"Lakisha Williams is a highly experienced military aviation professional with over 20 years of service, specializing in aviation maintenance, quality assurance, environmental control, and safety systems. She holds an active Government Secret Security Clearance and is proficient in Microsoft Office tools. Her key qualifications include expertise in aviation egress and environmental control systems, maintenance management, and safety oversight. She has served as a Collateral Duty Inspector, Quality Assurance Representative, and Plane Captain for F/A-18 Super Hornets, managing aircraft worth $65 million and ensuring operational readiness. Lakisha has a strong record of safety, leadership, and community involvement, including humanitarian efforts and volunteer work. Her awards include the Meritorious Unit Commendation, Humanitarian Service Medal, and multiple service medals. She has extensive training in maintenance, safety, and leadership, with additional coursework in public safety and emergency management. She is seeking a position to leverage her technical skills, leadership, and military experience in a civilian or defense-related role.",African_American,Female,Lakisha,Williams,Republican,0,No
829,INFORMATION-TECHNOLOGY,"Tanisha Washington is a versatile management professional with 20 years of U.S. Navy experience, specializing in operations, logistics, safety, and project management. She has a strong background in equipment accountability, ordnance handling, and team leadership, with notable achievements including maintaining $10 million worth of equipment with zero losses and receiving the Global War on Terrorism Service Medal. Her skills encompass Microsoft Office, inventory control, safety compliance, and project planning. She has held roles such as Superintendent and Aviation Ordnanceman First Class, demonstrating expertise in safety, logistics, and team training. Tanisha holds a high school diploma with additional technical training in refrigerant and air conditioning. She is an effective communicator, capable of building professional relationships and managing complex operations in high-pressure environments.",African_American,Female,Tanisha,Washington,Republican,0,No
830,INFORMATION-TECHNOLOGY,"Tanisha Jackson is a highly experienced aerospace inspector with over 18 years of military and civilian aircraft maintenance, inspection, and modification expertise. She holds a B.S. in Professional Aeronautics (70% complete) from Riddle Aeronautical University and has completed specialized Navy training in F/A-18 hydraulic and structural repair, as well as aircraft paint touch-up and markings.

Her professional background includes current role as a Quality Control Inspector since 2011, where she conducts inspections, reviews technical data, and analyzes quality systems to ensure compliance with customer requirements. Previously, she served as an Aviation Structural Mechanic in the U.S. Navy for eight years, including deployment on the USS Nimitz during Operation Iraqi Freedom, performing aircraft repairs, inspections, and collateral duties as a Collateral Duty Inspector.

Key skills include blueprint reading, technical manual interpretation, Catia V, risk management, and aerospace quality assurance. She is available for full-time, permanent employment and has a Southeast Region Veterans Preference of 10 points based on military service.",African_American,Female,Tanisha,Jackson,Democratic,0,No
831,INFORMATION-TECHNOLOGY,"Darnell Jackson is a charismatic business professional with extensive experience in sales management, marketing, customer support, and team leadership. He has a proven track record of managing business ventures, driving revenue growth, and building strategic partnerships, including securing clients like NASA and Southwest Airlines. Currently serving as a Senior Manager of Customer Support, he excels in client relations, contract negotiations, and expanding customer bases. His previous roles include managing customer support teams, processing customer quotes, and supporting executive staff. Darnell possesses strong skills in communication, negotiation, marketing, and leadership, with a focus on customer satisfaction and business development. He is willing to relocate and is authorized to work in the US.",African_American,Male,Darnell,Jackson,Democratic,0,No
832,INFORMATION-TECHNOLOGY,"Tamika Washington is a highly skilled software developer with over 7 years of experience in programming, software design, development, and integration across multiple platforms. She has advanced expertise in MySQL, PostgreSQL, NoSQL databases, and programming languages including C++, Python, PHP, JavaScript, and Bash. Her background encompasses the full software development lifecycle, system administration, debugging, and interface design. 

Key highlights include full-stack development, database management, website creation, and automation scripting. She has practical experience designing e-commerce platforms, integrating third-party APIs, and managing projects such as an NLP-based biblical search system. Tamika holds a B.S. in Electrical Engineering from the University of Cincinnati, where she received the Outstanding Senior Design Project Award. She demonstrates strong leadership, adaptability, and critical thinking skills, with additional experience in project management and technical co-op roles.",African_American,Female,Tamika,Washington,Democratic,0,Yes
833,INFORMATION-TECHNOLOGY,"Kenya Williams is an experienced Mechanical Engineer with nearly 6 years in operation and maintenance of boilers, incinerators, and power plants, and over 10 years leading water and sewage treatment facilities. She has extensive expertise in pump and piping systems, motor control panels, reverse osmosis plants with PLC controls, swimming pools, and gas turbine power plants. Her accomplishments include innovative troubleshooting in emergency ship situations, such as modifying governor linkages and fabricating tools for turbine blade replacement, as well as improvising PLC control systems during power outages.

Her professional background includes supervisory roles overseeing multiple water treatment, sewage, and pumping stations, with hands-on experience in installation, testing, and commissioning of equipment. She holds a Mechanical Engineering degree from FEATI University and has skills in troubleshooting, piping and pump installation, control design, and electrical/mechanical systems.

Key strengths:
- Operation and maintenance of industrial water and sewage treatment systems
- Power plant and gas turbine operation
- Emergency troubleshooting and system modifications
- Supervisory and project management skills
- Strong technical problem-solving abilities",African_American,Female,Kenya,Williams,Republican,0,No
834,INFORMATION-TECHNOLOGY,"Todd Ryan is a highly experienced professional with a 15-year military background and extensive expertise in carrier overhaul planning, scheduling, and maintenance. He has a strong technical background in machining, installation of propulsion and weapons systems, and welding. His military service includes roles in shipyard coordination, safety management, and weapons support, with proven leadership in supervising personnel and managing complex projects. Todd maintains a Secret security clearance and holds a welding certification with a high GPA from Tidewater Tech School. His skills encompass welding, administrative tasks, inspection, inventory management, safety protocols, and technical schematics. He is seeking a position related to carrier overhaul network scheduling, leveraging his military experience, technical skills, and dedication to quality and safety.",White,Male,Todd,Ryan,Democratic,0,No
835,INFORMATION-TECHNOLOGY,"Tanisha Washington is a dedicated manufacturing and operations leader with extensive experience in production planning, inventory management, lean manufacturing, and team management. Currently serving as a Plant Fulfillment Leader since 2015, she oversees manufacturing schedules, inventory control, supplier coordination, and operational efficiency to meet customer demands and organizational goals. Her previous roles include managing raw materials and logistics for large combustors and rotating parts, as well as coordinating international account payments. She holds a BA in Business Management from Curry College and possesses skills in APS, IMPACT, CSF, aviation supply chain, Microsoft Office, and inventory management. Tanisha demonstrates strong leadership, strategic planning, regulatory compliance, and process improvement capabilities.",African_American,Female,Tanisha,Washington,Republican,0,No
836,INFORMATION-TECHNOLOGY,"Leroy Robinson is an experienced Network Administrator with over 10 years of expertise in network design, management, security, and troubleshooting. He holds multiple certifications including MCSA, MCTS, ITIL Foundation V3, and CompTIA A+. Leroy has a strong background in server administration, network security, disaster recovery, and project management. He has successfully led major infrastructure upgrades, including migrations from Novell NetWare to Active Directory and Windows Server upgrades. Skilled in configuring Cisco switches, managing Active Directory, and providing remote and on-site support, Leroy consistently exceeds performance goals by handling over 80 trouble tickets weekly. He possesses excellent communication skills, technical documentation abilities, and a patient, diligent work ethic. His education includes a degree in Computer Information Systems/Network Engineering and certifications in project management and Six Sigma Green Belt.",African_American,Male,Leroy,Robinson,Democratic,0,Yes
837,INFORMATION-TECHNOLOGY,"Latoya Washington is a seasoned Program Manager and Logistics Specialist with a distinguished military background, including over a decade of service in the U.S. Navy. She has expertise in program development, logistics, aviation repair, safety compliance, and operational management. Her experience includes overseeing aviation maintenance, leading safety initiatives, and managing complex projects. She has a strong track record of performance, recognized through numerous awards such as the Navy Battle ""E"" Award and Iraq Freedom Medal. Skilled in policy development, training, quality assurance, and data analysis, Latoya is a proven leader and communicator capable of fostering key relationships and ensuring regulatory compliance. Her technical background is complemented by certifications in OSHA, EPA RRP, and weatherization tactics.",African_American,Female,Latoya,Washington,Republican,0,No
838,INFORMATION-TECHNOLOGY,"Hakim Washington is a retired En Route Air Traffic Controller with over 32 years of experience, specializing in automation systems such as ERAM. He has held roles including Certified En Route Controller, Controller in Charge, and On-The-Job Instructor. Hakim served as a National SME and member of the IOA team, conducting comprehensive analyses of ERAM upgrades and anomalies across multiple ARTCCs. His extensive background includes managing transition sectors, coordinating cross-border flights, and providing approach control services at key airports like Seattle-Tacoma and Paine Field. He has expertise in various navigation procedures, military and civilian airspace, and airspace realignments. Hakim is skilled in training, risk management, and automation processes, with certifications in CIC, CPC, and safety risk management. He holds an Associate’s degree in Manufacturing Engineering and is a member of the National Air Traffic Controllers Association.",African_American,Male,Hakim,Washington,Republican,0,No
839,INFORMATION-TECHNOLOGY,"Emily Walsh is a versatile professional with extensive experience in concierge services, military ordnance, and office support. She excels in customer service, interpersonal communication, and office administration, with strong skills in MS Office, data entry, and internet research. Her background includes providing high-level concierge assistance in residential settings, handling administrative tasks, and managing large call volumes. She also has military experience as an Aviation Ordnanceman, specializing in weapons and ammunition handling, aircraft maintenance, and ordnance systems. Emily is adaptable, responsible, and capable of managing emergencies and technical issues professionally. She holds a high school diploma in International Business and demonstrates a flexible work ethic with a commitment to outstanding service.",White,Female,Emily,Walsh,Republican,0,No
840,INFORMATION-TECHNOLOGY,"Rasheed Jackson is a resourceful Civil Engineer with extensive experience in transportation and roadway design. Currently pursuing a Master’s in Civil Engineering at NJIT, he holds a B.S. from Rutgers University with a 3.7 GPA. His professional background includes over 9 years as a Graduate Engineer, specializing in intersection and highway design, traffic analysis, and project coordination using Microstation, Inroads, Excel VBA, and AutoTurn. He has contributed to major projects like the I-295 Direct Connection and I-280 Ramp 2P, developing alignments, grading, and geometric layouts. Rasheed has internship experience with the Port Authority, assisting in structural inspections and repair planning. Fluent in Spanish, he possesses skills in CAD, programming (Python, VBA, HTML, CSS), and safety standards. His strong interpersonal skills and curiosity drive his effective communication and problem-solving abilities.",African_American,Male,Rasheed,Jackson,Republican,0,No
841,INFORMATION-TECHNOLOGY,"Carrie O’Brien is a highly experienced professional with over 13 years of military and civilian expertise in administrative support, supply chain management, security, and counseling. She holds a Lean Six Sigma Black Belt and Green Belt certification, demonstrating strong process improvement and logistical skills. Her military background includes receiving multiple medals and commendations for her service, particularly in supply and security roles. She has extensive experience in aviation supply, security operations, and maintenance administration, with proficiency in inventory management, federal procurement procedures, and security protocols. Carrie is skilled in team leadership, data analysis, and management information systems. She holds various certifications, including basic instructor and logistics improvement practitioner, and is adept with Microsoft Office tools and Adobe Reader. Her background reflects a disciplined, organized, and effective leader capable of managing complex logistics, security, and administrative functions.",White,Female,Carrie,O’Brien,Republican,0,No
842,INFORMATION-TECHNOLOGY,"Greg Baker is an experienced Aircraft Mechanic with 16 years of expertise in rotary and fixed-wing aircraft maintenance. He has a strong background in aircraft inspection, systems troubleshooting, and assembly, with notable skills in fiberglass, composite, sheet metal, fuel systems, powerplants, and vibration analysis. Greg has leadership experience supervising maintenance teams and has been recognized with two Navy Marine Corps Achievement Medals for shop success and quality assurance. His work history includes roles as an assembly mechanic on Boeing 737 fuselage lines, flight inspector for V-22 and UH-1 aircraft, and aviation machinist mate overseeing maintenance of Sikorsky MH-53E helicopters. He is proficient with various maintenance programs (VISIPRISE, KRONOS, SAP, EWI) and tools, with a solid foundation in aircraft systems, troubleshooting, and quality control. Greg holds a high school diploma and has completed extensive aviation maintenance training.",White,Male,Greg,Baker,Democratic,0,No
843,INFORMATION-TECHNOLOGY,"Summary of Geoffrey Sullivan's Resume:

Geoffrey Sullivan is a highly motivated Homeland Security professional and honorably discharged Navy First Class Aviation Specialist with over 10 years of military and criminal justice experience. He has a strong background in aviation maintenance administration, security, emergency response, and personnel management. His key skills include data analysis, configuration management, training development, and operational reporting. Geoffrey holds a Master’s degree in Homeland Security & Intelligence Studies, a BA in Homeland Security, and an AA in Process Technology. He is CPR certified, possesses a security clearance, and has completed various technical and safety training programs. Recognized for leadership, critical thinking, and attention to detail, Geoffrey is seeking a long-term role where he can leverage his expertise in security, logistics, and administrative operations.",White,Male,Geoffrey,Sullivan,Democratic,0,No
844,INFORMATION-TECHNOLOGY,"Jay Walsh is a highly motivated aerospace technician with extensive experience in assembling and repairing aircraft components, including structural assemblies, micro/miniature electronics, and cable systems for rotary and fixed-wing aircraft. He has demonstrated leadership skills by training and managing teams, ensuring quality work, and meeting production deadlines. His technical expertise includes interpreting blueprints, troubleshooting, and maintaining aircraft systems. Jay holds certifications in micro-miniature and miniature electronics repair, and is pursuing a degree in Administration of Justice. His strong skills in critical thinking, problem-solving, and communication make him a valuable candidate for aerospace and maintenance roles.",White,Male,Jay,Walsh,Republican,0,No
845,INFORMATION-TECHNOLOGY,"Sarah Sullivan is an experienced aviation instructor and maintenance professional with extensive expertise in UH-60 A/L helicopter systems. She has over a decade of instructional experience, including developing and delivering training on airframe systems, safety, troubleshooting, and maintenance procedures. Sarah has held supervisory roles, managing maintenance teams, ensuring compliance with technical manuals, and overseeing quality assurance operations. Her background includes coordinating maintenance activities, inspecting aircraft, and supporting logistics and safety programs. She holds technical certifications related to helicopter maintenance and instruction, with strong skills in documentation, troubleshooting, safety, and organizational processes. Sarah is a reliable professional with a proven track record in aviation maintenance, training, and quality assurance.",White,Female,Sarah,Sullivan,Republican,0,No
846,INFORMATION-TECHNOLOGY,"Keisha Williams is an experienced administrative aviation logistics professional with 26 years of military sector expertise, including 20 years in supervisory roles. She has a strong background in managing U.S. Navy and Marine Corps aeronautical logistics assets, overseeing complex programs, and ensuring compliance and operational readiness. Keisha holds a BA in Human Resources Management and has completed various training in ethics, contracting, and Six Sigma methodologies.

Her key skills include logistics management, supply chain operations, technical writing, data analysis, and project supervision. She has demonstrated success in optimizing maintenance processes, increasing asset readiness, and leading cross-functional teams. Keisha possesses a Secret Clearance and advanced technical skills in systems such as NTCSS, SAP, and Microsoft Office.

Her recent role as Field Project Supervisor involved managing the Naval Aviation Logistics Management Information System, supporting over 48,400 aircraft systems, and improving repair processes to boost asset readiness by 20%. She has also managed aviation programs, supervised project teams, and developed strategic reports to support military operations.

Overall, Keisha is a proven leader with extensive experience in logistics, program management, personnel development, and process improvement, making her a valuable candidate for roles requiring technical expertise and leadership in logistics and aviation support.",African_American,Female,Keisha,Williams,Democratic,0,No
847,INFORMATION-TECHNOLOGY,"Tanisha Jones is a highly experienced Personnel Manager and Education Administrator with a strong background in aviation operations, training development, and instructional technology. She has managed and redesigned military aviation courses, developed interactive training programs, and improved operational efficiency, including reducing training time and costs. Her expertise includes project management, strategic planning, quality management, and conflict resolution. Tanisha holds a Bachelor of Science in Aeronautics and numerous certifications such as Commercial Pilot, Instructor Pilot (CH-47D and F), and Emergency Medical Technician. She has over 3,200 flight hours, including combat and instructor time. Her leadership roles include Senior Warrant Officer Advisor, Course Manager, and Small Group Leader, with extensive experience in curriculum development, course evaluation, and team mentorship. She is a published author in aviation education and holds a secret security clearance. Tanisha is committed to driving projects to completion, fostering team development, and enhancing training effectiveness in dynamic environments.",African_American,Female,Tanisha,Jones,Democratic,0,No
848,INFORMATION-TECHNOLOGY,"Emily Sullivan is a highly experienced professional with a diverse background in construction management, aviation, and research. She has 17 years of construction leadership, including industrial and commercial projects valued from millions to hundreds of millions, and recent experience as an owner-operator of an industrial welding company. She holds a Bachelor's degree in Aviation Science from Utah Valley University and a Master's in Aviation Management (Human Factors) from Arizona State University, with a GPA of 3.5.

Her expertise includes investigative policy research, statistical analysis, crew resource management, aviation safety, and compliance with FAA and DOT regulations. She is proficient in data analysis tools such as SPSS, Excel, PowerPoint, and some R, and has strong supervisory, organizational, and communication skills.

Currently, she works in aircraft sales, conducting research, compliance verification, and facilitating aircraft transactions. Her previous roles include aviation safety internships, construction supervision, and welding certification. She is a certified private pilot with additional ratings and certifications in welding and instructor qualifications.

Emily is a dedicated leader with a strong work ethic, demonstrated through her volunteer coaching and personal pursuits like scuba diving, restoring antique cars, and outdoor activities. She is seeking a challenging role where she can leverage her extensive experience in aviation, research, and management to contribute to organizational safety, efficiency, and growth.",White,Female,Emily,Sullivan,Democratic,0,No
849,INFORMATION-TECHNOLOGY,"Greg Kelly is a highly motivated professional with a diverse background in maintenance, aviation, and healthcare. He holds a High School Diploma and is pursuing a BSN with transfer to Fresno State. Certified as a Nurse Assistant, CPR qualified, and Green Belt Lean Sigma certified, he possesses strong communication, attention to detail, and time management skills.

His extensive experience includes roles as a Planner/Scheduler, Maintenance Head Operator, and Aviation Machinist Mechanic, demonstrating expertise in maintenance planning, machinery repair, aircraft operations, and safety procedures. Notable achievements include Sailor of the Year at NAS Oceana and multiple Naval Achievement Medals. Greg is now seeking to transition into the health field, leveraging his technical skills, safety training, and healthcare certifications.",White,Male,Greg,Kelly,Democratic,0,No
850,INFORMATION-TECHNOLOGY,"Brad Walsh is a dedicated and experienced Financial Technician with over 13 years of expertise in budget reconciliation, financial analysis, and accounting operations, primarily within military and governmental settings. He has a strong background in managing large budgets (over $20 million), performing audits, and utilizing various Navy and government accounting systems. Brad has demonstrated leadership by training and supervising teams of up to 8 personnel, ensuring safety, compliance, and efficiency. His skills include fiscal budgeting, inventory management, safety procedures, and HAZMAT training. He holds a Bachelor of Science in Adult Workforce Education (Cum Laude) from Valdosta State University. Brad is a reliable team player with excellent communication, problem-solving, and organizational abilities, making him well-suited for roles requiring financial management, logistics, and team leadership.",White,Male,Brad,Walsh,Republican,0,No
851,INFORMATION-TECHNOLOGY,"Laurie McCarthy is an experienced Electronic Technician and Avionics Specialist with a strong background in aircraft electrical systems, troubleshooting, and repairs. She has extensive hands-on experience installing, maintaining, and repairing avionics and electrical systems across various aircraft, including commercial, military, and private jets. Her expertise includes AC/DC power systems, digital circuitry, wiring, and control systems, with a proven track record of completing projects ahead of schedule and supervising teams.

Key highlights:
- Skilled in troubleshooting, diagnostics, and test equipment operation.
- Experience with FAA electrical codes and military standards.
- Managed electrical wiring, repairs, and upgrades for diverse aircraft models.
- Supervised maintenance teams and trained personnel.
- Strong educational background with an Associate of Science in Avionics Maintenance Technology and specialized training in avionics troubleshooting and electrical systems.

Professional experience includes roles as Simulator Technician, Avionics Technician, Entry-Level Avionics Mechanic, and Avionics Shift Supervisor, with responsibilities spanning installation, repair, testing, and system modifications on aircraft such as Citation, CRJ, UH-60, CH-47, Boeing 737, Airbus A320, Gulfstream, and others.

Educational credentials include a GED, diploma in Electronics Troubleshooting, and an Associate of Science in Avionics Maintenance Technology, complemented by numerous technical courses and awards.

Skills encompass wiring troubleshooting, schematic interpretation, soldering, system diagnostics, supervision, and field technician capabilities.",White,Female,Laurie,McCarthy,Republican,0,No
852,INFORMATION-TECHNOLOGY,"Lakisha Washington is an experienced Financial Analyst and Manager with a strong background in corporate finance, cost control, procurement, and operational budgeting. She has a proven track record of developing processes to improve workflow efficiency, reducing expenses by $1.3 million, and restructuring roles to enhance departmental performance. Her expertise includes financial forecasting, budget management, contract negotiation, and performance optimization. She has managed multi-department budgets, led financial and operational projects, and maintained key business relationships. Lakisha holds an MBA in Financial Leadership and dual Bachelor's degrees in Financial Management and Business Administration. She is skilled in financial reporting, analysis, procurement strategies, and advanced Microsoft Office tools. Her leadership and analytical skills support strategic decision-making and operational improvements.",African_American,Female,Lakisha,Washington,Democratic,0,No
853,INFORMATION-TECHNOLOGY,"Aisha Washington is an experienced logistics professional with a strong background in Army supply and logistics management. She has over 20 years of military experience, including roles as Senior Supply Sergeant, Senior Logistics Noncommissioned Officer, and Property Book Noncommissioned Officer. Her expertise includes inventory management, supply chain operations, equipment readiness, contract management, and logistics planning. She is proficient in various logistics systems such as PBUSE, LIW, LOGDAT, and GFEB, and holds active Secret security clearance. Aisha is skilled in forecasting, project management, budgeting, and staff operations, with technical certifications in logistics systems and budget analysis. She seeks a position as an Inventory Management Specialist, Logistics Management Specialist, Supply Management Specialist, or Senior Logistics Analyst.",African_American,Female,Aisha,Washington,Democratic,0,No
854,INFORMATION-TECHNOLOGY,"Jermaine Robinson is a seasoned Mechanical Engineer with extensive experience in product design, process improvement, project management, and quality assurance within the aerospace and military engine sectors. He is proficient in CAD tools (UG NX, SolidWorks), engineering analysis (FEA, ANSYS), and methodologies such as Lean Six Sigma. His expertise includes fluid system design, hardware testing, failure investigation, and vendor collaboration, with notable accomplishments in designing engine cooling systems, anti-ice systems, and improving component durability. Jermaine holds a Master’s in Mechanical Engineering from the University of Dayton and a Bachelor’s from Miami University, with additional foundational studies in Agricultural Engineering from Kwame Nkrumah University of Science and Technology. He is certified in Lean Six Sigma and skilled in various engineering and visualization software, demonstrating strong leadership and technical capabilities suited for aerospace hardware development and process optimization roles.",African_American,Male,Jermaine,Robinson,Republican,0,No
855,INFORMATION-TECHNOLOGY,"Leroy Robinson is a dedicated professional with a Bachelor of Science in Interdisciplinary Social Science and a minor in Conflict Analysis and Trauma Studies, graduating with a 3.41 GPA. He has over 8.5 years of military experience in the US Army, demonstrating leadership, professionalism, and integrity. Leroy has extensive administrative expertise, including personnel management, training, event coordination, and office operations, with proficiency in Microsoft Office Suite and typing at 45 WPM. His military roles involved communication systems maintenance, executive support to high-ranking officers, and supervising soldiers. He has also managed household responsibilities and caregiving. Leroy is affiliated with NSCS and Sigma Alpha Lambda, and possesses strong interpersonal, organizational, and conflict resolution skills, making him well-suited for roles in social sciences, administration, or personnel management.",African_American,Male,Leroy,Robinson,Democratic,0,No
856,INFORMATION-TECHNOLOGY,"Tremayne Washington is a dedicated nursing graduate with a Bachelor of Science in Nursing from Chamberlain University, graduating Salutatorian and Magna Cum Laude. He holds a Florida Registered Nurse license and BLS certification. Tremayne has extensive clinical experience with over 400 hours across various units including ICU, NICU, Emergency, and Mental Health, and completed a comprehensive preceptorship at UF Health Emergency Department, where he gained hands-on skills in patient stabilization, triage, IV insertion, medication administration, and patient education.

His prior experience includes roles as a Patient Care Technician, where he assisted with patient care, vital signs, and specimen collection, and a background as an Aviation Electronic Technician, demonstrating strong technical and leadership skills. He also has customer service experience as a server.

Awards include academic honors, military achievements, and recognition for organizational maintenance and avionics. Tremayne is committed to providing high-quality patient care, advocating for patients, and working effectively within healthcare teams.",African_American,Male,Tremayne,Washington,Democratic,0,No
857,INFORMATION-TECHNOLOGY,"Geoffrey Baker is an experienced IT professional with over 20 years in the Aviation Ground Handling sector, specializing in system support, administration, and project management. Currently, he serves as a Global Project Manager at Air Menzies International, overseeing internal systems, managing development teams, supporting global network operations, and leading a data center migration to cloud services. His previous roles include project management for Menzies Aviation, where he led infrastructure and system implementations for new airport operations and business expansions across the UK, Europe, and India. He has a strong background in system support, network administration, and business analysis. Geoffrey holds a BSc in Mathematics from the University of Glamorgan and has extensive experience with Windows, Office Suites, Citrix, Active Directory, and project management tools like Trello and ServiceNow. He is a proactive leader with a proven track record in managing complex projects and supporting global operations.",White,Male,Geoffrey,Baker,Republican,0,Yes
858,INFORMATION-TECHNOLOGY,"Jill Walsh is an aviation professional with a Bachelor's degree in Aviation Management from Bridgewater State University and currently pursuing an MBA in Aviation International Business at Embry-Riddle Aeronautical University. She holds dual citizenship (American and Brazilian) and is bilingual in Portuguese and English. Jill has hands-on experience in airport operations, aircraft handling, and cargo management, with roles including Front Desk Attendant, Airline Operations Agent, and Ramp Agent. She is a licensed commercial pilot (ANAC and FAA) with strong skills in aviation management, strategic planning, and problem-solving. Her background combines operational expertise with international business knowledge, making her well-suited for roles in aviation operations and management.",White,Female,Jill,Walsh,Republican,0,No
859,INFORMATION-TECHNOLOGY,"Anne Murray is an experienced Quality Assurance Manager with 8 years of leadership in the aerospace industry. She specializes in process improvement, regulatory compliance (including NADCAP, ISO9001, CMMC), and quality system management. She has a proven track record of reducing costs, enhancing product quality, and implementing certifications and programs that improve operational efficiency. Her skills include root cause analysis, audit coordination, supplier quality management, and staff training. Anne has supervised multiple support departments and developed key performance indicators to drive continuous improvement. She holds certifications in Six Sigma Green Belt, ISO 9001:2015 internal auditing, and NADCAP standards. Her background also includes program management, purchasing coordination, and educational experience. Anne is a detail-oriented leader committed to high standards of quality and operational excellence.",White,Female,Anne,Murray,Democratic,0,No
860,INFORMATION-TECHNOLOGY,"Meredith Sullivan is an experienced Operations Management professional with over 20 years of military and civilian leadership. She holds a Secret Security Clearance and specializes in project management, financial oversight, staff training, process improvement, and team building. Her key accomplishments include managing $1.8M in travel funds, reducing regional expenditures by 8%, increasing production efficiency by 20%, and supervising training for over 650 military and foreign students. Currently, she serves as an Operations Manager overseeing training for 3,000+ employees, ensuring mission success and compliance. Her previous roles include General Manager, Logistic Manager, and Senior Training Specialist, with extensive experience in aviation logistics, quality control, and instructional development. She is pursuing a Bachelor of Science in Business Administration and has completed numerous professional development courses related to leadership, training, and systems management.",White,Female,Meredith,Sullivan,Democratic,0,No
861,INFORMATION-TECHNOLOGY,"Kristen McCarthy is a highly motivated college student with over 3 years of experience as a qualified Radiological Control Technician, including work in facility decommissioning and aircraft carrier refueling. She holds a DOE L clearance and is certified in radiological control, hazardous waste, and aviation ordnance. Skilled in radiological monitoring, surveying, environmental sampling, and ensuring safety standards such as ALARA. She is bilingual in English and Spanish, with technical training in nuclear engineering technology from Thomas Edison State University. Kristen is proficient in Microsoft Office and experienced in team leadership, safety compliance, and emergency response.",White,Female,Kristen,McCarthy,Republican,0,No
862,INFORMATION-TECHNOLOGY,"Brendan Sullivan is a versatile mechanical engineering student with extensive experience in ordnance, maintenance, and operations. His background includes supervising aviation ordnance operations in the Navy, where he managed high-value assets, performed safety and maintenance tasks, and mentored junior personnel. He has hands-on mechanical troubleshooting skills, safety compliance expertise, and experience in process improvement. Brendan also has experience in sales and customer service, demonstrating strong communication, relationship-building, and sales growth abilities. His technical proficiency includes MS Office, quality assurance, data analysis, and troubleshooting. Certified in explosives handling, elevator maintenance, and CPR, he is dedicated to efficient, organized task completion and team collaboration. Notable achievements include producing over 300,000 cases of Gatorade, increasing sales revenue, and earning Junior Sailor of the Month.",White,Male,Brendan,Sullivan,Democratic,0,No
863,INFORMATION-TECHNOLOGY,"Anne Kelly is a versatile professional with a background spanning IT support, security, military police, and culinary arts. She holds certifications including Sun Certified Java Developer (SCJD) and Cisco Certified Network Associate (CCNA), with strong technical skills in network security, UNIX/Linux, web content management, and troubleshooting. Her experience includes IT help desk support, network security management, and developing security policies. She has over 12 years of experience as a Personal Computer Support Technician and has worked in security roles for G4S, patrolling and monitoring facilities. Additionally, Anne has military police experience, demonstrating leadership and operational skills in high-pressure environments. She also has extensive culinary experience as a line cook, with over 10 years in fast-paced kitchens. Her education includes a diploma in Personal Computer Support from Lincoln Technical Institute and a certificate in Electronic Systems Technology. Anne is seeking a position to leverage her technical, security, or support skills to contribute effectively to an organization.",White,Female,Anne,Kelly,Republican,0,Yes
864,INFORMATION-TECHNOLOGY,"Neil Sullivan is an experienced professional with a strong background in airport safety, training, and operations management, complemented by entrepreneurial leadership. He has over 15 years of expertise in safety program development, accident investigation, and staff training for airport environments, ensuring compliance with FAA regulations. Neil also has extensive management experience as a general manager of a gas station and logistics operations in Haiti, where he led staff, managed inventories, and developed new revenue streams. He holds a Bachelor's degree in Public Administration from Barry University and is a member of AAAE and the Small Business Association. His key skills include safety training, program development, safety inspections, staff management, and operational oversight. Neil is seeking a challenging role as a Safety Training Manager to leverage his safety expertise and management skills.",White,Male,Neil,Sullivan,Democratic,0,No
865,INFORMATION-TECHNOLOGY,"Kareem Washington is an experienced aviation and aerospace professional with 14 years of expertise in international aircraft certification, regulatory compliance, aircraft sales, and import/export processes. He is a licensed commercial/instrument pilot with over 800 flight hours, emphasizing risk management and problem-solving skills. Kareem has a strong background in managing international certification programs, obtaining type approvals across multiple countries, and developing compliance documentation for FAA and foreign authorities. His accomplishments include securing First of Type approvals in numerous countries and reducing validation costs by developing revenue streams. He holds a B.S. in Professional Aeronautics from Embry-Riddle Aeronautical University, with minors in Safety, Management, and International Relations. Kareem possesses advanced skills in Microsoft Office, 3D modeling, aircraft maintenance coordination, and regulatory frameworks, making him a well-rounded candidate for roles in aviation certification, compliance, and program management.",African_American,Male,Kareem,Washington,Republican,0,No
866,INFORMATION-TECHNOLOGY,"Hakim Jackson is a highly accomplished professional with extensive experience in recruiting, project management, and electronics maintenance, complemented by strong leadership and training skills. He holds a Master of Science in Management (Summa Cum Laude) and a Bachelor of Business Administration (Magna Cum Laude). 

Key highlights include:
- Over 5 years as a Recruiter-in-Charge, leading a Navy recruiting station to 300% above goals, earning multiple awards including Navy and Marine Corps Medals.
- Experience as an Executive Director in legal insurance sales, successfully selling over 1,400 plans and training over 1,000 sales reps.
- A background in aviation electronics, supervising up to 23 technicians, managing maintenance operations, and implementing Six Sigma principles to improve processes by 30%.
- Active Secret Security Clearance valid until January 2025.
- Skills encompass recruiting, project management, Six Sigma, electronics troubleshooting, training, and client relations.

Hakim is a disciplined, strategic thinker with proven success in leadership, process improvement, and team development, making him a valuable candidate for roles requiring organizational excellence and operational expertise.",African_American,Male,Hakim,Jackson,Republican,0,No
867,INFORMATION-TECHNOLOGY,"Aisha Jones is a dedicated professional with extensive experience in operations management, customer service, and aviation. She holds a High School Diploma and specialized training as an Aviation Warfare Operator and Electronic Support Measure technician, with additional certifications in First Aid and AED. Her military background includes coordinating large teams, managing aircraft systems, and ensuring safety and security in high-pressure environments. 

Key strengths include leadership, problem-solving, communication, and process improvement. She has a proven track record of promoting quickly, maintaining accountability of valuable equipment, and delivering exceptional customer service. Her technical skills encompass aircraft systems, radar, electronic warfare, and various management and software tools. 

Aisha is seeking a long-term, fulfilling career in a supportive work environment where she can leverage her operational expertise, leadership abilities, and commitment to excellence.",African_American,Female,Aisha,Jones,Republican,0,No
868,INFORMATION-TECHNOLOGY,"Jill Murphy is a highly qualified and results-driven Mechanical Engineer and Quality Specialist with over five years of experience in aerospace product engineering and quality assurance. She holds a Six Sigma Black Belt and has extensive expertise in quality management tools such as SPC, QFD, FMEA, and Lean Manufacturing. Her professional background includes senior roles in aerospace quality engineering, notably with experience in military and commercial turbine development, project management, and regulatory compliance (FAA, DoD, AS9100). Jill has led process improvements, statistical analyses, and cross-functional teams, and has trained junior engineers in Six Sigma methodologies.

Academically, she has advanced degrees from MIT, including a Ph.D. in Theoretical Physics, an M.S. in Applied Physics, and an M.B.A. in Econometrics. She has also completed certifications in Lean Six Sigma Green and Black Belts. Jill has a strong publication record, notably proving the transcendental nature of the Euler-Mascheroni constant, and is recognized as a Fields Medal and Nobel Laureate candidate.

Her skills encompass quality control, process improvement, project management, materials management, and engineering software. She is affiliated with professional organizations such as the American Physical Society, American Society for Quality, and American Institute of Aeronautics and Astronautics. Jill is a dedicated team player with leadership capabilities, technical expertise, and a strong academic background, making her a valuable candidate for advanced engineering and quality management roles.",White,Female,Jill,Murphy,Republican,0,No
869,INFORMATION-TECHNOLOGY,"Jamal Jackson is an experienced Program Manager with a strong background in military aviation, logistics, and electronic systems maintenance. He has over 24 years of service, including leadership roles managing aviation accountability, budgets (over $3.5M), and operational planning for multiple divisions. Jamal possesses advanced skills in Microsoft Office, database management, logistics, and technical troubleshooting of communication, navigation, and secure equipment. He holds a Top Secret security clearance, a Bachelor's in Aeronautical Engineering, and an MBA. His military career includes awards such as the Bronze Star Medal and Good Conduct Medal. Jamal is proficient in project coordination, report generation, SOP development, and team guidance, with extensive experience in electronic and mechanical system repairs, inspections, and operational testing.",African_American,Male,Jamal,Jackson,Democratic,0,No
870,INFORMATION-TECHNOLOGY,"Jay Kelly is an experienced electronics and manufacturing professional with extensive skills in circuit board repair, soldering, wire cutting, and assembly. He has over 24 years of experience in production operations, including wave soldering, circuit repair, and mechanical assembly. Jay has a background in repairing VCRs, pagers, and other electronic devices, with certifications in VCR and pager repair. He is known for hard work, teamwork, and supporting diversity. His technical skills include soldering, wire management, mechanical assembly, and working with LCD and aqueous CG machines. Jay also has entrepreneurial experience owning small rental and repair businesses.",White,Male,Jay,Kelly,Republican,0,No
871,INFORMATION-TECHNOLOGY,"Hakim Jones is an experienced Operations Manager and union leader with a strong background in contract negotiation, process improvement, staff development, and labor relations. He has served as Union President since 2004, overseeing local union operations, training, and external relations with management, government agencies, and community stakeholders. Hakim has demonstrated leadership in organizational efficiency, policy development, and event planning. His previous roles include Licensing Coordinator, Grants Assistant, and various clerical positions within transportation and administrative sectors. He holds education in Labor Studies and Computer Science, with additional training in leadership and public speaking. Skilled in negotiation, team management, policy implementation, and technical systems, Hakim remains calm under pressure and excels in complex problem-solving and process optimization.",African_American,Male,Hakim,Jones,Democratic,0,No
872,INFORMATION-TECHNOLOGY,"Matthew Baker is a highly motivated professional with extensive military and security experience, currently maintaining a Secret security clearance. He has over 20 years of service in aviation ordnance, security, and personnel screening, with a strong background in aircraft maintenance, weapons systems, and security operations. His military career includes roles in aircraft ordnance handling, security baggage screening, and force protection at military terminals. 

He holds a Bachelor of Arts in Criminal Justice from Saint Leo University with a GPA of 3.778 and is bilingual in Spanish. Matthew has skills in ordnance, weapons systems, aircraft maintenance, inventory management, and security protocols. He is proficient in various computer programs including MS Office Suite, Adobe Acrobat, Navy ERP, FedEx, UPS, and web-based logistics systems.

His accomplishments include supervising operations, managing inventory, and handling significant financial transactions in retail settings. He has demonstrated leadership, technical expertise, and a strong work ethic throughout his military and civilian roles.",White,Male,Matthew,Baker,Republican,0,No
873,INFORMATION-TECHNOLOGY,"Carrie Murphy is an experienced professional with a strong background in manufacturing, reliability engineering, and nuclear processing. She holds a B.S. in Aerospace Engineering from the University of Tennessee and has earned a Six Sigma Green Belt and an Engineer in Training (EIT) certification. Her career includes entrepreneurial experience as a bakery owner, project engineering for nuclear facilities, reliability engineering internships, and military service as an Aviation Electronics Technician. She possesses skills in AutoCAD, SAP, root cause analysis, safety, and research and design, with a DOE Level Q Security Clearance. Carrie has demonstrated leadership, technical expertise, and project management across diverse industries.",White,Female,Carrie,Murphy,Republican,0,No
874,INFORMATION-TECHNOLOGY,"Brett Murphy is a personable and high-energy nursing professional with a strong background in patient care, medical terminology, and healthcare regulations. He holds an Associate’s in Pre-Nursing and is pursuing a Nursing degree at Georgia Southern University, with clinical experience at East Georgia Regional Medical Center and St. Joseph Candler Hospital. Certified in CPR through the American Heart Association, Brett demonstrates skills in patient safety, vital signs, electronic health records, and patient advocacy.

In addition to his healthcare pursuits, Brett has extensive experience in customer service and management roles, including current employment as a Bank Teller at Bank of America since 2015, where he excels in customer relations and sales. He also has experience as a Retail Sales Consultant and Aviation Resource Manager, managing schedules, operations, and administrative tasks with precision.

His achievements include multiple awards such as Airman of the Year and Airman of the Quarter, reflecting leadership and dedication. Brett is actively involved in the Student Nurses Association and has a GPA of 3.6 in his nursing studies, demonstrating a commitment to professional growth and excellence.",White,Male,Brett,Murphy,Republican,0,No
875,INFORMATION-TECHNOLOGY,"Kenya Jones is an experienced Electrical Engineer with over 5 years of expertise in power and control systems, particularly within the oil and gas industry. She has a strong background in designing power grids, control systems, and testing equipment, with proficiency in engineering software such as AutoCAD, Solidworks, MATLAB, and RSLogix. Kenya has demonstrated success in project management, reducing downtime, increasing testing efficiency, and achieving cost savings across multiple projects. Her technical skills include hardware and firmware design, electrical schematics, standards compliance (NEC, IEEE, NEMA, UL), and operational analysis. She also has prior experience as a Manufacturing Engineer and Maintenance Mechanic, with a background in troubleshooting, process improvement, and equipment design. Additionally, her military service as an Aviation Electrician provided her with foundational skills in electrical troubleshooting and repair. She holds a Bachelor’s degree in Electrical Engineering from the University of Texas at Arlington and a certificate from Officer Candidate School. Kenya is a strong problem solver, decision maker, and team leader, well-equipped for roles requiring technical expertise and project oversight in electrical engineering.",African_American,Female,Kenya,Jones,Republican,0,No
876,INFORMATION-TECHNOLOGY,"Jay Kelly is a certified Plant Operator with 6 years of experience managing a $27 million Cryogenic Air Separation Unit, specializing in oxygen, nitrogen, and argon production. He has 11 years of military training and extensive expertise in plant monitoring, equipment maintenance, safety, and process optimization. His background includes supervising teams, implementing training programs, and ensuring quality assurance. Additional skills include troubleshooting complex mechanical and electrical systems, operating various ground support equipment, and maintaining safety standards. His prior roles also encompass auto mechanic, sales associate, and aviation structure mechanic, demonstrating versatility and technical proficiency. Education includes mechanical coursework at the University of Montana and Navy training. Jay is dependable, detail-oriented, a team player, and committed to operational excellence.",White,Male,Jay,Kelly,Republican,0,No
877,INFORMATION-TECHNOLOGY,"Jill Ryan is a highly organized and motivated professional with experience in cash administration, customer service, and aviation maintenance. She holds an Associate of Applied Science in Paralegal from Central Piedmont Community College, with a GPA of 3.56 and membership in Lambda Epsilon Chi Honor Society. Her key skills include proficiency in Microsoft Office, Excel, PowerPoint, issue resolution, data organization, and multitasking.

Her work experience encompasses cash office management at Lowe's, customer service roles, and a notable career as a U.S. Navy Aviation Electrician, where she performed aircraft electrical maintenance, trained personnel, and earned recognition for her dedication and quality work. She also has retail experience as a sales associate, demonstrating strong customer service and operational skills.

Jill is a goal-oriented, detail-focused professional with a background in technical maintenance, administrative tasks, and customer relations, committed to delivering high-quality results with minimal supervision.",White,Female,Jill,Ryan,Republican,0,No
878,INFORMATION-TECHNOLOGY,"Latonya Jones is a dedicated military veteran and experienced journeyman electrician with a strong background in electrical maintenance, electronics troubleshooting, logistics, and embarkation management. She has over nine years of combined military and civilian experience, including serving four years active duty and currently working as a maintenance specialist at TWPC. Her expertise includes equipment repair, preventative maintenance, and supervising teams of Marines. She has a proven track record of managing logistics operations, preparing military equipment for deployment, and ensuring operational readiness. Latonya holds advanced certifications in aviation electronics, calibration, and digital logic, and has completed specialized military training. She is an effective communicator and leader, with skills in safety, troubleshooting, and team supervision, making her a valuable asset for maintenance and technical roles.",African_American,Female,Latonya,Jones,Democratic,0,No
879,INFORMATION-TECHNOLOGY,"Brendan Ryan is an experienced logistics and organizational leader with 12 years in logistics and 9 years in leadership roles. He specializes in supply support, transportation, inventory control, procurement, and distribution, with proficiency in systems like NALCOMIS/RSUPPLY, BSI, Cost Point, and FEDLOG. Brendan has a strong background in asset management, process improvement, and team building, supported by certifications in Six Sigma and Lean.

His career includes roles as a Material Control Specialist, Logistics Supply Specialist, and Aviation Supply Specialist, with extensive experience managing large asset inventories (over $2 billion), supervising teams, and coordinating logistics operations in military and civilian settings. Brendan holds a high school diploma, military aviation logistics training, and certifications in HazMat, Six Sigma, and Lean. He is highly adaptable, detail-oriented, and skilled in decision-making, communication, and process optimization, making him a valuable asset for logistics and supply chain positions.",White,Male,Brendan,Ryan,Democratic,0,No
880,INFORMATION-TECHNOLOGY,"Allison Murray is a dedicated System Center 2012 Administrator and Desktop Support Engineer with over nine years of experience in IT management and support. She has extensive expertise in managing and deploying Windows 7 and Windows Server 2008 R2 environments using SCCM 2012 R2, including patch management, OS deployment, application deployment, and software configuration for global enterprise systems. Allison has managed IT operations across multiple domestic and international locations, providing second and third-level support, troubleshooting hardware and software issues, and coordinating system upgrades and migrations. Her background also includes experience in network and server management, data center oversight, and customer support. Prior to her IT career, she served as an Aviation Ordnance Supervisor in the Navy, overseeing personnel, inventory, and safety protocols for military ammunition and equipment. She holds a Bachelor’s degree in Computer Science with a focus on Network Security and is a Microsoft Certified Professional. Allison’s skills encompass Active Directory, hardware troubleshooting, change management, network administration, and technical support, making her a well-rounded candidate for IT management and support roles.",White,Female,Allison,Murray,Republican,0,Yes
881,INFORMATION-TECHNOLOGY,"Tremayne Jones is a dedicated professional with over 10 years of experience in procurement, inventory management, customer service, and warehouse supervision. He has a strong background in processing purchase orders, vendor relations, and inventory control, with notable cost-saving achievements for the City of Peoria. Tremayne possesses excellent people skills, problem-solving abilities, and a positive work ethic, making him effective in managing personnel and resolving conflicts. His technical skills include proficiency in PeopleSoft, AutoCAD, Microsoft Office, and various mechanical repair certifications. He has a background in naval aircraft maintenance and aviation, along with educational credentials in Business Management and technical training in electro-mechanical systems. Tremayne is committed to serving organizations efficiently and building positive relationships with clients and colleagues.",African_American,Male,Tremayne,Jones,Democratic,0,No
882,INFORMATION-TECHNOLOGY,"Kenya Jones is a licensed FAA A&P mechanic with an Associate of Applied Science in Power-plant & Airframe Technology. She has extensive experience in aircraft maintenance, troubleshooting, repairs, and inspections, as well as current work as a maintenance mechanic at Fairmount Santrol, handling tasks like belt splicing, pump rebuilding, and motor and gearbox replacements. Her background also includes carpentry and customer service roles. She is detail-oriented, efficient, and seeking a position to leverage her technical skills and maintenance expertise.",African_American,Female,Kenya,Jones,Democratic,0,No
883,INFORMATION-TECHNOLOGY,"Keisha Jackson is a dedicated aviation student and aspiring pilot with over 42 flying hours and current work toward her Private Pilot Certificate. She is enrolled in Southwestern Illinois College's Aviation Pilot Program, aiming to transfer to pursue a Bachelor's in Aviation Management. Keisha has extensive hands-on experience working at airports, including fueling aircraft, marshaling, aircraft management, and ground operations, with experience at multiple airports and on various aircraft types. She currently works as a Line Service Technician at Deal Aviation, performing fueling, aircraft towing, cleaning, and communication tasks. Her background includes customer service, team leadership, and operational skills gained through roles in retail, event staffing, and airport services. Keisha is a motivated 19-year-old living in Freeburg, Illinois, balancing work, school, and flight training, with a strong passion for a career in commercial aviation.",African_American,Female,Keisha,Jackson,Democratic,0,No
884,INFORMATION-TECHNOLOGY,"Carrie Murphy is a highly experienced aviation industry professional with 15 years of comprehensive expertise, including 12 years specifically in aviation operations, purchasing, and logistics. She has worked extensively with commercial, military, charter, and prototype aircraft, including Boeing, Airbus, Bombardier, Dornier, and Lockheed models.

Key Skills:
- Logistics, Expedite/AOG, Inventory Control, Shipping & Receiving
- Customer Service, Sales, Purchasing, and Management
- Finance, Accounting, Bookkeeping
- Strong negotiation, communication, and problem-solving abilities
- Proficient in MS Office and industry-related software

Professional Experience:
- Current role since 2011 as Purchaser/Production Coordinator at Flightstar, managing aircraft documentation, parts procurement, expediting, and coordinating between departments and vendors to ensure timely aircraft delivery and compliance.
- Previous roles include Purchasing Clerk/Material Specialist at Vision Airlines and Purchasing Agent/Material Expeditor, handling procurement, inventory management, shipping, and supporting AOG operations for various airlines and military clients.

Education & Certifications:
- Transportation Dangerous Goods Certification
- Aviation maintenance and safety courses (RVSM, maintenance indoctrination)
- High School Diploma
- Recognized for excellence in aviation maintenance training

Summary:
Carrie is a detail-oriented, proactive professional with a proven track record of supporting aircraft maintenance and delivery through effective procurement, logistics, and coordination. She excels under pressure, maintains strong vendor relationships, and consistently meets industry standards for quality and efficiency.",White,Female,Carrie,Murphy,Democratic,0,No
885,INFORMATION-TECHNOLOGY,"Neil O’Brien is an experienced professional with a strong background in aircraft maintenance, painting, and corrosion control, holding a current US Government ""Secret Security Clearance."" He has over 8 years of hands-on aircraft painting and corrosion control experience, including supervising a team of three employees in a corrosion control facility, managing maintenance of twelve aircraft paint schemes, and ensuring safety and compliance with environmental regulations. Neil has worked on various aircraft types such as F/A-18, P-3, T-34, T-44, Boeing 737/777, Airbus 319/320, demonstrating expertise in surface preparation, masking, painting, and finishing using spray equipment, brushes, and power tools. 

He also has administrative experience as an office clerk, handling correspondence, records, and communication. Neil holds certifications in Aircraft Coating Technology and Welding, with additional training in aircraft structural mechanics and corrosion control. Recognized for safety and attention to detail, he has received awards including the Navy Marine Corps Achievement Medal. His skills include blueprint reading, technical manuals, safety procedures, supervision, and various technical and office software. Neil is affiliated with the American Legion and a charitable foundation, reflecting community involvement.",White,Male,Neil,O’Brien,Republican,0,No
886,INFORMATION-TECHNOLOGY,"Latonya Williams is a licensed paralegal with extensive experience in general and commercial litigation, bankruptcy, estate planning, and workers' compensation. She has strong skills in legal research (Westlaw), document drafting, case management, and court filings. Her professional background includes over a decade of paralegal work, along with administrative and customer service roles, demonstrating excellent organizational, communication, and client management abilities. She holds an Associate’s degree and a paralegal certificate from Manor College, both ABA-approved. Key skills include legal research, document preparation, case management, and proficiency with legal and office software.",African_American,Female,Latonya,Williams,Republican,0,No
887,INFORMATION-TECHNOLOGY,"Tamika Jones is a dedicated and self-motivated Australian professional with extensive experience in customer service, travel consulting, and team training. She has a strong background in airline and travel industry operations, including passenger services, international and corporate travel management, and staff development. Tamika possesses excellent interpersonal, problem-solving, and communication skills, with proficiency in various travel systems and Microsoft Office. She is currently pursuing a Bachelor of Applied Science in Aviation Business Management at RMIT and holds a Certificate III in Tourism Retail Sales and a Diploma in Management. Tamika is reliable, organized, and adaptable, with a proven track record of achieving KPIs, improving customer satisfaction, and training staff. She holds a Tier 5 Youth Mobility Visa and is eligible for an EU passport.",African_American,Female,Tamika,Jones,Republican,0,No
888,INFORMATION-TECHNOLOGY,"Todd Kelly is a highly experienced aerospace professional with over 20 years of expertise in flight testing, systems integration, and UAV operations. He has extensive leadership experience managing global Hawk UAS operations, including mission planning, execution, and regulatory compliance with FAA and Transport Canada. Todd has a strong background in flight test engineering, aircraft modifications, and project management, with notable accomplishments such as developing operational concepts for NASA's Global Hawk UAS, leading testing efforts, and receiving prestigious awards like the NASA Exceptional Service Medal.

His career includes roles as Lead Operations Engineer for the Global Hawk project, managing high-profile test programs for NASA and the U.S. Army, and serving as a flight test engineer and project manager on various aircraft systems. Todd holds a B.S. in Aeronautical Engineering from Cal Poly and has completed advanced training in system safety, requirements definition, and test management.

Key skills include flight test management, UAS operations, systems integration, team leadership, and safety. He has a proven track record of developing test procedures, managing complex projects, and coordinating with regulatory agencies to ensure successful operations.",White,Male,Todd,Kelly,Republican,0,No
889,INFORMATION-TECHNOLOGY,"Rasheed Robinson is a highly experienced Aviation Electrician with 20 years of military and civilian expertise in aircraft systems, troubleshooting, installation, calibration, and maintenance. He has a strong background in avionics, electrical components, and electronic technologies, with leadership roles supervising teams of technicians and sailors. His accomplishments include managing large-scale maintenance projects, improving system efficiency, and maintaining high standards of safety and quality. Rasheed holds a Bachelor of Science in Professional Aeronautics from Embry-Riddle Aeronautical University and possesses a secret clearance. His skills encompass troubleshooting, project management, quality assurance, and team leadership, with extensive experience working on various aircraft such as F/A-18, H-60, P-3, and others. Recognized for his exemplary performance, he has received multiple awards and medals, demonstrating his dedication and technical proficiency in aviation maintenance and electronics.",African_American,Male,Rasheed,Robinson,Democratic,0,No
890,INFORMATION-TECHNOLOGY,"Laurie Murphy is a highly experienced professional with a strong background in managed pressure drilling (MPD) operations within the energy sector, complemented by military electrical and aviation maintenance expertise. She is results-oriented, technically proficient, and skilled in project management, troubleshooting, client relations, and process improvement. Currently serving as a Managed Pressure Drilling Field Supervisor, Laurie oversees offshore drilling projects, leads teams, and develops client relationships, while also supporting sales and marketing efforts. Her previous roles include technical positions in pressure control systems and military aviation electrical supervision, earning multiple awards and medals. Laurie holds a BA in Business Administration and extensive safety and technical training, including IADC WellSHARP Supervisor Level and MPD certifications. She has worked with major clients such as Shell, ConocoPhillips, Chevron, and others, demonstrating her ability to adapt and excel in dynamic environments.",White,Female,Laurie,Murphy,Democratic,0,No
891,INFORMATION-TECHNOLOGY,"Kareem Jackson is a dedicated and adaptable leader with extensive experience in airport operations and customer service management. He has a proven track record of promoting within his roles and managing complex concourse operations at Atlanta Airport. Kareem excels in team building, client relationship management, strategic planning, and conflict resolution. His skills include operational oversight, staff coaching, safety compliance, and process improvement. He has held positions such as Passenger Service Concourse Manager, Cabin Service Manager, and Supervisor, demonstrating strong leadership, communication, and problem-solving abilities. Kareem is proficient in Microsoft Office and has technical experience with CBP processes. He holds a high school diploma and has additional training in CBP administrative procedures.",African_American,Male,Kareem,Jackson,Republican,0,No
892,INFORMATION-TECHNOLOGY,"Aisha Washington is a dedicated Office Administrator with extensive experience in operations management, customer service, and administrative support. She has a strong background in overseeing office functions, managing inventory, coordinating schedules, and supporting executive teams, including the COO and sales staff. Her skills include advanced proficiency in Microsoft Office, data management, process improvement, and vendor relations. Aisha has a proven track record of enhancing communication efficiency, ensuring regulatory compliance, and handling complex logistical tasks such as travel planning and flight coordination. She seeks a role with increased responsibility, leveraging her leadership, organizational, and problem-solving abilities to contribute effectively to organizational success.",African_American,Female,Aisha,Washington,Republican,0,No
893,INFORMATION-TECHNOLOGY,"Tyrone Williams is an experienced Air Freight Agent with a strong background in cargo handling, customer service, and compliance with TSA, CBP, and FAA regulations. He has a proven track record of increasing airline revenue and efficiently managing inbound and outbound shipments. His skills include safety checks, team collaboration, multi-tasking, staff training, and documentation. Tyrone is flexible with working hours, including weekends and holidays. His professional experience spans over a decade in cargo operations, with expertise in cargo booking, inspection, classification, and handling special shipments such as dangerous goods, human remains, and live animals. He holds an Associate of Science degree in Liberal Arts & Business from the College of Micronesia.",African_American,Male,Tyrone,Williams,Republican,0,No
894,INFORMATION-TECHNOLOGY,"Laurie Murphy is a highly skilled computer science professional with a Master’s degree from Wichita State University and a Bachelor’s from BMSCE. She has extensive experience in web development, back-end programming, relational databases, and performance testing. Her technical expertise includes Java (Spring, Hibernate, J2EE), front-end technologies (HTML5, CSS, JavaScript, AngularJS, Bootstrap), web services (SOAP, REST), and system programming in C, C++, and Unix. Laurie has worked on projects such as Unix system programming, GPU-accelerated algorithms, and biometric leave management systems. She has practical experience as a Java intern, performance testing contractor, and research assistant, demonstrating strong analytical skills, project management, and a collaborative approach within Agile environments. Her technical proficiency and diverse project background make her a valuable candidate for software development roles.",White,Female,Laurie,Murphy,Democratic,0,Yes
895,INFORMATION-TECHNOLOGY,"Tanisha Williams is an experienced professional with a strong background in customer service, aviation insurance, and team management. She has over 10 years of experience working in aviation insurance, assisting with policy issuance, renewals, endorsements, and client support across multiple product lines including Agriculture, Commercial Aircraft, and Airlines. She is skilled in using intranet and internet-based systems, maintaining detailed reports, and providing exceptional customer service. 

Additionally, Tanisha has managerial experience from her role at Flextronics, where she supervised staff, managed inventory, and resolved customer issues efficiently. She has demonstrated leadership, organizational, and multi-tasking abilities, earning multiple employee of the month awards. 

Her educational background includes a B.S. in Business Administration/Marketing from the University of Louisiana at Lafayette. Key skills include customer service, underwriting support, inventory management, troubleshooting, communication, and team supervision. She seeks a stable position to utilize her organizational and interpersonal skills for long-term growth.",African_American,Female,Tanisha,Williams,Republican,0,No
896,INFORMATION-TECHNOLOGY,"Latoya Jackson is a versatile business management professional with extensive experience in sales, operations, administration, and vendor relations. She has held roles such as Assistant to Managing Director, Business Manager, and Travel Consultant, demonstrating strong skills in strategic planning, team leadership, client relations, and process improvement. Her accomplishments include reconciling vendor invoices, managing office operations, developing new departments, and coordinating corporate events. Latoya holds a Master’s in Digital Marketing, an MBA, and a BA in Tourism Business Management. Bilingual in English and Spanish, with conversational French and Italian, she is proficient in CRM, accounting systems, contract negotiation, and project coordination. She is well-equipped to contribute to roles requiring strategic planning, operational efficiency, and client management.",African_American,Female,Latoya,Jackson,Democratic,0,No
897,INFORMATION-TECHNOLOGY,"Todd Walsh is an experienced professional with a background in security, military aviation, and warehouse operations. He seeks an entry-level position in a technology-based company, leveraging his familiarity with Apple/Mac/Windows systems. His military service as a Petty Officer in the U.S. Navy involved weapons systems operation, security, and logistics, earning medals such as the Global War on Terrorism Expeditionary Medal and Navy Good Conduct Medal. Todd has certifications in weapons training, small arms, and response tactics, along with an associate degree in Criminal Justice. His technical skills include security protocols, data analysis, inventory management, and basic IT support. He has hands-on experience with surveillance systems, electronic wiring, and troubleshooting electronic equipment. Todd’s diverse background combines security, technical training, and operational expertise, making him a versatile candidate for technology or security roles.",White,Male,Todd,Walsh,Democratic,0,No
898,INFORMATION-TECHNOLOGY,"Tamika Washington is a bilingual (English/Spanish) administrative professional with extensive experience in office management, customer service, and healthcare support. She has held roles such as Administrative Manager, Administrative Assistant, Front Desk/Customer Service Representative, and Registrar. Her skills include report writing, human resources, bookkeeping, inventory management, and troubleshooting IT/telecom issues. She is proficient in MS Office and has healthcare skills like phlebotomy, EKG, and vital signs. Tamika holds a Medical Assistant certification from Sanford Brown Institute and is CPR certified. She is highly organized, self-directed, and capable of managing budgets, scheduling, and client relations.",African_American,Female,Tamika,Washington,Republican,0,No
899,INFORMATION-TECHNOLOGY,"Matthew Murray is an experienced Customer Service professional with over 10 years of expertise in assisting clients both over the phone and in person. His background includes roles in passenger assistance, travel documentation, and handling complex inquiries with discretion. He has strong skills in Microsoft Office, office equipment, documentation, mediation, and organization. His work history features positions as a Customer Service Agent (current), G2 Secure Staff, Recreation Assistant, Library Assistant, and Customer Service Representative. He holds an AA in Interdisciplinary Studies/Social and Behavioral Sciences and a high school diploma. Matthew is well-versed in managing customer needs, troubleshooting, and ensuring safety and quality standards.",White,Male,Matthew,Murray,Democratic,0,No
900,INFORMATION-TECHNOLOGY,"Jay O’Brien is a dependable and hardworking individual seeking an entry-level position that offers challenges and opportunities for growth. He has strong communication skills, works well both independently and in team settings, and is committed to self-improvement. His background includes leadership as a high school sports captain and multiple athletic honors. 

Experience highlights include assisting in aircraft maintenance, livestock handling, and general labor and maintenance work. He has completed HVAC training at New River Community College and holds certifications such as CDL Class A Learners, Pesticide Applicator, Boating Safety, and Hunter Safety. Jay is motivated, quick to learn, and trustworthy, making him a valuable candidate for various entry-level roles.",White,Male,Jay,O’Brien,Democratic,0,No
901,INFORMATION-TECHNOLOGY,"Tremayne Robinson is a dedicated professional with strong skills in communication, account management, conflict resolution, and customer service. He has extensive experience managing daily operations for private aircraft, ensuring seamless travel experiences, and resolving issues efficiently. Tremayne also has a background in sales, customer service, and front desk coordination, demonstrating excellent interpersonal and multitasking abilities. He holds a Bachelor of Applied Studies from Kent State University and is proficient in MS Office, logistics, negotiation, and project management. Known for being a self-starter and team player, he excels in building relationships and providing exceptional service.",African_American,Male,Tremayne,Robinson,Republican,0,No
902,INFORMATION-TECHNOLOGY,"Brendan Murray is a highly experienced IT and logistics professional with over 17 years of military and organizational expertise. His core strengths include network administration, system support, budget planning, and leadership. He has extensive experience managing large-scale IT infrastructure, including Windows, Linux, and Unix servers, fiber-optic cabling, and network hardware such as Cisco and Alcatel switches and routers. Brendan has supervised and trained teams of over 40 personnel, managed IT assets for thousands of users, and ensured compliance with Department of Defense information assurance standards. His logistical support roles involved force deployment planning, route management, and cost savings. He holds a Bachelor of Science in Information Technology from Columbia Southern University, is Yellow Belt trained in Continuous Process Improvement, and maintains an active Secret Clearance. Recognized with multiple military awards, Brendan demonstrates strong organizational, technical, and leadership skills suitable for roles in IT management, network administration, and logistics.",White,Male,Brendan,Murray,Democratic,0,Yes
903,INFORMATION-TECHNOLOGY,"Tamika Robinson is a highly organized human services graduate with extensive experience in budget management, administrative analysis, and financial recordkeeping, primarily within the Oklahoma National Guard. She has a proven track record of successfully passing inspections, restructuring financial records to meet standards, and managing large budgets (over $100 million). Her skills include budget forecasting, account reconciliation, research, policy analysis, and proficiency in Microsoft Office, SAP, AFCOS, and other financial systems. Tamika has held roles such as Management and Program Analyst, Budget Technician, and Budget Assistant, demonstrating expertise in financial operations, resource planning, and program analysis. She holds a Bachelor's degree with a 3.4 GPA and has completed specialized training in financial management, GFEBS (SAP), and aviation operations. She is a dedicated professional with strong analytical, communication, and leadership abilities, actively involved in national guard programs and affiliations.",African_American,Female,Tamika,Robinson,Democratic,0,No
904,INFORMATION-TECHNOLOGY,"Lakisha Williams is an experienced Operations and Supply Chain Manager with a strong background in procurement, inventory management, logistics, and process improvement. She holds a B.S. in Business Administration from the University of Maryland and a Lean Six Sigma Certification. Her career includes roles such as Supply Chain Manager, Materials Manager, and Contracts Supervisor, with notable achievements in reducing costs, increasing inventory turns, implementing lean principles, and managing multi-million dollar inventories and contracts. She has expertise in supplier negotiations, contract management, vendor performance, and cross-functional leadership. Fluent in Spanish, Lakisha is skilled in business process improvement, change management, and strategic planning, with a proven track record of driving continuous improvement and operational excellence in high-volume, global environments.",African_American,Female,Lakisha,Williams,Republican,0,No
905,INFORMATION-TECHNOLOGY,"Brendan Kelly is an experienced professional with over 17 years in airport operations safety, training, and management. He has extensive knowledge of federal regulations (FAR Part 139), accident investigation, and safety policy development. Brendan has a strong background in transportation and gas station management, with proven skills in planning, organizing, budgeting, and staff leadership. Notable achievements include implementing cost-saving online training programs, reducing runway incursions at Miami International Airport, and developing critical operational systems like tug numbering.

His career highlights include managing gas station and transportation operations, overseeing large teams, negotiating contracts, and increasing company revenue. Brendan has also served as a Safety & Training Coordinator, preparing training for over 15,000 airport employees, ensuring compliance with FAA regulations, and representing Miami International Airport in aviation safety initiatives across the Caribbean.

Educational credentials include a Bachelor's in Public Administration from Barry University and an Associate's in Business Administration from Miami Dade College. His skills encompass budget management, contracts, safety policies, training development, transportation logistics, and personnel management. Brendan is a dedicated, analytical problem solver with a strong track record of improving operational efficiency and safety compliance.",White,Male,Brendan,Kelly,Republican,0,No
906,INFORMATION-TECHNOLOGY,"Lakisha Washington is a dedicated Security Specialist with extensive experience in Personnel Security, Information Security, Physical Security, and Industrial Security, including deployment support for joint special operations. She holds certifications such as SAPPC and SFPC, and is cleared for Top Secret and Sensitive Compartmented Information. Her career includes over a decade of managing security programs within DoD and joint military environments, overseeing security clearances, conducting investigations, and ensuring compliance with federal regulations. She has supported international training exercises, managed security for SCIFs, and trained personnel on security policies. Lakisha holds a Master’s in Education and a Bachelor’s in Criminal Justice, with numerous specialized security training courses. She is a proactive leader experienced in coordinating security operations, investigations, and compliance, making her a strong candidate for security management roles.",African_American,Female,Lakisha,Washington,Republican,0,No
907,INFORMATION-TECHNOLOGY,"Darnell Robinson is an experienced aviation professional with a strong background in aircraft maintenance, repair, and continuous improvement. He holds an FAA Airframe and Powerplant (A&P) license and has extensive technical skills in fiber optics repair, aircraft systems troubleshooting, and airframe and powerplant maintenance. His education includes a BS in Aviation Business Administration with a minor in Safety from Embry-Riddle Aeronautical University, a Master Certificate in Six Sigma, and an AS in Aviation Maintenance.

His professional experience encompasses roles as an A&P Mechanic, Aircraft Technician, and Manager of Continuous Improvement, where he applies Six Sigma and Lean methodologies to optimize processes and reduce waste. He has led cross-functional teams, managed maintenance operations, and organized aircraft repairs, including flap modifications.

Military service as a Marine Corps Electronics Technician and Security Guard provided him with advanced skills in electronics troubleshooting, schematics, and security protocols. He is also certified as a Lean Six Sigma Black Belt and has additional certifications in FCC radio operations.

Fluent in Mandarin, Darnell combines technical expertise, leadership, and process improvement skills, making him a valuable candidate for roles in aviation maintenance, operations management, or process optimization within the aerospace industry.",African_American,Male,Darnell,Robinson,Democratic,0,No
908,INFORMATION-TECHNOLOGY,"Geoffrey Kelly is a dedicated professional with extensive experience in military service, education, and community support. He holds a Master of Education (M.Ed.) with honors and a Bachelor's in History and Philosophy, complemented by certifications in Principles of Learning and Teaching and Social Studies Content Knowledge. His military background includes leadership roles as an Infantry Specialist and Aviation Mechanist Mate, earning multiple medals and honors, and retiring honorably. 

Post-military, Geoffrey has worked in logistics, inventory management, and retail management, demonstrating strong organizational and supervisory skills. He is proficient in IT, database systems, and technical writing. His core strengths include effective communication, leadership, community engagement, and supporting underserved populations, including veterans and disabled individuals. 

He seeks a position as a Social Services Provider, leveraging his experience in community-based services, counseling, and occupational consulting to support individuals facing social and personal barriers.",White,Male,Geoffrey,Kelly,Republican,0,No
909,INFORMATION-TECHNOLOGY,"Hakim Williams is a highly motivated Logistics Manager with extensive experience in managing personnel, budgets, and logistics operations, particularly within military and aviation contexts. He has a proven track record of supervising large teams, overseeing equipment valued at over $16 million, and ensuring compliance with safety and regulatory standards. His expertise includes inventory control, maintenance management, data analysis, and strategic planning. Hakim has successfully led training initiatives, managed significant budgets, and improved maintenance efficiency while reducing costs. He holds a Bachelor’s and a Master’s degree in Business from the University of Phoenix, with additional coursework in management, operations, and public policy. Skilled in team leadership, negotiation, and operational efficiency, he is adept at working independently and achieving results in complex environments.",African_American,Male,Hakim,Williams,Democratic,0,No
910,INFORMATION-TECHNOLOGY,"Lakisha Williams is an experienced Account Executive with over 5 years of success in sales management, business development, and strategic negotiation. She has a proven track record of increasing revenue, including a 61.16% YOY growth and a $734K revenue expansion. Her expertise includes B2B strategic selling, territory management, market research, and client relationship building. Lakisha holds a B.S. in Business Management from Southern Illinois University and an MBA in Business Management from Strayer University. Her work history features roles in account management, operations, and logistics, demonstrating strong leadership, team development, and process improvement skills. She is growth-oriented, skilled in consultative sales, cold calling, and closing deals, making her a valuable candidate for sales and account management positions.",African_American,Female,Lakisha,Williams,Democratic,0,No
911,INFORMATION-TECHNOLOGY,"Brad Walsh is a results-driven Quality Specialist with extensive experience in quality control, assurance, lean management, Six Sigma, and process improvement across manufacturing and operational environments. He has a proven track record of increasing productivity (up to 25%), boosting customer satisfaction (100%), and managing multi-site operations. Brad excels in developing procedures, implementing systems, and leading continuous improvement initiatives. His background includes procurement, strategic sourcing, and client relationship management. He has held roles such as Production Excellence Specialist, Procurement and Operations Manager, and Internal Production Auditor, with experience in PCB manufacturing, jewelry, electronics, and military fuel operations. Brad is bilingual in English and Spanish, with additional conversational skills in Mandarin and German. He possesses strong skills in data analysis, KPI development, lean methodologies, and software tools including Microsoft Office, ERP systems, and CRM platforms. His education includes a B.S. in Information Systems Management from the University of Maryland University College.",White,Male,Brad,Walsh,Democratic,0,No
912,INFORMATION-TECHNOLOGY,"Anne Ryan is a highly experienced professional with over 25 years of expertise in technical support, project management, and system safety within the Department of Defense, particularly the U.S. Navy. She specializes in MIL-STD-882 system safety programs, environmental, safety, and occupational health (ESOH) policy, regulatory compliance, and DoD systems acquisition oversight. Anne holds a TOP SECRET clearance and is a certified Navy Principal for Safety.

Her background includes extensive technical writing, policy development, environmental planning, and hazard analysis for military systems and programs such as MIL-STD-882E, PESHE, NEPA compliance, and various Navy systems. She has contributed to safety standards revisions, hazard tracking, and risk assessments for naval vessels and systems, including the LPD 17 class and MRAP vehicles.

Anne has also led initiatives to integrate ESOH into acquisition processes, developed guidance and training modules for the DoD, and served as an expert reviewer and facilitator for safety and environmental policies. Her education includes a Master’s in Environmental Management and a Bachelor’s in History/Government. She is affiliated with INCOSE and NDIA and has published multiple articles on system safety and ESOH topics.

Key skills include system safety, environmental compliance, technical writing, project management, policy analysis, hazard analysis, and systems engineering support. She has a proven track record of managing complex projects, mentoring teams, and fostering strategic partnerships in defense and environmental sectors.",White,Female,Anne,Ryan,Democratic,0,No
913,INFORMATION-TECHNOLOGY,"Anne Murphy is an experienced manufacturing and production professional with a strong background in production supervision, quality control, process improvement, and engineering. She has over 20 years of leadership in production environments, including managing shift operations, coordinating manpower, and implementing corrective actions to enhance efficiency and product quality. Her technical expertise includes value stream mapping, process troubleshooting, test equipment calibration, and blueprint reading. Anne also has a background in engineering lab management, aircraft maintenance, and machining, demonstrating versatility and technical proficiency. She holds a high school diploma and attended John Wood Community College, with additional military experience in the US Navy, where she earned security clearance and received awards for excellence. She is adaptable, self-motivated, and committed to continuous improvement, seeking growth opportunities within a dynamic organization.",White,Female,Anne,Murphy,Democratic,0,No
914,INFORMATION-TECHNOLOGY,"Kristen Walsh is an experienced warehouse professional with over 10 years of expertise in forklift operation, shipping, receiving, inventory management, and safety procedures. She has a strong background in material handling, order fulfillment, and maintaining organized, safe work environments. Kristen is skilled in operating forklifts and other warehouse equipment, managing stock records, and ensuring compliance with safety standards. She has held roles in warehouse supervision, shipping and receiving, and customer service, demonstrating leadership, problem-solving, and multitasking abilities. Her accomplishments include perfect attendance, efficient cargo loading, and accurate inventory control. Kristen holds a high school diploma, has experience in pest control, and a background in aviation ordnance safety. She is a reliable, safety-conscious worker with excellent communication skills, a valid LA driver’s license, and the ability to lift up to 100 pounds.",White,Female,Kristen,Walsh,Democratic,0,No
915,INFORMATION-TECHNOLOGY,"Brett Ryan is a highly experienced professional with a strong military background and expertise in IT, maintenance, and project management. He holds a Bachelor of Science in Information System Security and is pursuing additional certifications in network security. His technical skills include Windows Server 2008 administration, Active Directory, network protocols, troubleshooting, and virtualization. 

His military career spans roles such as Wheeled Vehicle Mechanic, Aircraft Maintenance Technician, and Tool Petty Officer, with extensive experience managing large inventories, supervising teams, and ensuring compliance with safety standards (OSHA, NAVOSH). He has supervised maintenance of high-value assets, including over 125 vehicles and 60 aircraft, and has deployed operationally in Iraq and aboard naval ships.

Brett holds an active DoD Secret Security Clearance and has received multiple commendations, including the Meritorious Unit Commendation and medals for service in Iraq and the Global War on Terrorism. His skills include leadership, training, logistics, and technical troubleshooting, making him a versatile candidate for roles in IT, maintenance, or military operations.",White,Male,Brett,Ryan,Democratic,0,Yes
916,INFORMATION-TECHNOLOGY,"Todd Murphy is a highly motivated logistics and military operations professional with extensive experience managing inventory, transportation, and mail services. He has a proven track record of handling over $100 million in military munitions with zero errors and managing large-scale mail facilities for thousands of personnel. Todd holds a current Secret Clearance and demonstrates strong leadership, conflict resolution, and communication skills. His accomplishments include maintaining perfect operational records, earning multiple commendations, and leading teams effectively. He has diverse experience in military logistics, ammunition handling, and customer service, complemented by an associate degree in pre-engineering. Todd is adaptable, detail-oriented, and committed to continuous learning, making him a valuable candidate for roles requiring logistics expertise, team leadership, and operational excellence.",White,Male,Todd,Murphy,Republican,0,No
917,INFORMATION-TECHNOLOGY,"Brad Walsh is a highly experienced leader with a strong background in government relations, communications, organizational development, and program management. He has over 20 years of leadership experience across transportation, public agency, and community outreach sectors. Brad excels in building strategic partnerships, leading cross-functional teams, and implementing continuous improvement initiatives. His expertise includes government relations, public communication, budget management, and stakeholder engagement. He has managed large budgets (up to $3.125 billion), led complex projects such as transit and infrastructure development, and mentored staff into leadership roles. Brad holds a BS in Flight Technology from Central Washington University and has completed an Executive Management Program at the University of Washington. His skills encompass negotiation, strategic planning, performance management, and proficiency with various software tools. Additionally, he is active in community support, founding a youth literacy nonprofit and participating in local campaigns.",White,Male,Brad,Walsh,Democratic,0,No
918,INFORMATION-TECHNOLOGY,"Kareem Robinson is a dedicated support specialist with experience in technical support, customer service, computer repair, and military maintenance. He holds a B.S. in Computer & Information Technology from Purdue University. Kareem has hands-on skills in Windows, Mac, iOS, and Android support, hardware/software maintenance, malware removal, user training, and problem-solving. His professional background includes working as a Geek Squad Agent, providing in-person and remote technical support, hardware/software installation, and PC refurbishment. He also has experience in logistics, shipping, and military aircraft maintenance. Kareem is team-oriented, eager to learn, and capable of working independently, with strong skills in Active Directory, inventory management, troubleshooting, and customer service.",African_American,Male,Kareem,Robinson,Republican,0,Yes
919,INFORMATION-TECHNOLOGY,"Brendan Murphy is a highly personable and tech-savvy professional with over 9 years of experience in administrative and customer service roles, including 5 years in non-profit organizations. He has a strong background in program management, donor relations, event coordination, and community outreach, with expertise in fundraising, marketing, and social media. Brendan has served as Program Director and Office Manager for a non-profit supporting gynecological cancer survivors, where he facilitated support groups, managed donor data using Sage Fundraising 50, and coordinated community programs. His experience also includes executive support, interior design for private jets, and customer service roles such as flight attendant and guest services representative. He holds a Bachelor’s degree in Psychology from the University of Louisville and is actively involved in volunteer work and professional organizations. Brendan is proficient in Microsoft Office Suite, Adobe Pro, and various operating systems, with additional skills in fundraising, marketing, and event planning.",White,Male,Brendan,Murphy,Republican,0,No
920,INFORMATION-TECHNOLOGY,"Kenya Jackson is a dedicated professional with over 10 years of experience in procurement, inventory management, customer service, and warehouse supervision. She has a strong background in processing purchase orders, vendor relations, and inventory control, utilizing systems like PeopleSoft and Excel to optimize operations and reduce costs. Her work history includes roles as a Warehouse Floor Supervisor, CSR, and Shipping Coordinator, with notable achievements in cost savings and process improvements. Kenya also has military experience as an Aviation Structural Mechanic in the Navy, with leadership and technical skills in aircraft systems. She holds a Bachelor's degree in Business Management from Grand Canyon University, an Associate Degree from the National Education Center, and various certifications including forklift safety, AutoCAD, and electro-mechanical systems repair. Her skills encompass customer service, inventory management, mechanical repair, AutoCAD, and team supervision, making her a versatile candidate for roles in logistics, procurement, or operations management.",African_American,Female,Kenya,Jackson,Democratic,0,No
